//! Embedded icon data
//! Generated from PNG files in system/icons/

pub const GLOBE_ICON_WIDTH: u32 = 64;
pub const GLOBE_ICON_HEIGHT: u32 = 64;
#[allow(dead_code)]
pub const GLOBE_ICON_DATA: &[u8] = &[
    0x00, 0x00, 0x00, 0x00, 0x00, 0x00, 0x00, 0x00, 0x00, 0x00, 0x00, 0x00, 0x00, 0x00, 0x00, 0x00, 0x00, 0x00, 0x00, 0x00, 0x00, 0x00, 0x00, 0x00, 0x00, 0x00, 0x00, 0x00, 0x00, 0x00, 0x00, 0x00, 
    0x00, 0x00, 0x00, 0x00, 0x00, 0x00, 0x00, 0x00, 0x00, 0x00, 0x00, 0x00, 0x00, 0x00, 0x00, 0x00, 0x00, 0x00, 0x00, 0x00, 0x00, 0x00, 0x00, 0x00, 0x00, 0x00, 0x00, 0x00, 0x00, 0x00, 0x00, 0x00, 
    0x00, 0x00, 0x00, 0x00, 0x00, 0x00, 0x00, 0x00, 0x00, 0x00, 0x00, 0x00, 0x00, 0x00, 0x00, 0x00, 0x00, 0x00, 0x00, 0x00, 0x00, 0x00, 0x00, 0x00, 0x00, 0x00, 0x00, 0x00, 0x00, 0x00, 0x00, 0x00, 
    0x00, 0x00, 0x00, 0x00, 0x00, 0x00, 0x00, 0x00, 0x00, 0x00, 0x00, 0x00, 0x00, 0x00, 0x00, 0x00, 0x00, 0x00, 0x00, 0x00, 0x00, 0x00, 0x00, 0x00, 0x00, 0x00, 0x00, 0x00, 0x00, 0x00, 0x00, 0x00, 
    0x00, 0x00, 0x00, 0x00, 0x00, 0x00, 0x00, 0x00, 0x00, 0x00, 0x00, 0x00, 0x00, 0x00, 0x00, 0x00, 0x00, 0x00, 0x00, 0x00, 0x00, 0x00, 0x00, 0x00, 0x00, 0x00, 0x00, 0x00, 0x00, 0x00, 0x00, 0x00, 
    0x00, 0x00, 0x00, 0x00, 0x00, 0x00, 0x00, 0x00, 0x00, 0x00, 0x00, 0x00, 0x00, 0x00, 0x00, 0x00, 0x00, 0x00, 0x00, 0x00, 0x00, 0x00, 0x00, 0x00, 0x00, 0x00, 0x00, 0x00, 0x00, 0x00, 0x00, 0x00, 
    0x00, 0x00, 0x00, 0x00, 0x00, 0x00, 0x00, 0x00, 0x00, 0x00, 0x00, 0x00, 0x00, 0x00, 0x00, 0x00, 0x00, 0x00, 0x00, 0x00, 0x00, 0x00, 0x00, 0x00, 0x00, 0x00, 0x00, 0x00, 0x00, 0x00, 0x00, 0x00, 
    0x00, 0x00, 0x00, 0x00, 0x00, 0x00, 0x00, 0x00, 0x00, 0x00, 0x00, 0x00, 0x00, 0x00, 0x00, 0x00, 0x00, 0x00, 0x00, 0x00, 0x00, 0x00, 0x00, 0x00, 0x00, 0x00, 0x00, 0x00, 0x00, 0x00, 0x00, 0x00, 
    0x00, 0x00, 0x00, 0x00, 0x00, 0x00, 0x00, 0x00, 0x00, 0x00, 0x00, 0x00, 0x00, 0x00, 0x00, 0x00, 0x00, 0x00, 0x00, 0x00, 0x00, 0x00, 0x00, 0x00, 0x00, 0x00, 0x00, 0x00, 0x00, 0x00, 0x00, 0x00, 
    0x00, 0x00, 0x00, 0x00, 0x00, 0x00, 0x00, 0x00, 0x00, 0x00, 0x00, 0x00, 0x00, 0x00, 0x00, 0x00, 0x00, 0x00, 0x00, 0x00, 0x00, 0x00, 0x00, 0x00, 0x00, 0x00, 0x00, 0x00, 0x00, 0x00, 0x00, 0x00, 
    0x00, 0x00, 0x00, 0x00, 0x00, 0x00, 0x00, 0x00, 0x00, 0x00, 0x00, 0x00, 0x00, 0x00, 0x00, 0x00, 0x00, 0x00, 0x00, 0x00, 0x00, 0x00, 0x00, 0x00, 0x00, 0x00, 0x00, 0x00, 0x00, 0x00, 0x00, 0x00, 
    0x00, 0x00, 0x00, 0x00, 0x00, 0x00, 0x00, 0x00, 0x00, 0x00, 0x00, 0x00, 0x00, 0x00, 0x00, 0x00, 0x00, 0x00, 0x00, 0x00, 0x00, 0x00, 0x00, 0x00, 0x00, 0x00, 0x00, 0x00, 0x00, 0x00, 0x00, 0x00, 
    0x00, 0x00, 0x00, 0x00, 0x00, 0x00, 0x00, 0x00, 0x00, 0x00, 0x00, 0x00, 0x00, 0x00, 0x00, 0x00, 0x00, 0x00, 0x00, 0x00, 0x00, 0x00, 0x00, 0x00, 0x00, 0x00, 0x00, 0x00, 0x00, 0x00, 0x00, 0x00, 
    0x00, 0x00, 0x00, 0x00, 0x00, 0x00, 0x00, 0x00, 0x00, 0x00, 0x00, 0x00, 0x00, 0x00, 0x00, 0x00, 0x00, 0x00, 0x00, 0x00, 0x00, 0x00, 0x00, 0x00, 0x00, 0x00, 0x00, 0x00, 0x00, 0x00, 0x00, 0x00, 
    0x00, 0x00, 0x00, 0x00, 0x00, 0x00, 0x00, 0x00, 0x00, 0x00, 0x00, 0x00, 0x00, 0x00, 0x00, 0x00, 0x00, 0x00, 0x00, 0x00, 0x00, 0x00, 0x00, 0x00, 0x00, 0x00, 0x00, 0x00, 0x00, 0x00, 0x00, 0x00, 
    0x00, 0x00, 0x00, 0x00, 0x00, 0x00, 0x00, 0x00, 0x00, 0x00, 0x00, 0x00, 0x00, 0x00, 0x00, 0x00, 0x00, 0x00, 0x00, 0x00, 0x00, 0x00, 0x00, 0x00, 0x00, 0x00, 0x00, 0x00, 0x00, 0x00, 0x00, 0x00, 
    0x00, 0x00, 0x00, 0x00, 0x00, 0x00, 0x00, 0x00, 0x00, 0x00, 0x00, 0x00, 0x00, 0x00, 0x00, 0x00, 0x00, 0x00, 0x00, 0x00, 0x00, 0x00, 0x00, 0x00, 0x00, 0x00, 0x00, 0x00, 0x00, 0x00, 0x00, 0x00, 
    0x00, 0x00, 0x00, 0x00, 0x00, 0x00, 0x00, 0x00, 0x00, 0x00, 0x00, 0x00, 0x00, 0x00, 0x00, 0x00, 0x00, 0x00, 0x00, 0x00, 0x00, 0x00, 0x00, 0x00, 0x00, 0x00, 0x00, 0x00, 0x00, 0x00, 0x00, 0x00, 
    0x00, 0x00, 0x00, 0x00, 0x00, 0x00, 0x00, 0x00, 0x00, 0x00, 0x00, 0x00, 0x00, 0x00, 0x00, 0x00, 0x00, 0x00, 0x00, 0x00, 0x00, 0x00, 0x00, 0x00, 0x00, 0x00, 0x00, 0x00, 0x00, 0x00, 0x00, 0x00, 
    0x00, 0x00, 0x00, 0x00, 0x00, 0x00, 0x00, 0x00, 0x00, 0x00, 0x00, 0x00, 0x00, 0x00, 0x00, 0x00, 0x00, 0x00, 0x00, 0x00, 0x00, 0x00, 0x00, 0x00, 0x00, 0x00, 0x00, 0x00, 0x00, 0x00, 0x00, 0x00, 
    0x00, 0x00, 0x00, 0x00, 0x00, 0x00, 0x00, 0x00, 0x00, 0x00, 0x00, 0x00, 0x00, 0x00, 0x00, 0x00, 0x00, 0x00, 0x00, 0x00, 0x00, 0x00, 0x00, 0x00, 0x00, 0x00, 0x00, 0x00, 0x00, 0x00, 0x00, 0x00, 
    0x00, 0x00, 0x00, 0x00, 0x00, 0x00, 0x00, 0x00, 0x00, 0x00, 0x00, 0x00, 0x00, 0x00, 0x00, 0x00, 0x00, 0x00, 0x00, 0x00, 0x00, 0x00, 0x00, 0x00, 0x00, 0x00, 0x00, 0x00, 0x00, 0x00, 0x00, 0x00, 
    0x00, 0x00, 0x00, 0x00, 0x00, 0x00, 0x00, 0x00, 0x00, 0x00, 0x00, 0x00, 0x00, 0x00, 0x00, 0x00, 0x00, 0x00, 0x00, 0x00, 0x00, 0x00, 0x00, 0x00, 0x00, 0x00, 0x00, 0x00, 0x00, 0x00, 0x00, 0x00, 
    0x00, 0x00, 0x00, 0x00, 0x00, 0x00, 0x00, 0x00, 0x00, 0x00, 0x00, 0x00, 0x00, 0x00, 0x00, 0x00, 0x00, 0x00, 0x00, 0x00, 0x00, 0x00, 0x00, 0x00, 0x00, 0x00, 0x00, 0x00, 0x00, 0x00, 0x00, 0x00, 
    0x00, 0x00, 0x00, 0x00, 0x00, 0x00, 0x00, 0x00, 0x00, 0x00, 0x00, 0x00, 0x00, 0x00, 0x00, 0x00, 0x00, 0x00, 0x00, 0x00, 0x00, 0x00, 0x00, 0x00, 0x00, 0x00, 0x00, 0x00, 0x00, 0x00, 0x00, 0x00, 
    0x00, 0x00, 0x00, 0x00, 0x00, 0x00, 0x00, 0x00, 0x00, 0x00, 0x00, 0x00, 0x00, 0x00, 0x00, 0x00, 0x00, 0x00, 0x00, 0x00, 0x00, 0x00, 0x00, 0x00, 0x00, 0x00, 0x00, 0x00, 0x00, 0x00, 0x00, 0x00, 
    0x00, 0x00, 0x00, 0x00, 0x00, 0x00, 0x00, 0x00, 0x00, 0x00, 0x00, 0x00, 0x00, 0x00, 0x00, 0x00, 0x00, 0x00, 0x00, 0x00, 0x00, 0x00, 0x00, 0x00, 0x00, 0x00, 0x00, 0x00, 0x00, 0x00, 0x00, 0x00, 
    0x00, 0x00, 0x00, 0x00, 0x00, 0x00, 0x00, 0x00, 0x00, 0x00, 0x00, 0x00, 0xff, 0xff, 0xff, 0x64, 0xff, 0xff, 0xff, 0x64, 0xff, 0xff, 0xff, 0x64, 0xff, 0xff, 0xff, 0x64, 0xff, 0xff, 0xff, 0x64, 
    0xff, 0xff, 0xff, 0x64, 0xff, 0xff, 0xff, 0x64, 0xff, 0xff, 0xff, 0x64, 0xff, 0xff, 0xff, 0x64, 0xff, 0xff, 0xff, 0x64, 0xff, 0xff, 0xff, 0x64, 0x00, 0x00, 0x00, 0x00, 0x00, 0x00, 0x00, 0x00, 
    0x00, 0x00, 0x00, 0x00, 0x00, 0x00, 0x00, 0x00, 0x00, 0x00, 0x00, 0x00, 0x00, 0x00, 0x00, 0x00, 0x00, 0x00, 0x00, 0x00, 0x00, 0x00, 0x00, 0x00, 0x00, 0x00, 0x00, 0x00, 0x00, 0x00, 0x00, 0x00, 
    0x00, 0x00, 0x00, 0x00, 0x00, 0x00, 0x00, 0x00, 0x00, 0x00, 0x00, 0x00, 0x00, 0x00, 0x00, 0x00, 0x00, 0x00, 0x00, 0x00, 0x00, 0x00, 0x00, 0x00, 0x00, 0x00, 0x00, 0x00, 0x00, 0x00, 0x00, 0x00, 
    0x00, 0x00, 0x00, 0x00, 0x00, 0x00, 0x00, 0x00, 0x00, 0x00, 0x00, 0x00, 0x00, 0x00, 0x00, 0x00, 0x00, 0x00, 0x00, 0x00, 0x00, 0x00, 0x00, 0x00, 0x00, 0x00, 0x00, 0x00, 0x00, 0x00, 0x00, 0x00, 
    0x00, 0x00, 0x00, 0x00, 0x00, 0x00, 0x00, 0x00, 0x00, 0x00, 0x00, 0x00, 0x00, 0x00, 0x00, 0x00, 0x00, 0x00, 0x00, 0x00, 0x00, 0x00, 0x00, 0x00, 0x00, 0x00, 0x00, 0x00, 0x00, 0x00, 0x00, 0x00, 
    0x00, 0x00, 0x00, 0x00, 0x00, 0x00, 0x00, 0x00, 0x00, 0x00, 0x00, 0x00, 0x00, 0x00, 0x00, 0x00, 0x00, 0x00, 0x00, 0x00, 0x00, 0x00, 0x00, 0x00, 0x00, 0x00, 0x00, 0x00, 0x00, 0x00, 0x00, 0x00, 
    0x00, 0x00, 0x00, 0x00, 0x00, 0x00, 0x00, 0x00, 0xff, 0xff, 0xff, 0xb4, 0xff, 0xff, 0xff, 0xb4, 0xff, 0xff, 0xff, 0xb4, 0x00, 0x00, 0x00, 0x00, 0x00, 0x00, 0x00, 0x00, 0xff, 0xff, 0xff, 0x64, 
    0xff, 0xff, 0xff, 0x64, 0xff, 0xff, 0xff, 0x64, 0xff, 0xff, 0xff, 0x64, 0x0a, 0x28, 0x64, 0xff, 0x0a, 0x28, 0x64, 0xff, 0x0a, 0x28, 0x64, 0xff, 0x0a, 0x28, 0x64, 0xff, 0x0a, 0x28, 0x64, 0xff, 
    0x0a, 0x28, 0x64, 0xff, 0x0a, 0x28, 0x64, 0xff, 0x0a, 0x28, 0x64, 0xff, 0x0a, 0x28, 0x64, 0xff, 0x0a, 0x28, 0x64, 0xff, 0x0a, 0x28, 0x64, 0xff, 0xff, 0xff, 0xff, 0x64, 0xff, 0xff, 0xff, 0x64, 
    0xff, 0xff, 0xff, 0x64, 0xff, 0xff, 0xff, 0x64, 0x00, 0x00, 0x00, 0x00, 0x00, 0x00, 0x00, 0x00, 0xff, 0xff, 0xff, 0xb4, 0xff, 0xff, 0xff, 0xb4, 0xff, 0xff, 0xff, 0xb4, 0x00, 0x00, 0x00, 0x00, 
    0x00, 0x00, 0x00, 0x00, 0x00, 0x00, 0x00, 0x00, 0x00, 0x00, 0x00, 0x00, 0x00, 0x00, 0x00, 0x00, 0x00, 0x00, 0x00, 0x00, 0x00, 0x00, 0x00, 0x00, 0x00, 0x00, 0x00, 0x00, 0x00, 0x00, 0x00, 0x00, 
    0x00, 0x00, 0x00, 0x00, 0x00, 0x00, 0x00, 0x00, 0x00, 0x00, 0x00, 0x00, 0x00, 0x00, 0x00, 0x00, 0x00, 0x00, 0x00, 0x00, 0x00, 0x00, 0x00, 0x00, 0x00, 0x00, 0x00, 0x00, 0x00, 0x00, 0x00, 0x00, 
    0x00, 0x00, 0x00, 0x00, 0x00, 0x00, 0x00, 0x00, 0x00, 0x00, 0x00, 0x00, 0x00, 0x00, 0x00, 0x00, 0x00, 0x00, 0x00, 0x00, 0x00, 0x00, 0x00, 0x00, 0x00, 0x00, 0x00, 0x00, 0x00, 0x00, 0x00, 0x00, 
    0x00, 0x00, 0x00, 0x00, 0x00, 0x00, 0x00, 0x00, 0x00, 0x00, 0x00, 0x00, 0x00, 0x00, 0x00, 0x00, 0x00, 0x00, 0x00, 0x00, 0x00, 0x00, 0x00, 0x00, 0x00, 0x00, 0x00, 0x00, 0x00, 0x00, 0x00, 0x00, 
    0x00, 0x00, 0x00, 0x00, 0xff, 0xff, 0xff, 0xb4, 0x00, 0x00, 0x00, 0x00, 0x00, 0x00, 0x00, 0x00, 0x00, 0x00, 0x00, 0x00, 0xff, 0xff, 0xff, 0x64, 0xff, 0xff, 0xff, 0x64, 0x0a, 0x28, 0x64, 0xff, 
    0x0a, 0x28, 0x64, 0xff, 0x0a, 0x28, 0x64, 0xff, 0x0a, 0x28, 0x64, 0xff, 0x0a, 0x28, 0x64, 0xff, 0x0a, 0x28, 0x64, 0xff, 0x0a, 0x28, 0x64, 0xff, 0x0a, 0x28, 0x64, 0xff, 0x0a, 0x28, 0x64, 0xff, 
    0x0a, 0x28, 0x64, 0xff, 0x0a, 0x28, 0x64, 0xff, 0x0a, 0x28, 0x64, 0xff, 0x0a, 0x28, 0x64, 0xff, 0x0a, 0x28, 0x64, 0xff, 0x0a, 0x28, 0x64, 0xff, 0x0a, 0x28, 0x64, 0xff, 0x0a, 0x28, 0x64, 0xff, 
    0x0a, 0x28, 0x64, 0xff, 0x0a, 0x28, 0x64, 0xff, 0xff, 0xff, 0xff, 0x64, 0xff, 0xff, 0xff, 0x64, 0x00, 0x00, 0x00, 0x00, 0x00, 0x00, 0x00, 0x00, 0x00, 0x00, 0x00, 0x00, 0xff, 0xff, 0xff, 0xb4, 
    0x00, 0x00, 0x00, 0x00, 0x00, 0x00, 0x00, 0x00, 0x00, 0x00, 0x00, 0x00, 0x00, 0x00, 0x00, 0x00, 0x00, 0x00, 0x00, 0x00, 0x00, 0x00, 0x00, 0x00, 0x00, 0x00, 0x00, 0x00, 0x00, 0x00, 0x00, 0x00, 
    0x00, 0x00, 0x00, 0x00, 0x00, 0x00, 0x00, 0x00, 0x00, 0x00, 0x00, 0x00, 0x00, 0x00, 0x00, 0x00, 0x00, 0x00, 0x00, 0x00, 0x00, 0x00, 0x00, 0x00, 0x00, 0x00, 0x00, 0x00, 0x00, 0x00, 0x00, 0x00, 
    0x00, 0x00, 0x00, 0x00, 0x00, 0x00, 0x00, 0x00, 0x00, 0x00, 0x00, 0x00, 0x00, 0x00, 0x00, 0x00, 0x00, 0x00, 0x00, 0x00, 0x00, 0x00, 0x00, 0x00, 0x00, 0x00, 0x00, 0x00, 0x00, 0x00, 0x00, 0x00, 
    0x00, 0x00, 0x00, 0x00, 0x00, 0x00, 0x00, 0x00, 0x00, 0x00, 0x00, 0x00, 0x00, 0x00, 0x00, 0x00, 0x00, 0x00, 0x00, 0x00, 0x00, 0x00, 0x00, 0x00, 0x00, 0x00, 0x00, 0x00, 0x00, 0x00, 0x00, 0x00, 
    0xff, 0xff, 0xff, 0xb4, 0x00, 0x00, 0x00, 0x00, 0x00, 0x00, 0x00, 0x00, 0xff, 0xff, 0xff, 0x64, 0xff, 0xff, 0xff, 0x64, 0x0a, 0x28, 0x64, 0xff, 0x0a, 0x28, 0x64, 0xff, 0x0a, 0x28, 0x64, 0xff, 
    0x0a, 0x28, 0x64, 0xff, 0x0a, 0x28, 0x64, 0xff, 0x0a, 0x28, 0x64, 0xff, 0x14, 0x3e, 0x98, 0xff, 0x14, 0x3e, 0x99, 0xff, 0xff, 0xff, 0xff, 0xb4, 0x14, 0x3e, 0x99, 0xff, 0x14, 0x3e, 0x99, 0xff, 
    0x14, 0x3e, 0x99, 0xff, 0x14, 0x3e, 0x99, 0xff, 0x14, 0x3e, 0x99, 0xff, 0xff, 0xff, 0xff, 0xb4, 0x14, 0x3e, 0x99, 0xff, 0x14, 0x3e, 0x98, 0xff, 0x0a, 0x28, 0x64, 0xff, 0x0a, 0x28, 0x64, 0xff, 
    0x0a, 0x28, 0x64, 0xff, 0x0a, 0x28, 0x64, 0xff, 0x0a, 0x28, 0x64, 0xff, 0x0a, 0x28, 0x64, 0xff, 0xff, 0xff, 0xff, 0x64, 0xff, 0xff, 0xff, 0x64, 0x00, 0x00, 0x00, 0x00, 0x00, 0x00, 0x00, 0x00, 
    0xff, 0xff, 0xff, 0xb4, 0x00, 0x00, 0x00, 0x00, 0x00, 0x00, 0x00, 0x00, 0x00, 0x00, 0x00, 0x00, 0x00, 0x00, 0x00, 0x00, 0x00, 0x00, 0x00, 0x00, 0x00, 0x00, 0x00, 0x00, 0x00, 0x00, 0x00, 0x00, 
    0x00, 0x00, 0x00, 0x00, 0x00, 0x00, 0x00, 0x00, 0x00, 0x00, 0x00, 0x00, 0x00, 0x00, 0x00, 0x00, 0x00, 0x00, 0x00, 0x00, 0x00, 0x00, 0x00, 0x00, 0x00, 0x00, 0x00, 0x00, 0x00, 0x00, 0x00, 0x00, 
    0x00, 0x00, 0x00, 0x00, 0x00, 0x00, 0x00, 0x00, 0x00, 0x00, 0x00, 0x00, 0x00, 0x00, 0x00, 0x00, 0x00, 0x00, 0x00, 0x00, 0x00, 0x00, 0x00, 0x00, 0x00, 0x00, 0x00, 0x00, 0x00, 0x00, 0x00, 0x00, 
    0x00, 0x00, 0x00, 0x00, 0x00, 0x00, 0x00, 0x00, 0x00, 0x00, 0x00, 0x00, 0x00, 0x00, 0x00, 0x00, 0x00, 0x00, 0x00, 0x00, 0x00, 0x00, 0x00, 0x00, 0x00, 0x00, 0x00, 0x00, 0xff, 0xff, 0xff, 0xb4, 
    0x00, 0x00, 0x00, 0x00, 0xff, 0xff, 0xff, 0x64, 0xff, 0xff, 0xff, 0x64, 0x0a, 0x28, 0x64, 0xff, 0x0a, 0x28, 0x64, 0xff, 0x0a, 0x28, 0x64, 0xff, 0x0a, 0x28, 0x64, 0xff, 0x0a, 0x28, 0x64, 0xff, 
    0x14, 0x3e, 0x99, 0xff, 0x14, 0x3e, 0x99, 0xff, 0x14, 0x3f, 0x9a, 0xff, 0x14, 0x3f, 0x9a, 0xff, 0xff, 0xff, 0xff, 0xb4, 0x15, 0x40, 0x9b, 0xff, 0x15, 0x40, 0x9b, 0xff, 0x15, 0x40, 0x9b, 0xff, 
    0x15, 0x40, 0x9b, 0xff, 0x15, 0x40, 0x9b, 0xff, 0x15, 0x40, 0x9b, 0xff, 0x15, 0x40, 0x9b, 0xff, 0xff, 0xff, 0xff, 0xb4, 0x14, 0x3f, 0x9a, 0xff, 0x14, 0x3f, 0x9a, 0xff, 0x14, 0x3e, 0x99, 0xff, 
    0x14, 0x3e, 0x99, 0xff, 0x0a, 0x28, 0x64, 0xff, 0x0a, 0x28, 0x64, 0xff, 0x0a, 0x28, 0x64, 0xff, 0x0a, 0x28, 0x64, 0xff, 0x0a, 0x28, 0x64, 0xff, 0xff, 0xff, 0xff, 0x64, 0xff, 0xff, 0xff, 0x64, 
    0x00, 0x00, 0x00, 0x00, 0xff, 0xff, 0xff, 0xb4, 0x00, 0x00, 0x00, 0x00, 0x00, 0x00, 0x00, 0x00, 0x00, 0x00, 0x00, 0x00, 0x00, 0x00, 0x00, 0x00, 0x00, 0x00, 0x00, 0x00, 0x00, 0x00, 0x00, 0x00, 
    0x00, 0x00, 0x00, 0x00, 0x00, 0x00, 0x00, 0x00, 0x00, 0x00, 0x00, 0x00, 0x00, 0x00, 0x00, 0x00, 0x00, 0x00, 0x00, 0x00, 0x00, 0x00, 0x00, 0x00, 0x00, 0x00, 0x00, 0x00, 0x00, 0x00, 0x00, 0x00, 
    0x00, 0x00, 0x00, 0x00, 0x00, 0x00, 0x00, 0x00, 0x00, 0x00, 0x00, 0x00, 0x00, 0x00, 0x00, 0x00, 0x00, 0x00, 0x00, 0x00, 0x00, 0x00, 0x00, 0x00, 0x00, 0x00, 0x00, 0x00, 0x00, 0x00, 0x00, 0x00, 
    0x00, 0x00, 0x00, 0x00, 0x00, 0x00, 0x00, 0x00, 0x00, 0x00, 0x00, 0x00, 0x00, 0x00, 0x00, 0x00, 0x00, 0x00, 0x00, 0x00, 0x00, 0x00, 0x00, 0x00, 0x00, 0x00, 0x00, 0x00, 0xff, 0xff, 0xff, 0xb4, 
    0xff, 0xff, 0xff, 0x64, 0x0a, 0x28, 0x64, 0xff, 0x0a, 0x28, 0x64, 0xff, 0x0a, 0x28, 0x64, 0xff, 0x0a, 0x28, 0x64, 0xff, 0x14, 0x3e, 0x98, 0xff, 0x14, 0x3e, 0x99, 0xff, 0xff, 0xff, 0xff, 0xb4, 
    0x14, 0x3f, 0x9a, 0xff, 0x15, 0x40, 0x9b, 0xff, 0x15, 0x40, 0x9b, 0xff, 0x15, 0x40, 0x9c, 0xff, 0xff, 0xff, 0xff, 0xb4, 0x15, 0x41, 0x9c, 0xff, 0x15, 0x41, 0x9c, 0xff, 0x15, 0x41, 0x9d, 0xff, 
    0x15, 0x41, 0x9d, 0xff, 0x15, 0x41, 0x9d, 0xff, 0x15, 0x41, 0x9c, 0xff, 0x15, 0x41, 0x9c, 0xff, 0xff, 0xff, 0xff, 0xb4, 0x15, 0x40, 0x9c, 0xff, 0x15, 0x40, 0x9b, 0xff, 0x15, 0x40, 0x9b, 0xff, 
    0x14, 0x3f, 0x9a, 0xff, 0xff, 0xff, 0xff, 0xb4, 0x14, 0x3e, 0x99, 0xff, 0x14, 0x3e, 0x98, 0xff, 0x0a, 0x28, 0x64, 0xff, 0x0a, 0x28, 0x64, 0xff, 0x0a, 0x28, 0x64, 0xff, 0x0a, 0x28, 0x64, 0xff, 
    0xff, 0xff, 0xff, 0x64, 0xff, 0xff, 0xff, 0xb4, 0x00, 0x00, 0x00, 0x00, 0x00, 0x00, 0x00, 0x00, 0x00, 0x00, 0x00, 0x00, 0x00, 0x00, 0x00, 0x00, 0x00, 0x00, 0x00, 0x00, 0x00, 0x00, 0x00, 0x00, 
    0x00, 0x00, 0x00, 0x00, 0x00, 0x00, 0x00, 0x00, 0x00, 0x00, 0x00, 0x00, 0x00, 0x00, 0x00, 0x00, 0x00, 0x00, 0x00, 0x00, 0x00, 0x00, 0x00, 0x00, 0x00, 0x00, 0x00, 0x00, 0x00, 0x00, 0x00, 0x00, 
    0x00, 0x00, 0x00, 0x00, 0x00, 0x00, 0x00, 0x00, 0x00, 0x00, 0x00, 0x00, 0x00, 0x00, 0x00, 0x00, 0x00, 0x00, 0x00, 0x00, 0x00, 0x00, 0x00, 0x00, 0x00, 0x00, 0x00, 0x00, 0x00, 0x00, 0x00, 0x00, 
    0x00, 0x00, 0x00, 0x00, 0x00, 0x00, 0x00, 0x00, 0x00, 0x00, 0x00, 0x00, 0x00, 0x00, 0x00, 0x00, 0xff, 0xff, 0xff, 0x50, 0xff, 0xff, 0xff, 0x50, 0xff, 0xff, 0xff, 0x50, 0xff, 0xff, 0xff, 0x50, 
    0xff, 0xff, 0xff, 0x50, 0x0a, 0x28, 0x64, 0xff, 0x0a, 0x28, 0x64, 0xff, 0x14, 0x3e, 0x98, 0xff, 0x14, 0x3e, 0x99, 0xff, 0x14, 0x3f, 0x9a, 0xff, 0x15, 0x40, 0x9b, 0xff, 0x15, 0x40, 0x9b, 0xff, 
    0xff, 0xff, 0xff, 0xb4, 0x15, 0x41, 0x9d, 0xff, 0x15, 0x42, 0x9d, 0xff, 0xff, 0xff, 0xff, 0xb4, 0x15, 0x42, 0x9e, 0xff, 0x15, 0x42, 0x9e, 0xff, 0x15, 0x43, 0x9e, 0xff, 0x15, 0x43, 0x9e, 0xff, 
    0x15, 0x43, 0x9e, 0xff, 0x15, 0x43, 0x9e, 0xff, 0x15, 0x43, 0x9e, 0xff, 0x15, 0x42, 0x9e, 0xff, 0x15, 0x42, 0x9e, 0xff, 0xff, 0xff, 0xff, 0xb4, 0x15, 0x42, 0x9d, 0xff, 0x15, 0x41, 0x9d, 0xff, 
    0xff, 0xff, 0xff, 0xb4, 0x15, 0x40, 0x9b, 0xff, 0x15, 0x40, 0x9b, 0xff, 0x14, 0x3f, 0x9a, 0xff, 0x14, 0x3e, 0x99, 0xff, 0x14, 0x3e, 0x98, 0xff, 0x0a, 0x28, 0x64, 0xff, 0x0a, 0x28, 0x64, 0xff, 
    0x0a, 0x28, 0x64, 0xff, 0xff, 0xff, 0xff, 0x64, 0xff, 0xff, 0xff, 0x64, 0x00, 0x00, 0x00, 0x00, 0x00, 0x00, 0x00, 0x00, 0x00, 0x00, 0x00, 0x00, 0x00, 0x00, 0x00, 0x00, 0x00, 0x00, 0x00, 0x00, 
    0x00, 0x00, 0x00, 0x00, 0x00, 0x00, 0x00, 0x00, 0x00, 0x00, 0x00, 0x00, 0x00, 0x00, 0x00, 0x00, 0x00, 0x00, 0x00, 0x00, 0x00, 0x00, 0x00, 0x00, 0x00, 0x00, 0x00, 0x00, 0x00, 0x00, 0x00, 0x00, 
    0x00, 0x00, 0x00, 0x00, 0x00, 0x00, 0x00, 0x00, 0x00, 0x00, 0x00, 0x00, 0x00, 0x00, 0x00, 0x00, 0x00, 0x00, 0x00, 0x00, 0x00, 0x00, 0x00, 0x00, 0x00, 0x00, 0x00, 0x00, 0x00, 0x00, 0x00, 0x00, 
    0x00, 0x00, 0x00, 0x00, 0x00, 0x00, 0x00, 0x00, 0x00, 0x00, 0x00, 0x00, 0xff, 0xff, 0xff, 0x50, 0xff, 0xff, 0xff, 0x50, 0xff, 0xff, 0xff, 0x50, 0xff, 0xff, 0xff, 0x50, 0xff, 0xff, 0xff, 0x50, 
    0xff, 0xff, 0xff, 0x50, 0xff, 0xff, 0xff, 0x50, 0x14, 0x3e, 0x99, 0xff, 0x14, 0x3f, 0x9a, 0xff, 0x15, 0x40, 0x9b, 0xff, 0x15, 0x40, 0x9c, 0xff, 0x15, 0x41, 0x9c, 0xff, 0x15, 0x42, 0x9d, 0xff, 
    0xff, 0xff, 0xff, 0xb4, 0x15, 0x43, 0x9e, 0xff, 0x15, 0x43, 0x9f, 0xff, 0xff, 0xff, 0xff, 0xb4, 0x16, 0x44, 0xa0, 0xff, 0x16, 0x44, 0xa0, 0xff, 0x16, 0x44, 0xa0, 0xff, 0x16, 0x44, 0xa0, 0xff, 
    0x16, 0x44, 0xa0, 0xff, 0x16, 0x44, 0xa0, 0xff, 0x16, 0x44, 0xa0, 0xff, 0x16, 0x44, 0xa0, 0xff, 0x16, 0x44, 0xa0, 0xff, 0xff, 0xff, 0xff, 0xb4, 0x15, 0x43, 0x9f, 0xff, 0x15, 0x43, 0x9e, 0xff, 
    0xff, 0xff, 0xff, 0xb4, 0x15, 0x42, 0x9d, 0xff, 0x15, 0x41, 0x9c, 0xff, 0x15, 0x40, 0x9c, 0xff, 0x15, 0x40, 0x9b, 0xff, 0x14, 0x3f, 0x9a, 0xff, 0x14, 0x3e, 0x99, 0xff, 0x0a, 0x28, 0x64, 0xff, 
    0x0a, 0x28, 0x64, 0xff, 0x0a, 0x28, 0x64, 0xff, 0xff, 0xff, 0xff, 0xb4, 0xff, 0xff, 0xff, 0x64, 0x00, 0x00, 0x00, 0x00, 0x00, 0x00, 0x00, 0x00, 0x00, 0x00, 0x00, 0x00, 0x00, 0x00, 0x00, 0x00, 
    0x00, 0x00, 0x00, 0x00, 0x00, 0x00, 0x00, 0x00, 0x00, 0x00, 0x00, 0x00, 0x00, 0x00, 0x00, 0x00, 0x00, 0x00, 0x00, 0x00, 0x00, 0x00, 0x00, 0x00, 0x00, 0x00, 0x00, 0x00, 0x00, 0x00, 0x00, 0x00, 
    0x00, 0x00, 0x00, 0x00, 0x00, 0x00, 0x00, 0x00, 0x00, 0x00, 0x00, 0x00, 0x00, 0x00, 0x00, 0x00, 0x00, 0x00, 0x00, 0x00, 0x00, 0x00, 0x00, 0x00, 0x00, 0x00, 0x00, 0x00, 0x00, 0x00, 0x00, 0x00, 
    0x00, 0x00, 0x00, 0x00, 0x00, 0x00, 0x00, 0x00, 0xff, 0xff, 0xff, 0x50, 0xff, 0xff, 0xff, 0x50, 0xff, 0xff, 0xff, 0x50, 0xff, 0xff, 0xff, 0x50, 0xff, 0xff, 0xff, 0x50, 0xff, 0xff, 0xff, 0x50, 
    0xff, 0xff, 0xff, 0x50, 0xff, 0xff, 0xff, 0x50, 0xff, 0xff, 0xff, 0x50, 0x15, 0x40, 0x9b, 0xff, 0x15, 0x41, 0x9c, 0xff, 0x15, 0x42, 0x9d, 0xff, 0x15, 0x42, 0x9e, 0xff, 0x15, 0x43, 0x9f, 0xff, 
    0xff, 0xff, 0xff, 0xb4, 0x16, 0x44, 0xa0, 0xff, 0x16, 0x44, 0xa0, 0xff, 0xff, 0xff, 0xff, 0xb4, 0x16, 0x45, 0xa1, 0xff, 0x16, 0x45, 0xa2, 0xff, 0x16, 0x45, 0xa2, 0xff, 0x16, 0x45, 0xa2, 0xff, 
    0x16, 0x46, 0xa2, 0xff, 0x16, 0x45, 0xa2, 0xff, 0x16, 0x45, 0xa2, 0xff, 0x16, 0x45, 0xa2, 0xff, 0x16, 0x45, 0xa1, 0xff, 0xff, 0xff, 0xff, 0xb4, 0x16, 0x44, 0xa0, 0xff, 0x16, 0x44, 0xa0, 0xff, 
    0xff, 0xff, 0xff, 0xb4, 0x15, 0x43, 0x9f, 0xff, 0x15, 0x42, 0x9e, 0xff, 0x15, 0x42, 0x9d, 0xff, 0x15, 0x41, 0x9c, 0xff, 0x15, 0x40, 0x9b, 0xff, 0x14, 0x3f, 0x9a, 0xff, 0x14, 0x3f, 0x99, 0xff, 
    0x14, 0x3e, 0x98, 0xff, 0x0a, 0x28, 0x64, 0xff, 0x0a, 0x28, 0x64, 0xff, 0x0a, 0x28, 0x64, 0xff, 0xff, 0xff, 0xff, 0x64, 0x00, 0x00, 0x00, 0x00, 0x00, 0x00, 0x00, 0x00, 0x00, 0x00, 0x00, 0x00, 
    0x00, 0x00, 0x00, 0x00, 0x00, 0x00, 0x00, 0x00, 0x00, 0x00, 0x00, 0x00, 0x00, 0x00, 0x00, 0x00, 0x00, 0x00, 0x00, 0x00, 0x00, 0x00, 0x00, 0x00, 0x00, 0x00, 0x00, 0x00, 0x00, 0x00, 0x00, 0x00, 
    0x00, 0x00, 0x00, 0x00, 0x00, 0x00, 0x00, 0x00, 0x00, 0x00, 0x00, 0x00, 0x00, 0x00, 0x00, 0x00, 0x00, 0x00, 0x00, 0x00, 0x00, 0x00, 0x00, 0x00, 0x00, 0x00, 0x00, 0x00, 0x00, 0x00, 0x00, 0x00, 
    0x00, 0x00, 0x00, 0x00, 0xff, 0xff, 0xff, 0x50, 0xff, 0xff, 0xff, 0x50, 0xff, 0xff, 0xff, 0x50, 0xff, 0xff, 0xff, 0x50, 0xff, 0xff, 0xff, 0x50, 0xff, 0xff, 0xff, 0x50, 0xff, 0xff, 0xff, 0x50, 
    0xff, 0xff, 0xff, 0x50, 0xff, 0xff, 0xff, 0x50, 0xff, 0xff, 0xff, 0x50, 0xff, 0xff, 0xff, 0x50, 0x15, 0x42, 0x9e, 0xff, 0x15, 0x43, 0x9f, 0xff, 0x16, 0x44, 0xa0, 0xff, 0x16, 0x44, 0xa0, 0xff, 
    0x16, 0x45, 0xa1, 0xff, 0xff, 0xff, 0xff, 0xb4, 0xff, 0xff, 0xff, 0xb4, 0x16, 0x46, 0xa3, 0xff, 0x16, 0x46, 0xa3, 0xff, 0x16, 0x47, 0xa3, 0xff, 0x16, 0x47, 0xa4, 0xff, 0x16, 0x47, 0xa4, 0xff, 
    0x16, 0x47, 0xa4, 0xff, 0x16, 0x47, 0xa4, 0xff, 0x16, 0x47, 0xa4, 0xff, 0x16, 0x47, 0xa3, 0xff, 0x16, 0x46, 0xa3, 0xff, 0x16, 0x46, 0xa3, 0xff, 0xff, 0xff, 0xff, 0xb4, 0xff, 0xff, 0xff, 0xb4, 
    0x16, 0x45, 0xa1, 0xff, 0x16, 0x44, 0xa0, 0xff, 0x16, 0x44, 0xa0, 0xff, 0x15, 0x43, 0x9f, 0xff, 0x15, 0x42, 0x9e, 0xff, 0x15, 0x41, 0x9d, 0xff, 0x15, 0x41, 0x9c, 0xff, 0x15, 0x40, 0x9b, 0xff, 
    0x14, 0x3f, 0x9a, 0xff, 0x14, 0x3e, 0x99, 0xff, 0x0a, 0x28, 0x64, 0xff, 0x0a, 0x28, 0x64, 0xff, 0x0a, 0x28, 0x64, 0xff, 0xff, 0xff, 0xff, 0x64, 0x00, 0x00, 0x00, 0x00, 0x00, 0x00, 0x00, 0x00, 
    0x00, 0x00, 0x00, 0x00, 0x00, 0x00, 0x00, 0x00, 0x00, 0x00, 0x00, 0x00, 0x00, 0x00, 0x00, 0x00, 0x00, 0x00, 0x00, 0x00, 0x00, 0x00, 0x00, 0x00, 0x00, 0x00, 0x00, 0x00, 0x00, 0x00, 0x00, 0x00, 
    0x00, 0x00, 0x00, 0x00, 0x00, 0x00, 0x00, 0x00, 0x00, 0x00, 0x00, 0x00, 0x00, 0x00, 0x00, 0x00, 0x00, 0x00, 0x00, 0x00, 0x00, 0x00, 0x00, 0x00, 0x00, 0x00, 0x00, 0x00, 0x00, 0x00, 0x00, 0x00, 
    0x00, 0x00, 0x00, 0x00, 0xff, 0xff, 0xff, 0x50, 0xff, 0xff, 0xff, 0x50, 0xff, 0xff, 0xff, 0x50, 0xff, 0xff, 0xff, 0x50, 0xff, 0xff, 0xff, 0x50, 0xff, 0xff, 0xff, 0x50, 0xff, 0xff, 0xff, 0x50, 
    0xff, 0xff, 0xff, 0x50, 0xff, 0xff, 0xff, 0x50, 0xff, 0xff, 0xff, 0x50, 0xff, 0xff, 0xff, 0x50, 0x15, 0x43, 0x9f, 0xff, 0x16, 0x44, 0xa0, 0xff, 0x16, 0x45, 0xa1, 0xff, 0x16, 0x45, 0xa2, 0xff, 
    0x16, 0x46, 0xa3, 0xff, 0xff, 0xff, 0xff, 0xb4, 0xff, 0xff, 0xff, 0xb4, 0x16, 0x47, 0xa4, 0xff, 0x17, 0x48, 0xa5, 0xff, 0x17, 0x48, 0xa5, 0xff, 0x17, 0x48, 0xa5, 0xff, 0x17, 0x48, 0xa6, 0xff, 
    0x17, 0x48, 0xa6, 0xff, 0x17, 0x48, 0xa6, 0xff, 0x17, 0x48, 0xa5, 0xff, 0x17, 0x48, 0xa5, 0xff, 0x17, 0x48, 0xa5, 0xff, 0x16, 0x47, 0xa4, 0xff, 0xff, 0xff, 0xff, 0xb4, 0xff, 0xff, 0xff, 0xb4, 
    0x16, 0x46, 0xa3, 0xff, 0x16, 0x45, 0xa2, 0xff, 0x16, 0x45, 0xa1, 0xff, 0x16, 0x44, 0xa0, 0xff, 0x15, 0x43, 0x9f, 0xff, 0x15, 0x43, 0x9e, 0xff, 0x15, 0x42, 0x9d, 0xff, 0x15, 0x41, 0x9c, 0xff, 
    0x15, 0x40, 0x9b, 0xff, 0x14, 0x3f, 0x9a, 0xff, 0x14, 0x3e, 0x99, 0xff, 0x0a, 0x28, 0x64, 0xff, 0x0a, 0x28, 0x64, 0xff, 0x0a, 0x28, 0x64, 0xff, 0xff, 0xff, 0xff, 0x64, 0x00, 0x00, 0x00, 0x00, 
    0x00, 0x00, 0x00, 0x00, 0x00, 0x00, 0x00, 0x00, 0x00, 0x00, 0x00, 0x00, 0x00, 0x00, 0x00, 0x00, 0x00, 0x00, 0x00, 0x00, 0x00, 0x00, 0x00, 0x00, 0x00, 0x00, 0x00, 0x00, 0x00, 0x00, 0x00, 0x00, 
    0x00, 0x00, 0x00, 0x00, 0x00, 0x00, 0x00, 0x00, 0x00, 0x00, 0x00, 0x00, 0x00, 0x00, 0x00, 0x00, 0x00, 0x00, 0x00, 0x00, 0x00, 0x00, 0x00, 0x00, 0x00, 0x00, 0x00, 0x00, 0x00, 0x00, 0x00, 0x00, 
    0x00, 0x00, 0x00, 0x00, 0xff, 0xff, 0xff, 0x50, 0xff, 0xff, 0xff, 0x50, 0xff, 0xff, 0xff, 0x50, 0xff, 0xff, 0xff, 0x50, 0xff, 0xff, 0xff, 0x50, 0xff, 0xff, 0xff, 0x50, 0xff, 0xff, 0xff, 0x50, 
    0xff, 0xff, 0xff, 0x50, 0xff, 0xff, 0xff, 0x50, 0xff, 0xff, 0xff, 0x50, 0xff, 0xff, 0xff, 0x50, 0x16, 0x45, 0xa1, 0xff, 0x16, 0x45, 0xa2, 0xff, 0x16, 0x46, 0xa3, 0xff, 0x16, 0x47, 0xa4, 0xff, 
    0x16, 0x47, 0xa4, 0xff, 0xff, 0xff, 0xff, 0xb4, 0xff, 0xff, 0xff, 0xb4, 0x17, 0x49, 0xa6, 0xff, 0x17, 0x49, 0xa7, 0xff, 0x17, 0x49, 0xa7, 0xff, 0x17, 0x4a, 0xa7, 0xff, 0x17, 0x4a, 0xa7, 0xff, 
    0x17, 0x4a, 0xa7, 0xff, 0x17, 0x4a, 0xa7, 0xff, 0x17, 0x4a, 0xa7, 0xff, 0x17, 0x49, 0xa7, 0xff, 0x17, 0x49, 0xa7, 0xff, 0x17, 0x49, 0xa6, 0xff, 0xff, 0xff, 0xff, 0xb4, 0xff, 0xff, 0xff, 0xb4, 
    0x16, 0x47, 0xa4, 0xff, 0x16, 0x47, 0xa4, 0xff, 0x16, 0x46, 0xa3, 0xff, 0x16, 0x45, 0xa2, 0xff, 0x16, 0x45, 0xa1, 0xff, 0x16, 0x44, 0xa0, 0xff, 0x15, 0x43, 0x9f, 0xff, 0x15, 0x42, 0x9e, 0xff, 
    0x15, 0x41, 0x9c, 0xff, 0x15, 0x40, 0x9b, 0xff, 0x14, 0x3f, 0x9a, 0xff, 0xff, 0xff, 0xff, 0xb4, 0x0a, 0x28, 0x64, 0xff, 0x0a, 0x28, 0x64, 0xff, 0x00, 0x00, 0x00, 0x00, 0xff, 0xff, 0xff, 0x64, 
    0x00, 0x00, 0x00, 0x00, 0x00, 0x00, 0x00, 0x00, 0x00, 0x00, 0x00, 0x00, 0x00, 0x00, 0x00, 0x00, 0x00, 0x00, 0x00, 0x00, 0x00, 0x00, 0x00, 0x00, 0x00, 0x00, 0x00, 0x00, 0x00, 0x00, 0x00, 0x00, 
    0x00, 0x00, 0x00, 0x00, 0x00, 0x00, 0x00, 0x00, 0x00, 0x00, 0x00, 0x00, 0x00, 0x00, 0x00, 0x00, 0x00, 0x00, 0x00, 0x00, 0x00, 0x00, 0x00, 0x00, 0x00, 0x00, 0x00, 0x00, 0x00, 0x00, 0x00, 0x00, 
    0x00, 0x00, 0x00, 0x00, 0xff, 0xff, 0xff, 0x50, 0xff, 0xff, 0xff, 0x50, 0xff, 0xff, 0xff, 0x50, 0xff, 0xff, 0xff, 0x50, 0xff, 0xff, 0xff, 0x50, 0xff, 0xff, 0xff, 0x50, 0xff, 0xff, 0xff, 0x50, 
    0xff, 0xff, 0xff, 0x50, 0xff, 0xff, 0xff, 0x50, 0xff, 0xff, 0xff, 0x50, 0xff, 0xff, 0xff, 0x50, 0x16, 0x46, 0xa2, 0xff, 0x16, 0x47, 0xa3, 0xff, 0x16, 0x47, 0xa4, 0xff, 0x17, 0x48, 0xa5, 0xff, 
    0x17, 0x49, 0xa6, 0xff, 0xff, 0xff, 0xff, 0xb4, 0xff, 0xff, 0xff, 0xb4, 0x17, 0x4a, 0xa8, 0xff, 0x17, 0x4b, 0xa8, 0xff, 0x17, 0x4b, 0xa9, 0xff, 0x17, 0x4b, 0xa9, 0xff, 0x17, 0x4b, 0xa9, 0xff, 
    0x17, 0x4b, 0xa9, 0xff, 0x17, 0x4b, 0xa9, 0xff, 0x17, 0x4b, 0xa9, 0xff, 0x17, 0x4b, 0xa9, 0xff, 0x17, 0x4b, 0xa8, 0xff, 0x17, 0x4a, 0xa8, 0xff, 0xff, 0xff, 0xff, 0xb4, 0xff, 0xff, 0xff, 0xb4, 
    0x17, 0x49, 0xa6, 0xff, 0x17, 0x48, 0xa5, 0xff, 0x16, 0x47, 0xa4, 0xff, 0x16, 0x47, 0xa3, 0xff, 0x16, 0x46, 0xa2, 0xff, 0x16, 0x45, 0xa1, 0xff, 0x16, 0x44, 0xa0, 0xff, 0x15, 0x43, 0x9f, 0xff, 
    0x15, 0x42, 0x9e, 0xff, 0x15, 0x41, 0x9d, 0xff, 0x15, 0x40, 0x9b, 0xff, 0xff, 0xff, 0xff, 0xb4, 0x14, 0x3e, 0x99, 0xff, 0x0a, 0x28, 0x64, 0xff, 0x0a, 0x28, 0x64, 0xff, 0xff, 0xff, 0xff, 0x64, 
    0x00, 0x00, 0x00, 0x00, 0x00, 0x00, 0x00, 0x00, 0x00, 0x00, 0x00, 0x00, 0x00, 0x00, 0x00, 0x00, 0x00, 0x00, 0x00, 0x00, 0x00, 0x00, 0x00, 0x00, 0x00, 0x00, 0x00, 0x00, 0x00, 0x00, 0x00, 0x00, 
    0x00, 0x00, 0x00, 0x00, 0x00, 0x00, 0x00, 0x00, 0x00, 0x00, 0x00, 0x00, 0x00, 0x00, 0x00, 0x00, 0x00, 0x00, 0x00, 0x00, 0x00, 0x00, 0x00, 0x00, 0x00, 0x00, 0x00, 0x00, 0x00, 0x00, 0x00, 0x00, 
    0xff, 0xff, 0xff, 0x64, 0xff, 0xff, 0xff, 0x50, 0xff, 0xff, 0xff, 0x50, 0xff, 0xff, 0xff, 0x50, 0xff, 0xff, 0xff, 0x50, 0xff, 0xff, 0xff, 0x50, 0xff, 0xff, 0xff, 0x50, 0xff, 0xff, 0xff, 0x50, 
    0xff, 0xff, 0xff, 0x50, 0xff, 0xff, 0xff, 0x50, 0xff, 0xff, 0xff, 0x50, 0xff, 0xff, 0xff, 0x50, 0x16, 0x47, 0xa4, 0xff, 0x17, 0x48, 0xa5, 0xff, 0x17, 0x49, 0xa6, 0xff, 0x17, 0x49, 0xa7, 0xff, 
    0x17, 0x4a, 0xa8, 0xff, 0xff, 0xff, 0xff, 0xb4, 0xff, 0xff, 0xff, 0xb4, 0x18, 0x4c, 0xaa, 0xff, 0x18, 0x4c, 0xaa, 0xff, 0x18, 0x4c, 0xaa, 0xff, 0x18, 0x4c, 0xab, 0xff, 0x18, 0x4d, 0xab, 0xff, 
    0x18, 0x4d, 0xab, 0xff, 0x18, 0x4d, 0xab, 0xff, 0x18, 0x4c, 0xab, 0xff, 0x18, 0x4c, 0xaa, 0xff, 0x18, 0x4c, 0xaa, 0xff, 0x18, 0x4c, 0xaa, 0xff, 0xff, 0xff, 0xff, 0xb4, 0xff, 0xff, 0xff, 0xb4, 
    0x17, 0x4a, 0xa8, 0xff, 0x17, 0x49, 0xa7, 0xff, 0x17, 0x49, 0xa6, 0xff, 0x17, 0x48, 0xa5, 0xff, 0x16, 0x47, 0xa4, 0xff, 0x16, 0x46, 0xa3, 0xff, 0x16, 0x45, 0xa2, 0xff, 0x16, 0x44, 0xa0, 0xff, 
    0x15, 0x43, 0x9f, 0xff, 0x15, 0x42, 0x9e, 0xff, 0x15, 0x41, 0x9c, 0xff, 0x15, 0x40, 0x9b, 0xff, 0xff, 0xff, 0xff, 0xb4, 0x14, 0x3e, 0x98, 0xff, 0x0a, 0x28, 0x64, 0xff, 0x0a, 0x28, 0x64, 0xff, 
    0xff, 0xff, 0xff, 0x64, 0x00, 0x00, 0x00, 0x00, 0x00, 0x00, 0x00, 0x00, 0x00, 0x00, 0x00, 0x00, 0x00, 0x00, 0x00, 0x00, 0x00, 0x00, 0x00, 0x00, 0x00, 0x00, 0x00, 0x00, 0x00, 0x00, 0x00, 0x00, 
    0x00, 0x00, 0x00, 0x00, 0x00, 0x00, 0x00, 0x00, 0x00, 0x00, 0x00, 0x00, 0x00, 0x00, 0x00, 0x00, 0x00, 0x00, 0x00, 0x00, 0x00, 0x00, 0x00, 0x00, 0x00, 0x00, 0x00, 0x00, 0xff, 0xff, 0xff, 0x64, 
    0x0a, 0x28, 0x64, 0xff, 0x0a, 0x28, 0x64, 0xff, 0xff, 0xff, 0xff, 0x50, 0xff, 0xff, 0xff, 0x50, 0xff, 0xff, 0xff, 0x50, 0xff, 0xff, 0xff, 0x50, 0xff, 0xff, 0xff, 0x50, 0xff, 0xff, 0xff, 0x50, 
    0xff, 0xff, 0xff, 0x50, 0xff, 0xff, 0xff, 0x50, 0xff, 0xff, 0xff, 0x50, 0x16, 0x47, 0xa4, 0xff, 0x17, 0x48, 0xa5, 0xff, 0x17, 0x49, 0xa6, 0xff, 0x17, 0x4a, 0xa7, 0xff, 0x17, 0x4b, 0xa8, 0xff, 
    0x17, 0x4b, 0xa9, 0xff, 0xff, 0xff, 0xff, 0xb4, 0xff, 0xff, 0xff, 0xb4, 0x18, 0x4d, 0xab, 0xff, 0x18, 0x4d, 0xac, 0xff, 0x18, 0x4e, 0xac, 0xff, 0x18, 0x4e, 0xac, 0xff, 0x18, 0x4e, 0xad, 0xff, 
    0x18, 0x4e, 0xad, 0xff, 0x18, 0x4e, 0xad, 0xff, 0x18, 0x4e, 0xac, 0xff, 0x18, 0x4e, 0xac, 0xff, 0x18, 0x4d, 0xac, 0xff, 0x18, 0x4d, 0xab, 0xff, 0xff, 0xff, 0xff, 0xb4, 0xff, 0xff, 0xff, 0xb4, 
    0x17, 0x4b, 0xa9, 0xff, 0x17, 0x4b, 0xa8, 0xff, 0x17, 0x4a, 0xa7, 0xff, 0x17, 0x49, 0xa6, 0xff, 0x17, 0x48, 0xa5, 0xff, 0x16, 0x47, 0xa4, 0xff, 0x16, 0x46, 0xa3, 0xff, 0x16, 0x45, 0xa2, 0xff, 
    0x16, 0x44, 0xa0, 0xff, 0x15, 0x43, 0x9f, 0xff, 0x15, 0x42, 0x9e, 0xff, 0x15, 0x41, 0x9c, 0xff, 0xff, 0xff, 0xff, 0xb4, 0x14, 0x3f, 0x99, 0xff, 0x0a, 0x28, 0x64, 0xff, 0x0a, 0x28, 0x64, 0xff, 
    0x0a, 0x28, 0x64, 0xff, 0xff, 0xff, 0xff, 0x64, 0x00, 0x00, 0x00, 0x00, 0x00, 0x00, 0x00, 0x00, 0x00, 0x00, 0x00, 0x00, 0x00, 0x00, 0x00, 0x00, 0x00, 0x00, 0x00, 0x00, 0x00, 0x00, 0x00, 0x00, 
    0x00, 0x00, 0x00, 0x00, 0x00, 0x00, 0x00, 0x00, 0x00, 0x00, 0x00, 0x00, 0x00, 0x00, 0x00, 0x00, 0x00, 0x00, 0x00, 0x00, 0x00, 0x00, 0x00, 0x00, 0x00, 0x00, 0x00, 0x00, 0xff, 0xff, 0xff, 0x64, 
    0x0a, 0x28, 0x64, 0xff, 0x0a, 0x28, 0x64, 0xff, 0x14, 0x3e, 0x99, 0xff, 0xff, 0xff, 0xff, 0x50, 0xff, 0xff, 0xff, 0x50, 0xff, 0xff, 0xff, 0x50, 0xff, 0xff, 0xff, 0x50, 0xff, 0xff, 0xff, 0x50, 
    0xff, 0xff, 0xff, 0x50, 0xff, 0xff, 0xff, 0x50, 0x16, 0x47, 0xa4, 0xff, 0x17, 0x48, 0xa5, 0xff, 0x17, 0x49, 0xa7, 0xff, 0x17, 0x4a, 0xa8, 0xff, 0x17, 0x4b, 0xa9, 0xff, 0x18, 0x4c, 0xaa, 0xff, 
    0x18, 0x4c, 0xab, 0xff, 0xff, 0xff, 0xff, 0xb4, 0xff, 0xff, 0xff, 0xb4, 0x18, 0x4e, 0xad, 0xff, 0x18, 0x4f, 0xad, 0xff, 0x18, 0x4f, 0xae, 0xff, 0x18, 0x4f, 0xae, 0xff, 0x18, 0x4f, 0xae, 0xff, 
    0x19, 0x50, 0xaf, 0xff, 0x18, 0x4f, 0xae, 0xff, 0x18, 0x4f, 0xae, 0xff, 0x18, 0x4f, 0xae, 0xff, 0x18, 0x4f, 0xad, 0xff, 0x18, 0x4e, 0xad, 0xff, 0xff, 0xff, 0xff, 0xb4, 0xff, 0xff, 0xff, 0xb4, 
    0x18, 0x4c, 0xab, 0xff, 0x18, 0x4c, 0xaa, 0xff, 0x17, 0x4b, 0xa9, 0xff, 0x17, 0x4a, 0xa8, 0xff, 0x17, 0x49, 0xa7, 0xff, 0x17, 0x48, 0xa5, 0xff, 0x16, 0x47, 0xa4, 0xff, 0x16, 0x46, 0xa3, 0xff, 
    0x16, 0x45, 0xa2, 0xff, 0x16, 0x44, 0xa0, 0xff, 0x15, 0x43, 0x9f, 0xff, 0x15, 0x42, 0x9d, 0xff, 0xff, 0xff, 0xff, 0xb4, 0x14, 0x3f, 0x9a, 0xff, 0x14, 0x3e, 0x99, 0xff, 0x0a, 0x28, 0x64, 0xff, 
    0x0a, 0x28, 0x64, 0xff, 0xff, 0xff, 0xff, 0x64, 0x00, 0x00, 0x00, 0x00, 0x00, 0x00, 0x00, 0x00, 0x00, 0x00, 0x00, 0x00, 0x00, 0x00, 0x00, 0x00, 0x00, 0x00, 0x00, 0x00, 0x00, 0x00, 0x00, 0x00, 
    0x00, 0x00, 0x00, 0x00, 0x00, 0x00, 0x00, 0x00, 0x00, 0x00, 0x00, 0x00, 0x00, 0x00, 0x00, 0x00, 0x00, 0x00, 0x00, 0x00, 0x00, 0x00, 0x00, 0x00, 0xff, 0xff, 0xff, 0x64, 0x0a, 0x28, 0x64, 0xff, 
    0x0a, 0x28, 0x64, 0xff, 0x14, 0x3e, 0x98, 0xff, 0x14, 0x3f, 0x9a, 0xff, 0x15, 0x40, 0x9b, 0xff, 0xff, 0xff, 0xff, 0x50, 0xff, 0xff, 0xff, 0x50, 0xff, 0xff, 0xff, 0x50, 0xff, 0xff, 0xff, 0x50, 
    0xff, 0xff, 0xff, 0x50, 0x16, 0x47, 0xa4, 0xff, 0x17, 0x48, 0xa5, 0xff, 0x17, 0x49, 0xa7, 0xff, 0x17, 0x4a, 0xa8, 0xff, 0x17, 0x4b, 0xa9, 0xff, 0x18, 0x4c, 0xaa, 0xff, 0x18, 0x4d, 0xab, 0xff, 
    0x18, 0x4e, 0xac, 0xff, 0xff, 0xff, 0xff, 0xb4, 0xff, 0xff, 0xff, 0xb4, 0x19, 0x50, 0xaf, 0xff, 0x19, 0x50, 0xaf, 0xff, 0x19, 0x50, 0xb0, 0xff, 0x19, 0x51, 0xb0, 0xff, 0x19, 0x51, 0xb0, 0xff, 
    0x19, 0x51, 0xb0, 0xff, 0x19, 0x51, 0xb0, 0xff, 0x19, 0x51, 0xb0, 0xff, 0x19, 0x50, 0xb0, 0xff, 0x19, 0x50, 0xaf, 0xff, 0x19, 0x50, 0xaf, 0xff, 0xff, 0xff, 0xff, 0xb4, 0xff, 0xff, 0xff, 0xb4, 
    0x18, 0x4e, 0xac, 0xff, 0x18, 0x4d, 0xab, 0xff, 0x18, 0x4c, 0xaa, 0xff, 0x17, 0x4b, 0xa9, 0xff, 0x17, 0x4a, 0xa8, 0xff, 0x17, 0x49, 0xa7, 0xff, 0x17, 0x48, 0xa5, 0xff, 0x16, 0x47, 0xa4, 0xff, 
    0x16, 0x46, 0xa3, 0xff, 0x16, 0x45, 0xa1, 0xff, 0x16, 0x44, 0xa0, 0xff, 0x15, 0x43, 0x9e, 0xff, 0xff, 0xff, 0xff, 0xb4, 0x15, 0x40, 0x9b, 0xff, 0x14, 0x3f, 0x9a, 0xff, 0x14, 0x3e, 0x98, 0xff, 
    0x0a, 0x28, 0x64, 0xff, 0x0a, 0x28, 0x64, 0xff, 0xff, 0xff, 0xff, 0x64, 0x00, 0x00, 0x00, 0x00, 0x00, 0x00, 0x00, 0x00, 0x00, 0x00, 0x00, 0x00, 0x00, 0x00, 0x00, 0x00, 0x00, 0x00, 0x00, 0x00, 
    0x00, 0x00, 0x00, 0x00, 0x00, 0x00, 0x00, 0x00, 0x00, 0x00, 0x00, 0x00, 0x00, 0x00, 0x00, 0x00, 0x00, 0x00, 0x00, 0x00, 0x00, 0x00, 0x00, 0x00, 0xff, 0xff, 0xff, 0x64, 0x0a, 0x28, 0x64, 0xff, 
    0x0a, 0x28, 0x64, 0xff, 0x14, 0x3e, 0x99, 0xff, 0x15, 0x40, 0x9b, 0xff, 0x15, 0x41, 0x9c, 0xff, 0xff, 0xff, 0xff, 0xb4, 0x15, 0x43, 0x9f, 0xff, 0x16, 0x45, 0xa1, 0xff, 0x16, 0x46, 0xa2, 0xff, 
    0x16, 0x47, 0xa4, 0xff, 0x17, 0x48, 0xa5, 0xff, 0x17, 0x49, 0xa7, 0xff, 0x17, 0x4a, 0xa8, 0xff, 0x17, 0x4b, 0xa9, 0xff, 0x18, 0x4c, 0xaa, 0xff, 0x18, 0x4d, 0xac, 0xff, 0x18, 0x4e, 0xad, 0xff, 
    0x18, 0x4f, 0xae, 0xff, 0xff, 0xff, 0xff, 0xb4, 0xff, 0xff, 0xff, 0xb4, 0x19, 0x51, 0xb0, 0xff, 0x19, 0x51, 0xb1, 0xff, 0x19, 0x52, 0xb1, 0xff, 0x19, 0x52, 0xb2, 0xff, 0x19, 0x52, 0xb2, 0xff, 
    0x19, 0x52, 0xb2, 0xff, 0x19, 0x52, 0xb2, 0xff, 0x19, 0x52, 0xb2, 0xff, 0x19, 0x52, 0xb1, 0xff, 0x19, 0x51, 0xb1, 0xff, 0x19, 0x51, 0xb0, 0xff, 0xff, 0xff, 0xff, 0xb4, 0xff, 0xff, 0xff, 0xb4, 
    0x18, 0x4f, 0xae, 0xff, 0x18, 0x4e, 0xad, 0xff, 0x18, 0x4d, 0xac, 0xff, 0x18, 0x4c, 0xaa, 0xff, 0x17, 0x4b, 0xa9, 0xff, 0x17, 0x4a, 0xa8, 0xff, 0x17, 0x49, 0xa7, 0xff, 0x17, 0x48, 0xa5, 0xff, 
    0x16, 0x47, 0xa4, 0xff, 0x16, 0x46, 0xa2, 0xff, 0x16, 0x45, 0xa1, 0xff, 0x15, 0x43, 0x9f, 0xff, 0xff, 0xff, 0xff, 0xb4, 0x15, 0x41, 0x9c, 0xff, 0x15, 0x40, 0x9b, 0xff, 0x14, 0x3e, 0x99, 0xff, 
    0x0a, 0x28, 0x64, 0xff, 0x0a, 0x28, 0x64, 0xff, 0xff, 0xff, 0xff, 0x64, 0x00, 0x00, 0x00, 0x00, 0x00, 0x00, 0x00, 0x00, 0x00, 0x00, 0x00, 0x00, 0x00, 0x00, 0x00, 0x00, 0x00, 0x00, 0x00, 0x00, 
    0x00, 0x00, 0x00, 0x00, 0x00, 0x00, 0x00, 0x00, 0x00, 0x00, 0x00, 0x00, 0x00, 0x00, 0x00, 0x00, 0x00, 0x00, 0x00, 0x00, 0xff, 0xff, 0xff, 0x64, 0x0a, 0x28, 0x64, 0xff, 0x0a, 0x28, 0x64, 0xff, 
    0x14, 0x3e, 0x98, 0xff, 0x14, 0x3f, 0x9a, 0xff, 0x15, 0x40, 0x9c, 0xff, 0x15, 0x42, 0x9d, 0xff, 0xff, 0xff, 0xff, 0xb4, 0x16, 0x44, 0xa0, 0xff, 0x16, 0x45, 0xa2, 0xff, 0x16, 0x47, 0xa3, 0xff, 
    0x17, 0x48, 0xa5, 0xff, 0x17, 0x49, 0xa6, 0xff, 0x17, 0x4a, 0xa8, 0xff, 0x17, 0x4b, 0xa9, 0xff, 0x18, 0x4c, 0xaa, 0xff, 0x18, 0x4d, 0xac, 0xff, 0x18, 0x4e, 0xad, 0xff, 0x18, 0x4f, 0xae, 0xff, 
    0x19, 0x50, 0xaf, 0xff, 0xff, 0xff, 0xff, 0xb4, 0xff, 0xff, 0xff, 0xb4, 0x19, 0x52, 0xb2, 0xff, 0x19, 0x53, 0xb3, 0xff, 0x19, 0x53, 0xb3, 0xff, 0x1a, 0x54, 0xb4, 0xff, 0x1a, 0x54, 0xb4, 0xff, 
    0x1a, 0x54, 0xb4, 0xff, 0x1a, 0x54, 0xb4, 0xff, 0x1a, 0x54, 0xb4, 0xff, 0x19, 0x53, 0xb3, 0xff, 0x19, 0x53, 0xb3, 0xff, 0x19, 0x52, 0xb2, 0xff, 0xff, 0xff, 0xff, 0xb4, 0xff, 0xff, 0xff, 0xb4, 
    0x19, 0x50, 0xaf, 0xff, 0x18, 0x4f, 0xae, 0xff, 0x18, 0x4e, 0xad, 0xff, 0x18, 0x4d, 0xac, 0xff, 0x18, 0x4c, 0xaa, 0xff, 0x17, 0x4b, 0xa9, 0xff, 0x17, 0x4a, 0xa8, 0xff, 0x17, 0x49, 0xa6, 0xff, 
    0x17, 0x48, 0xa5, 0xff, 0x16, 0x47, 0xa3, 0xff, 0x16, 0x45, 0xa2, 0xff, 0x16, 0x44, 0xa0, 0xff, 0xff, 0xff, 0xff, 0xb4, 0x15, 0x42, 0x9d, 0xff, 0x15, 0x40, 0x9c, 0xff, 0x14, 0x3f, 0x9a, 0xff, 
    0x14, 0x3e, 0x98, 0xff, 0x0a, 0x28, 0x64, 0xff, 0x0a, 0x28, 0x64, 0xff, 0xff, 0xff, 0xff, 0x64, 0x00, 0x00, 0x00, 0x00, 0x00, 0x00, 0x00, 0x00, 0x00, 0x00, 0x00, 0x00, 0x00, 0x00, 0x00, 0x00, 
    0x00, 0x00, 0x00, 0x00, 0x00, 0x00, 0x00, 0x00, 0x00, 0x00, 0x00, 0x00, 0x00, 0x00, 0x00, 0x00, 0x00, 0x00, 0x00, 0x00, 0xff, 0xff, 0xff, 0x64, 0x0a, 0x28, 0x64, 0xff, 0x0a, 0x28, 0x64, 0xff, 
    0x14, 0x3e, 0x99, 0xff, 0x15, 0x40, 0x9b, 0xff, 0x15, 0x41, 0x9c, 0xff, 0x15, 0x42, 0x9e, 0xff, 0xff, 0xff, 0xff, 0xb4, 0x16, 0x45, 0xa1, 0xff, 0x16, 0x46, 0xa3, 0xff, 0x16, 0x47, 0xa4, 0xff, 
    0x17, 0x49, 0xa6, 0xff, 0x17, 0x4a, 0xa7, 0xff, 0x17, 0x4b, 0xa9, 0xff, 0x18, 0x4c, 0xaa, 0xff, 0x18, 0x4d, 0xac, 0xff, 0x18, 0x4e, 0xad, 0xff, 0x18, 0x4f, 0xae, 0xff, 0x19, 0x50, 0xaf, 0xff, 
    0x19, 0x51, 0xb1, 0xff, 0xff, 0xff, 0xff, 0xb4, 0xff, 0xff, 0xff, 0xb4, 0x1a, 0x54, 0xb4, 0xff, 0x1a, 0x54, 0xb4, 0xff, 0x1a, 0x55, 0xb5, 0xff, 0x1a, 0x55, 0xb5, 0xff, 0x1a, 0x55, 0xb6, 0xff, 
    0x1a, 0x55, 0xb6, 0xff, 0x1a, 0x55, 0xb6, 0xff, 0x1a, 0x55, 0xb5, 0xff, 0x1a, 0x55, 0xb5, 0xff, 0x1a, 0x54, 0xb4, 0xff, 0x1a, 0x54, 0xb4, 0xff, 0xff, 0xff, 0xff, 0xb4, 0xff, 0xff, 0xff, 0xb4, 
    0x19, 0x51, 0xb1, 0xff, 0x19, 0x50, 0xaf, 0xff, 0x18, 0x4f, 0xae, 0xff, 0x18, 0x4e, 0xad, 0xff, 0x18, 0x4d, 0xac, 0xff, 0x18, 0x4c, 0xaa, 0xff, 0x17, 0x4b, 0xa9, 0xff, 0x17, 0x4a, 0xa7, 0xff, 
    0x17, 0x49, 0xa6, 0xff, 0x16, 0x47, 0xa4, 0xff, 0x16, 0x46, 0xa3, 0xff, 0x16, 0x45, 0xa1, 0xff, 0xff, 0xff, 0xff, 0xb4, 0x15, 0x42, 0x9e, 0xff, 0x15, 0x41, 0x9c, 0xff, 0x15, 0x40, 0x9b, 0xff, 
    0x14, 0x3e, 0x99, 0xff, 0x0a, 0x28, 0x64, 0xff, 0x0a, 0x28, 0x64, 0xff, 0xff, 0xff, 0xff, 0x64, 0x00, 0x00, 0x00, 0x00, 0x00, 0x00, 0x00, 0x00, 0x00, 0x00, 0x00, 0x00, 0x00, 0x00, 0x00, 0x00, 
    0x00, 0x00, 0x00, 0x00, 0x00, 0x00, 0x00, 0x00, 0x00, 0x00, 0x00, 0x00, 0x00, 0x00, 0x00, 0x00, 0xff, 0xff, 0xff, 0x64, 0x0a, 0x28, 0x64, 0xff, 0x0a, 0x28, 0x64, 0xff, 0x0a, 0x28, 0x64, 0xff, 
    0x14, 0x3f, 0x9a, 0xff, 0x15, 0x40, 0x9b, 0xff, 0x15, 0x42, 0x9d, 0xff, 0xff, 0xff, 0xff, 0xb4, 0x16, 0x44, 0xa0, 0xff, 0x16, 0x45, 0xa2, 0xff, 0x16, 0x47, 0xa4, 0xff, 0x17, 0x48, 0xa5, 0xff, 
    0x17, 0x49, 0xa7, 0xff, 0x17, 0x4b, 0xa8, 0xff, 0x18, 0x4c, 0xaa, 0xff, 0x18, 0x4d, 0xab, 0xff, 0x18, 0x4e, 0xad, 0xff, 0x18, 0x4f, 0xae, 0xff, 0x19, 0x50, 0xaf, 0xff, 0x19, 0x51, 0xb1, 0xff, 
    0xff, 0xff, 0xff, 0xb4, 0x19, 0x53, 0xb3, 0xff, 0x1a, 0x54, 0xb4, 0xff, 0xff, 0xff, 0xff, 0xb4, 0x1a, 0x55, 0xb6, 0xff, 0x1a, 0x56, 0xb7, 0xff, 0x1a, 0x56, 0xb7, 0xff, 0x1a, 0x57, 0xb7, 0xff, 
    0x1a, 0x57, 0xb7, 0xff, 0x1a, 0x57, 0xb7, 0xff, 0x1a, 0x56, 0xb7, 0xff, 0x1a, 0x56, 0xb7, 0xff, 0x1a, 0x55, 0xb6, 0xff, 0xff, 0xff, 0xff, 0xb4, 0x1a, 0x54, 0xb4, 0xff, 0x19, 0x53, 0xb3, 0xff, 
    0xff, 0xff, 0xff, 0xb4, 0x19, 0x51, 0xb1, 0xff, 0x19, 0x50, 0xaf, 0xff, 0x18, 0x4f, 0xae, 0xff, 0x18, 0x4e, 0xad, 0xff, 0x18, 0x4d, 0xab, 0xff, 0x18, 0x4c, 0xaa, 0xff, 0x17, 0x4b, 0xa8, 0xff, 
    0x17, 0x49, 0xa7, 0xff, 0x17, 0x48, 0xa5, 0xff, 0x16, 0x47, 0xa4, 0xff, 0x16, 0x45, 0xa2, 0xff, 0x16, 0x44, 0xa0, 0xff, 0xff, 0xff, 0xff, 0xb4, 0x15, 0x42, 0x9d, 0xff, 0x15, 0x40, 0x9b, 0xff, 
    0x14, 0x3f, 0x9a, 0xff, 0x0a, 0x28, 0x64, 0xff, 0x0a, 0x28, 0x64, 0xff, 0x0a, 0x28, 0x64, 0xff, 0xff, 0xff, 0xff, 0x64, 0x00, 0x00, 0x00, 0x00, 0x00, 0x00, 0x00, 0x00, 0x00, 0x00, 0x00, 0x00, 
    0x00, 0x00, 0x00, 0x00, 0x00, 0x00, 0x00, 0x00, 0x00, 0x00, 0x00, 0x00, 0x00, 0x00, 0x00, 0x00, 0xff, 0xff, 0xff, 0x64, 0x0a, 0x28, 0x64, 0xff, 0x0a, 0x28, 0x64, 0xff, 0x14, 0x3e, 0x99, 0xff, 
    0x14, 0x3f, 0x9a, 0xff, 0x15, 0x41, 0x9c, 0xff, 0x15, 0x42, 0x9e, 0xff, 0xff, 0xff, 0xff, 0xb4, 0x16, 0x45, 0xa1, 0xff, 0x16, 0x46, 0xa3, 0xff, 0x16, 0x47, 0xa4, 0xff, 0x17, 0x49, 0xa6, 0xff, 
    0xff, 0xff, 0xff, 0xb4, 0xff, 0xff, 0xff, 0xb4, 0xff, 0xff, 0xff, 0xb4, 0xff, 0xff, 0xff, 0xb4, 0xff, 0xff, 0xff, 0xb4, 0xff, 0xff, 0xff, 0xb4, 0xff, 0xff, 0xff, 0xb4, 0xff, 0xff, 0xff, 0xb4, 
    0xff, 0xff, 0xff, 0xb4, 0xff, 0xff, 0xff, 0xb4, 0xff, 0xff, 0xff, 0xb4, 0xff, 0xff, 0xff, 0xb4, 0xff, 0xff, 0xff, 0xb4, 0xff, 0xff, 0xff, 0xb4, 0xff, 0xff, 0xff, 0xb4, 0xff, 0xff, 0xff, 0xb4, 
    0xff, 0xff, 0xff, 0xb4, 0xff, 0xff, 0xff, 0xb4, 0xff, 0xff, 0xff, 0xb4, 0xff, 0xff, 0xff, 0xb4, 0xff, 0xff, 0xff, 0xb4, 0xff, 0xff, 0xff, 0xb4, 0xff, 0xff, 0xff, 0xb4, 0xff, 0xff, 0xff, 0xb4, 
    0xff, 0xff, 0xff, 0xb4, 0xff, 0xff, 0xff, 0xb4, 0xff, 0xff, 0xff, 0xb4, 0xff, 0xff, 0xff, 0xb4, 0xff, 0xff, 0xff, 0xb4, 0xff, 0xff, 0xff, 0xb4, 0xff, 0xff, 0xff, 0xb4, 0xff, 0xff, 0xff, 0xb4, 
    0xff, 0xff, 0xff, 0xb4, 0x17, 0x49, 0xa6, 0xff, 0x16, 0x47, 0xa4, 0xff, 0x16, 0x46, 0xa3, 0xff, 0x16, 0x45, 0xa1, 0xff, 0xff, 0xff, 0xff, 0xb4, 0x15, 0x42, 0x9e, 0xff, 0x15, 0x41, 0x9c, 0xff, 
    0x14, 0x3f, 0x9a, 0xff, 0x14, 0x3e, 0x99, 0xff, 0x0a, 0x28, 0x64, 0xff, 0x0a, 0x28, 0x64, 0xff, 0xff, 0xff, 0xff, 0x64, 0x00, 0x00, 0x00, 0x00, 0x00, 0x00, 0x00, 0x00, 0x00, 0x00, 0x00, 0x00, 
    0x00, 0x00, 0x00, 0x00, 0x00, 0x00, 0x00, 0x00, 0x00, 0x00, 0x00, 0x00, 0x00, 0x00, 0x00, 0x00, 0xff, 0xff, 0xff, 0x64, 0x0a, 0x28, 0x64, 0xff, 0x0a, 0x28, 0x64, 0xff, 0xff, 0xff, 0xff, 0xb4, 
    0xff, 0xff, 0xff, 0xb4, 0xff, 0xff, 0xff, 0xb4, 0xff, 0xff, 0xff, 0xb4, 0xff, 0xff, 0xff, 0xb4, 0xff, 0xff, 0xff, 0xb4, 0xff, 0xff, 0xff, 0xb4, 0xff, 0xff, 0xff, 0xb4, 0xff, 0xff, 0xff, 0xb4, 
    0x17, 0x4b, 0xa8, 0xff, 0x18, 0x4c, 0xaa, 0xff, 0x18, 0x4d, 0xac, 0xff, 0x18, 0x4e, 0xad, 0xff, 0x19, 0x50, 0xaf, 0xff, 0x19, 0x51, 0xb0, 0xff, 0x19, 0x52, 0xb2, 0xff, 0x19, 0x53, 0xb3, 0xff, 
    0xff, 0xff, 0xff, 0xb4, 0x1a, 0x55, 0xb6, 0xff, 0x1a, 0x56, 0xb7, 0xff, 0xff, 0xff, 0xff, 0xb4, 0x1b, 0x58, 0xb9, 0xff, 0x1b, 0x59, 0xba, 0xff, 0x1b, 0x59, 0xba, 0xff, 0x1b, 0x59, 0xbb, 0xff, 
    0x1b, 0x5a, 0xbb, 0xff, 0x1b, 0x59, 0xbb, 0xff, 0x1b, 0x59, 0xba, 0xff, 0x1b, 0x59, 0xba, 0xff, 0x1b, 0x58, 0xb9, 0xff, 0xff, 0xff, 0xff, 0xb4, 0x1a, 0x56, 0xb7, 0xff, 0x1a, 0x55, 0xb6, 0xff, 
    0xff, 0xff, 0xff, 0xb4, 0x19, 0x53, 0xb3, 0xff, 0x19, 0x52, 0xb2, 0xff, 0x19, 0x51, 0xb0, 0xff, 0x19, 0x50, 0xaf, 0xff, 0x18, 0x4e, 0xad, 0xff, 0x18, 0x4d, 0xac, 0xff, 0x18, 0x4c, 0xaa, 0xff, 
    0x17, 0x4b, 0xa8, 0xff, 0xff, 0xff, 0xff, 0xb4, 0xff, 0xff, 0xff, 0xb4, 0xff, 0xff, 0xff, 0xb4, 0xff, 0xff, 0xff, 0xb4, 0xff, 0xff, 0xff, 0xb4, 0xff, 0xff, 0xff, 0xb4, 0xff, 0xff, 0xff, 0xb4, 
    0xff, 0xff, 0xff, 0xb4, 0xff, 0xff, 0xff, 0xb4, 0x0a, 0x28, 0x64, 0xff, 0x0a, 0x28, 0x64, 0xff, 0xff, 0xff, 0xff, 0x64, 0x00, 0x00, 0x00, 0x00, 0x00, 0x00, 0x00, 0x00, 0x00, 0x00, 0x00, 0x00, 
    0x00, 0x00, 0x00, 0x00, 0x00, 0x00, 0x00, 0x00, 0x00, 0x00, 0x00, 0x00, 0x00, 0x00, 0x00, 0x00, 0xff, 0xff, 0xff, 0x64, 0x0a, 0x28, 0x64, 0xff, 0x0a, 0x28, 0x64, 0xff, 0x14, 0x3f, 0x9a, 0xff, 
    0x15, 0x40, 0x9b, 0xff, 0x15, 0x42, 0x9d, 0xff, 0x15, 0x43, 0x9f, 0xff, 0xff, 0xff, 0xff, 0xb4, 0x16, 0x46, 0xa2, 0xff, 0x16, 0x47, 0xa4, 0xff, 0x17, 0x48, 0xa6, 0xff, 0x17, 0x4a, 0xa7, 0xff, 
    0x17, 0x4b, 0xa9, 0xff, 0x18, 0x4c, 0xab, 0xff, 0x18, 0x4e, 0xac, 0xff, 0x18, 0x4f, 0xae, 0xff, 0x19, 0x50, 0xb0, 0xff, 0x19, 0x52, 0xb1, 0xff, 0x19, 0x53, 0xb3, 0xff, 0x1a, 0x54, 0xb4, 0xff, 
    0xff, 0xff, 0xff, 0xb4, 0x1a, 0x56, 0xb7, 0xff, 0x1a, 0x57, 0xb8, 0xff, 0xff, 0xff, 0xff, 0xb4, 0x1b, 0x59, 0xbb, 0xff, 0x1b, 0x5a, 0xbc, 0xff, 0x1b, 0x5a, 0xbc, 0xff, 0x1b, 0x5b, 0xbd, 0xff, 
    0x1b, 0x5b, 0xbd, 0xff, 0x1b, 0x5b, 0xbd, 0xff, 0x1b, 0x5a, 0xbc, 0xff, 0x1b, 0x5a, 0xbc, 0xff, 0x1b, 0x59, 0xbb, 0xff, 0xff, 0xff, 0xff, 0xb4, 0x1a, 0x57, 0xb8, 0xff, 0x1a, 0x56, 0xb7, 0xff, 
    0xff, 0xff, 0xff, 0xb4, 0x1a, 0x54, 0xb4, 0xff, 0x19, 0x53, 0xb3, 0xff, 0x19, 0x52, 0xb1, 0xff, 0x19, 0x50, 0xb0, 0xff, 0x18, 0x4f, 0xae, 0xff, 0x18, 0x4e, 0xac, 0xff, 0x18, 0x4c, 0xab, 0xff, 
    0x17, 0x4b, 0xa9, 0xff, 0x17, 0x4a, 0xa7, 0xff, 0x17, 0x48, 0xa6, 0xff, 0x16, 0x47, 0xa4, 0xff, 0x16, 0x46, 0xa2, 0xff, 0xff, 0xff, 0xff, 0xb4, 0x15, 0x43, 0x9f, 0xff, 0x15, 0x42, 0x9d, 0xff, 
    0x15, 0x40, 0x9b, 0xff, 0x14, 0x3f, 0x9a, 0xff, 0x0a, 0x28, 0x64, 0xff, 0x0a, 0x28, 0x64, 0xff, 0xff, 0xff, 0xff, 0x64, 0x00, 0x00, 0x00, 0x00, 0x00, 0x00, 0x00, 0x00, 0x00, 0x00, 0x00, 0x00, 
    0x00, 0x00, 0x00, 0x00, 0x00, 0x00, 0x00, 0x00, 0x00, 0x00, 0x00, 0x00, 0xff, 0xff, 0xff, 0x64, 0x0a, 0x28, 0x64, 0xff, 0x0a, 0x28, 0x64, 0xff, 0x14, 0x3e, 0x98, 0xff, 0xff, 0xff, 0xff, 0xb4, 
    0xff, 0xff, 0xff, 0xb4, 0xff, 0xff, 0xff, 0xb4, 0xff, 0xff, 0xff, 0xb4, 0xff, 0xff, 0xff, 0xb4, 0xff, 0xff, 0xff, 0xb4, 0xff, 0xff, 0xff, 0xb4, 0xff, 0xff, 0xff, 0xb4, 0xff, 0xff, 0xff, 0xb4, 
    0x18, 0x4c, 0xaa, 0xff, 0x18, 0x4d, 0xab, 0xff, 0x18, 0x4e, 0xad, 0xff, 0x19, 0x50, 0xaf, 0xff, 0x19, 0x51, 0xb0, 0xff, 0x19, 0x52, 0xb2, 0xff, 0x1a, 0x54, 0xb4, 0xff, 0x1a, 0x55, 0xb5, 0xff, 
    0xff, 0xff, 0xff, 0xb4, 0x1a, 0x57, 0xb8, 0xff, 0x1b, 0x58, 0xba, 0xff, 0xff, 0xff, 0xff, 0xb4, 0x1b, 0x5a, 0xbc, 0xff, 0x1b, 0x5b, 0xbd, 0xff, 0x1c, 0x5c, 0xbe, 0xff, 0x1c, 0x5c, 0xbe, 0xff, 
    0x1c, 0x5c, 0xbf, 0xff, 0x1c, 0x5c, 0xbe, 0xff, 0x1c, 0x5c, 0xbe, 0xff, 0x1b, 0x5b, 0xbd, 0xff, 0x1b, 0x5a, 0xbc, 0xff, 0xff, 0xff, 0xff, 0xb4, 0x1b, 0x58, 0xba, 0xff, 0x1a, 0x57, 0xb8, 0xff, 
    0xff, 0xff, 0xff, 0xb4, 0x1a, 0x55, 0xb5, 0xff, 0x1a, 0x54, 0xb4, 0xff, 0x19, 0x52, 0xb2, 0xff, 0x19, 0x51, 0xb0, 0xff, 0x19, 0x50, 0xaf, 0xff, 0x18, 0x4e, 0xad, 0xff, 0x18, 0x4d, 0xab, 0xff, 
    0x18, 0x4c, 0xaa, 0xff, 0xff, 0xff, 0xff, 0xb4, 0xff, 0xff, 0xff, 0xb4, 0xff, 0xff, 0xff, 0xb4, 0xff, 0xff, 0xff, 0xb4, 0xff, 0xff, 0xff, 0xb4, 0xff, 0xff, 0xff, 0xb4, 0xff, 0xff, 0xff, 0xb4, 
    0xff, 0xff, 0xff, 0xb4, 0xff, 0xff, 0xff, 0xb4, 0x14, 0x3e, 0x98, 0xff, 0x0a, 0x28, 0x64, 0xff, 0x0a, 0x28, 0x64, 0xff, 0xff, 0xff, 0xff, 0x64, 0x00, 0x00, 0x00, 0x00, 0x00, 0x00, 0x00, 0x00, 
    0x00, 0x00, 0x00, 0x00, 0x00, 0x00, 0x00, 0x00, 0x00, 0x00, 0x00, 0x00, 0xff, 0xff, 0xff, 0x64, 0x0a, 0x28, 0x64, 0xff, 0x0a, 0x28, 0x64, 0xff, 0x14, 0x3e, 0x99, 0xff, 0x14, 0x3f, 0x9a, 0xff, 
    0x15, 0x41, 0x9c, 0xff, 0x15, 0x42, 0x9e, 0xff, 0x16, 0x44, 0xa0, 0xff, 0xff, 0xff, 0xff, 0xb4, 0x16, 0x46, 0xa3, 0xff, 0x17, 0x48, 0xa5, 0xff, 0x17, 0x49, 0xa7, 0xff, 0x17, 0x4b, 0xa8, 0xff, 
    0xff, 0xff, 0xff, 0xb4, 0xff, 0xff, 0xff, 0xb4, 0xff, 0xff, 0xff, 0xb4, 0xff, 0xff, 0xff, 0xb4, 0xff, 0xff, 0xff, 0xb4, 0xff, 0xff, 0xff, 0xb4, 0xff, 0xff, 0xff, 0xb4, 0xff, 0xff, 0xff, 0xb4, 
    0xff, 0xff, 0xff, 0xb4, 0xff, 0xff, 0xff, 0xb4, 0xff, 0xff, 0xff, 0xb4, 0xff, 0xff, 0xff, 0xb4, 0xff, 0xff, 0xff, 0xb4, 0xff, 0xff, 0xff, 0xb4, 0xff, 0xff, 0xff, 0xb4, 0xff, 0xff, 0xff, 0xb4, 
    0xff, 0xff, 0xff, 0xb4, 0xff, 0xff, 0xff, 0xb4, 0xff, 0xff, 0xff, 0xb4, 0xff, 0xff, 0xff, 0xb4, 0xff, 0xff, 0xff, 0xb4, 0xff, 0xff, 0xff, 0xb4, 0xff, 0xff, 0xff, 0xb4, 0xff, 0xff, 0xff, 0xb4, 
    0xff, 0xff, 0xff, 0xb4, 0xff, 0xff, 0xff, 0xb4, 0xff, 0xff, 0xff, 0xb4, 0xff, 0xff, 0xff, 0xb4, 0xff, 0xff, 0xff, 0xb4, 0xff, 0xff, 0xff, 0xb4, 0xff, 0xff, 0xff, 0xb4, 0xff, 0xff, 0xff, 0xb4, 
    0xff, 0xff, 0xff, 0xb4, 0x17, 0x4b, 0xa8, 0xff, 0x17, 0x49, 0xa7, 0xff, 0x17, 0x48, 0xa5, 0xff, 0x16, 0x46, 0xa3, 0xff, 0xff, 0xff, 0xff, 0xb4, 0x16, 0x44, 0xa0, 0xff, 0x15, 0x42, 0x9e, 0xff, 
    0x15, 0x41, 0x9c, 0xff, 0x14, 0x3f, 0x9a, 0xff, 0x14, 0x3e, 0x99, 0xff, 0x0a, 0x28, 0x64, 0xff, 0x0a, 0x28, 0x64, 0xff, 0xff, 0xff, 0xff, 0x64, 0x00, 0x00, 0x00, 0x00, 0x00, 0x00, 0x00, 0x00, 
    0x00, 0x00, 0x00, 0x00, 0x00, 0x00, 0x00, 0x00, 0x00, 0x00, 0x00, 0x00, 0xff, 0xff, 0xff, 0x64, 0x0a, 0x28, 0x64, 0xff, 0x0a, 0x28, 0x64, 0xff, 0x14, 0x3e, 0x99, 0xff, 0x15, 0x40, 0x9b, 0xff, 
    0x15, 0x41, 0x9c, 0xff, 0x15, 0x42, 0x9e, 0xff, 0x16, 0x44, 0xa0, 0xff, 0xff, 0xff, 0xff, 0xb4, 0x16, 0x47, 0xa3, 0xff, 0x17, 0x48, 0xa5, 0xff, 0x17, 0x49, 0xa7, 0xff, 0x17, 0x4b, 0xa9, 0xff, 
    0x18, 0x4c, 0xaa, 0xff, 0x18, 0x4e, 0xac, 0xff, 0x18, 0x4f, 0xae, 0xff, 0x19, 0x50, 0xb0, 0xff, 0x19, 0x52, 0xb1, 0xff, 0x19, 0x53, 0xb3, 0xff, 0x1a, 0x55, 0xb5, 0xff, 0x1a, 0x56, 0xb7, 0xff, 
    0xff, 0xff, 0xff, 0xb4, 0x1b, 0x59, 0xba, 0xff, 0x1b, 0x5a, 0xbc, 0xff, 0xff, 0xff, 0xff, 0xb4, 0x1c, 0x5c, 0xbf, 0xff, 0x1c, 0x5d, 0xc0, 0xff, 0x1c, 0x5e, 0xc1, 0xff, 0x1c, 0x5f, 0xc2, 0xff, 
    0x1c, 0x5f, 0xc2, 0xff, 0x1c, 0x5f, 0xc2, 0xff, 0x1c, 0x5e, 0xc1, 0xff, 0x1c, 0x5d, 0xc0, 0xff, 0x1c, 0x5c, 0xbf, 0xff, 0xff, 0xff, 0xff, 0xb4, 0x1b, 0x5a, 0xbc, 0xff, 0x1b, 0x59, 0xba, 0xff, 
    0xff, 0xff, 0xff, 0xb4, 0x1a, 0x56, 0xb7, 0xff, 0x1a, 0x55, 0xb5, 0xff, 0x19, 0x53, 0xb3, 0xff, 0x19, 0x52, 0xb1, 0xff, 0x19, 0x50, 0xb0, 0xff, 0x18, 0x4f, 0xae, 0xff, 0x18, 0x4e, 0xac, 0xff, 
    0x18, 0x4c, 0xaa, 0xff, 0x17, 0x4b, 0xa9, 0xff, 0x17, 0x49, 0xa7, 0xff, 0x17, 0x48, 0xa5, 0xff, 0x16, 0x47, 0xa3, 0xff, 0xff, 0xff, 0xff, 0xb4, 0x16, 0x44, 0xa0, 0xff, 0x15, 0x42, 0x9e, 0xff, 
    0x15, 0x41, 0x9c, 0xff, 0x15, 0x40, 0x9b, 0xff, 0x14, 0x3e, 0x99, 0xff, 0x0a, 0x28, 0x64, 0xff, 0x0a, 0x28, 0x64, 0xff, 0xff, 0xff, 0xff, 0x64, 0x00, 0x00, 0x00, 0x00, 0x00, 0x00, 0x00, 0x00, 
    0x00, 0x00, 0x00, 0x00, 0x00, 0x00, 0x00, 0x00, 0x00, 0x00, 0x00, 0x00, 0xff, 0xff, 0xff, 0x64, 0x0a, 0x28, 0x64, 0xff, 0x0a, 0x28, 0x64, 0xff, 0x14, 0x3e, 0x99, 0xff, 0x15, 0x40, 0x9b, 0xff, 
    0x15, 0x41, 0x9c, 0xff, 0x15, 0x43, 0x9e, 0xff, 0x16, 0x44, 0xa0, 0xff, 0xff, 0xff, 0xff, 0xb4, 0x16, 0x47, 0xa4, 0xff, 0x17, 0x48, 0xa5, 0xff, 0x17, 0x4a, 0xa7, 0xff, 0xff, 0xff, 0xff, 0xb4, 
    0xff, 0xff, 0xff, 0xb4, 0xff, 0xff, 0xff, 0xb4, 0xff, 0xff, 0xff, 0xb4, 0xff, 0xff, 0xff, 0xb4, 0xff, 0xff, 0xff, 0xb4, 0xff, 0xff, 0xff, 0xb4, 0xff, 0xff, 0xff, 0xb4, 0xff, 0xff, 0xff, 0xb4, 
    0xff, 0xff, 0xff, 0xb4, 0xff, 0xff, 0xff, 0xb4, 0xff, 0xff, 0xff, 0xb4, 0xff, 0xff, 0xff, 0xb4, 0xff, 0xff, 0xff, 0xb4, 0xff, 0xff, 0xff, 0xb4, 0xff, 0xff, 0xff, 0xb4, 0xff, 0xff, 0xff, 0xb4, 
    0xff, 0xff, 0xff, 0xb4, 0xff, 0xff, 0xff, 0xb4, 0xff, 0xff, 0xff, 0xb4, 0xff, 0xff, 0xff, 0xb4, 0xff, 0xff, 0xff, 0xb4, 0xff, 0xff, 0xff, 0xb4, 0xff, 0xff, 0xff, 0xb4, 0xff, 0xff, 0xff, 0xb4, 
    0xff, 0xff, 0xff, 0xb4, 0xff, 0xff, 0xff, 0xb4, 0xff, 0xff, 0xff, 0xb4, 0xff, 0xff, 0xff, 0xb4, 0xff, 0xff, 0xff, 0xb4, 0xff, 0xff, 0xff, 0xb4, 0xff, 0xff, 0xff, 0xb4, 0xff, 0xff, 0xff, 0xb4, 
    0xff, 0xff, 0xff, 0xb4, 0xff, 0xff, 0xff, 0xb4, 0x17, 0x4a, 0xa7, 0xff, 0x17, 0x48, 0xa5, 0xff, 0x16, 0x47, 0xa4, 0xff, 0xff, 0xff, 0xff, 0xb4, 0x16, 0x44, 0xa0, 0xff, 0x15, 0x43, 0x9e, 0xff, 
    0x15, 0x41, 0x9c, 0xff, 0x15, 0x40, 0x9b, 0xff, 0x14, 0x3e, 0x99, 0xff, 0x0a, 0x28, 0x64, 0xff, 0x0a, 0x28, 0x64, 0xff, 0xff, 0xff, 0xff, 0x64, 0x00, 0x00, 0x00, 0x00, 0x00, 0x00, 0x00, 0x00, 
    0x00, 0x00, 0x00, 0x00, 0x00, 0x00, 0x00, 0x00, 0x00, 0x00, 0x00, 0x00, 0xff, 0xff, 0xff, 0x64, 0x0a, 0x28, 0x64, 0xff, 0x0a, 0x28, 0x64, 0xff, 0xff, 0xff, 0xff, 0xb4, 0xff, 0xff, 0xff, 0xb4, 
    0xff, 0xff, 0xff, 0xb4, 0xff, 0xff, 0xff, 0xb4, 0xff, 0xff, 0xff, 0xb4, 0xff, 0xff, 0xff, 0xb4, 0xff, 0xff, 0xff, 0xb4, 0xff, 0xff, 0xff, 0xb4, 0xff, 0xff, 0xff, 0xb4, 0x17, 0x4b, 0xa9, 0xff, 
    0x18, 0x4d, 0xab, 0xff, 0x18, 0x4e, 0xad, 0xff, 0x18, 0x4f, 0xae, 0xff, 0x19, 0x51, 0xb0, 0xff, 0x19, 0x52, 0xb2, 0xff, 0x1a, 0x54, 0xb4, 0xff, 0x1a, 0x55, 0xb6, 0xff, 0x1a, 0x57, 0xb7, 0xff, 
    0xff, 0xff, 0xff, 0xb4, 0x1b, 0x59, 0xbb, 0xff, 0x1b, 0x5b, 0xbd, 0xff, 0xff, 0xff, 0xff, 0xb4, 0x1c, 0x5e, 0xc0, 0xff, 0x1c, 0x5f, 0xc2, 0xff, 0x1d, 0x60, 0xc4, 0xff, 0x1d, 0x61, 0xc5, 0xff, 
    0x1d, 0x62, 0xc6, 0xff, 0x1d, 0x61, 0xc5, 0xff, 0x1d, 0x60, 0xc4, 0xff, 0x1c, 0x5f, 0xc2, 0xff, 0x1c, 0x5e, 0xc0, 0xff, 0xff, 0xff, 0xff, 0xb4, 0x1b, 0x5b, 0xbd, 0xff, 0x1b, 0x59, 0xbb, 0xff, 
    0xff, 0xff, 0xff, 0xb4, 0x1a, 0x57, 0xb7, 0xff, 0x1a, 0x55, 0xb6, 0xff, 0x1a, 0x54, 0xb4, 0xff, 0x19, 0x52, 0xb2, 0xff, 0x19, 0x51, 0xb0, 0xff, 0x18, 0x4f, 0xae, 0xff, 0x18, 0x4e, 0xad, 0xff, 
    0x18, 0x4d, 0xab, 0xff, 0x17, 0x4b, 0xa9, 0xff, 0xff, 0xff, 0xff, 0xb4, 0xff, 0xff, 0xff, 0xb4, 0xff, 0xff, 0xff, 0xb4, 0xff, 0xff, 0xff, 0xb4, 0xff, 0xff, 0xff, 0xb4, 0xff, 0xff, 0xff, 0xb4, 
    0xff, 0xff, 0xff, 0xb4, 0xff, 0xff, 0xff, 0xb4, 0xff, 0xff, 0xff, 0xb4, 0x0a, 0x28, 0x64, 0xff, 0x0a, 0x28, 0x64, 0xff, 0xff, 0xff, 0xff, 0x64, 0x00, 0x00, 0x00, 0x00, 0x00, 0x00, 0x00, 0x00, 
    0x00, 0x00, 0x00, 0x00, 0x00, 0x00, 0x00, 0x00, 0x00, 0x00, 0x00, 0x00, 0xff, 0xff, 0xff, 0x64, 0x0a, 0x28, 0x64, 0xff, 0x0a, 0x28, 0x64, 0xff, 0x14, 0x3e, 0x99, 0xff, 0x15, 0x40, 0x9b, 0xff, 
    0x15, 0x41, 0x9d, 0xff, 0x15, 0x43, 0x9e, 0xff, 0x16, 0x44, 0xa0, 0xff, 0xff, 0xff, 0xff, 0xb4, 0x16, 0x47, 0xa4, 0xff, 0x17, 0x48, 0xa6, 0xff, 0x17, 0x4a, 0xa7, 0xff, 0x17, 0x4b, 0xa9, 0xff, 
    0x18, 0x4d, 0xab, 0xff, 0x18, 0x4e, 0xad, 0xff, 0x19, 0x50, 0xaf, 0xff, 0x19, 0x51, 0xb0, 0xff, 0x19, 0x52, 0xb2, 0xff, 0x1a, 0x54, 0xb4, 0xff, 0x1a, 0x55, 0xb6, 0xff, 0x1a, 0x57, 0xb7, 0xff, 
    0xff, 0xff, 0xff, 0xb4, 0x1b, 0x5a, 0xbb, 0xff, 0x1b, 0x5b, 0xbd, 0xff, 0xff, 0xff, 0xff, 0xb4, 0x1c, 0x5e, 0xc0, 0xff, 0x1c, 0x5f, 0xc2, 0xff, 0x1d, 0x61, 0xc4, 0xff, 0x1d, 0x62, 0xc6, 0xff, 
    0x1e, 0x64, 0xc8, 0xff, 0x1d, 0x62, 0xc6, 0xff, 0x1d, 0x61, 0xc4, 0xff, 0x1c, 0x5f, 0xc2, 0xff, 0x1c, 0x5e, 0xc0, 0xff, 0xff, 0xff, 0xff, 0xb4, 0x1b, 0x5b, 0xbd, 0xff, 0x1b, 0x5a, 0xbb, 0xff, 
    0xff, 0xff, 0xff, 0xb4, 0x1a, 0x57, 0xb7, 0xff, 0x1a, 0x55, 0xb6, 0xff, 0x1a, 0x54, 0xb4, 0xff, 0x19, 0x52, 0xb2, 0xff, 0x19, 0x51, 0xb0, 0xff, 0x19, 0x50, 0xaf, 0xff, 0x18, 0x4e, 0xad, 0xff, 
    0x18, 0x4d, 0xab, 0xff, 0x17, 0x4b, 0xa9, 0xff, 0x17, 0x4a, 0xa7, 0xff, 0x17, 0x48, 0xa6, 0xff, 0x16, 0x47, 0xa4, 0xff, 0xff, 0xff, 0xff, 0xb4, 0x16, 0x44, 0xa0, 0xff, 0x15, 0x43, 0x9e, 0xff, 
    0x15, 0x41, 0x9d, 0xff, 0x15, 0x40, 0x9b, 0xff, 0x14, 0x3e, 0x99, 0xff, 0x0a, 0x28, 0x64, 0xff, 0x0a, 0x28, 0x64, 0xff, 0xff, 0xff, 0xff, 0x64, 0x00, 0x00, 0x00, 0x00, 0x00, 0x00, 0x00, 0x00, 
    0x00, 0x00, 0x00, 0x00, 0x00, 0x00, 0x00, 0x00, 0x00, 0x00, 0x00, 0x00, 0xff, 0xff, 0xff, 0x64, 0x0a, 0x28, 0x64, 0xff, 0x0a, 0x28, 0x64, 0xff, 0xff, 0xff, 0xff, 0xb4, 0xff, 0xff, 0xff, 0xb4, 
    0xff, 0xff, 0xff, 0xb4, 0xff, 0xff, 0xff, 0xb4, 0xff, 0xff, 0xff, 0xb4, 0xff, 0xff, 0xff, 0xb4, 0xff, 0xff, 0xff, 0xb4, 0xff, 0xff, 0xff, 0xb4, 0xff, 0xff, 0xff, 0xb4, 0x17, 0x4b, 0xa9, 0xff, 
    0x18, 0x4d, 0xab, 0xff, 0x18, 0x4e, 0xad, 0xff, 0x18, 0x4f, 0xae, 0xff, 0x19, 0x51, 0xb0, 0xff, 0x19, 0x52, 0xb2, 0xff, 0x1a, 0x54, 0xb4, 0xff, 0x1a, 0x55, 0xb6, 0xff, 0x1a, 0x57, 0xb7, 0xff, 
    0xff, 0xff, 0xff, 0xb4, 0x1b, 0x59, 0xbb, 0xff, 0x1b, 0x5b, 0xbd, 0xff, 0xff, 0xff, 0xff, 0xb4, 0x1c, 0x5e, 0xc0, 0xff, 0x1c, 0x5f, 0xc2, 0xff, 0x1d, 0x60, 0xc4, 0xff, 0x1d, 0x61, 0xc5, 0xff, 
    0x1d, 0x62, 0xc6, 0xff, 0x1d, 0x61, 0xc5, 0xff, 0x1d, 0x60, 0xc4, 0xff, 0x1c, 0x5f, 0xc2, 0xff, 0x1c, 0x5e, 0xc0, 0xff, 0xff, 0xff, 0xff, 0xb4, 0x1b, 0x5b, 0xbd, 0xff, 0x1b, 0x59, 0xbb, 0xff, 
    0xff, 0xff, 0xff, 0xb4, 0x1a, 0x57, 0xb7, 0xff, 0x1a, 0x55, 0xb6, 0xff, 0x1a, 0x54, 0xb4, 0xff, 0x19, 0x52, 0xb2, 0xff, 0x19, 0x51, 0xb0, 0xff, 0x18, 0x4f, 0xae, 0xff, 0x18, 0x4e, 0xad, 0xff, 
    0x18, 0x4d, 0xab, 0xff, 0x17, 0x4b, 0xa9, 0xff, 0xff, 0xff, 0xff, 0xb4, 0xff, 0xff, 0xff, 0xb4, 0xff, 0xff, 0xff, 0xb4, 0xff, 0xff, 0xff, 0xb4, 0xff, 0xff, 0xff, 0xb4, 0xff, 0xff, 0xff, 0xb4, 
    0xff, 0xff, 0xff, 0xb4, 0xff, 0xff, 0xff, 0xb4, 0xff, 0xff, 0xff, 0xb4, 0x0a, 0x28, 0x64, 0xff, 0x0a, 0x28, 0x64, 0xff, 0xff, 0xff, 0xff, 0x64, 0x00, 0x00, 0x00, 0x00, 0x00, 0x00, 0x00, 0x00, 
    0x00, 0x00, 0x00, 0x00, 0x00, 0x00, 0x00, 0x00, 0x00, 0x00, 0x00, 0x00, 0xff, 0xff, 0xff, 0x64, 0x0a, 0x28, 0x64, 0xff, 0x0a, 0x28, 0x64, 0xff, 0x14, 0x3e, 0x99, 0xff, 0x15, 0x40, 0x9b, 0xff, 
    0x15, 0x41, 0x9c, 0xff, 0x15, 0x43, 0x9e, 0xff, 0x16, 0x44, 0xa0, 0xff, 0xff, 0xff, 0xff, 0xb4, 0x16, 0x47, 0xa4, 0xff, 0x17, 0x48, 0xa5, 0xff, 0x17, 0x4a, 0xa7, 0xff, 0xff, 0xff, 0xff, 0xb4, 
    0xff, 0xff, 0xff, 0xb4, 0xff, 0xff, 0xff, 0xb4, 0xff, 0xff, 0xff, 0xb4, 0xff, 0xff, 0xff, 0xb4, 0xff, 0xff, 0xff, 0xb4, 0xff, 0xff, 0xff, 0xb4, 0xff, 0xff, 0xff, 0xb4, 0xff, 0xff, 0xff, 0xb4, 
    0xff, 0xff, 0xff, 0xb4, 0xff, 0xff, 0xff, 0xb4, 0xff, 0xff, 0xff, 0xb4, 0xff, 0xff, 0xff, 0xb4, 0xff, 0xff, 0xff, 0xb4, 0xff, 0xff, 0xff, 0xb4, 0xff, 0xff, 0xff, 0xb4, 0xff, 0xff, 0xff, 0xb4, 
    0xff, 0xff, 0xff, 0xb4, 0xff, 0xff, 0xff, 0xb4, 0xff, 0xff, 0xff, 0xb4, 0xff, 0xff, 0xff, 0xb4, 0xff, 0xff, 0xff, 0xb4, 0xff, 0xff, 0xff, 0xb4, 0xff, 0xff, 0xff, 0xb4, 0xff, 0xff, 0xff, 0xb4, 
    0xff, 0xff, 0xff, 0xb4, 0xff, 0xff, 0xff, 0xb4, 0xff, 0xff, 0xff, 0xb4, 0xff, 0xff, 0xff, 0xb4, 0xff, 0xff, 0xff, 0xb4, 0xff, 0xff, 0xff, 0xb4, 0xff, 0xff, 0xff, 0xb4, 0xff, 0xff, 0xff, 0xb4, 
    0xff, 0xff, 0xff, 0xb4, 0xff, 0xff, 0xff, 0xb4, 0x17, 0x4a, 0xa7, 0xff, 0x17, 0x48, 0xa5, 0xff, 0x16, 0x47, 0xa4, 0xff, 0xff, 0xff, 0xff, 0xb4, 0x16, 0x44, 0xa0, 0xff, 0x15, 0x43, 0x9e, 0xff, 
    0x15, 0x41, 0x9c, 0xff, 0x15, 0x40, 0x9b, 0xff, 0x14, 0x3e, 0x99, 0xff, 0x0a, 0x28, 0x64, 0xff, 0x0a, 0x28, 0x64, 0xff, 0xff, 0xff, 0xff, 0x64, 0x00, 0x00, 0x00, 0x00, 0x00, 0x00, 0x00, 0x00, 
    0x00, 0x00, 0x00, 0x00, 0x00, 0x00, 0x00, 0x00, 0x00, 0x00, 0x00, 0x00, 0xff, 0xff, 0xff, 0x64, 0x0a, 0x28, 0x64, 0xff, 0x0a, 0x28, 0x64, 0xff, 0x14, 0x3e, 0x99, 0xff, 0x15, 0x40, 0x9b, 0xff, 
    0x15, 0x41, 0x9c, 0xff, 0x15, 0x42, 0x9e, 0xff, 0x16, 0x44, 0xa0, 0xff, 0xff, 0xff, 0xff, 0xb4, 0x16, 0x47, 0xa3, 0xff, 0x17, 0x48, 0xa5, 0xff, 0x17, 0x49, 0xa7, 0xff, 0x17, 0x4b, 0xa9, 0xff, 
    0x18, 0x4c, 0xaa, 0xff, 0x18, 0x4e, 0xac, 0xff, 0x18, 0x4f, 0xae, 0xff, 0x19, 0x50, 0xb0, 0xff, 0x19, 0x52, 0xb1, 0xff, 0x19, 0x53, 0xb3, 0xff, 0x1a, 0x55, 0xb5, 0xff, 0x1a, 0x56, 0xb7, 0xff, 
    0xff, 0xff, 0xff, 0xb4, 0x1b, 0x59, 0xba, 0xff, 0x1b, 0x5a, 0xbc, 0xff, 0xff, 0xff, 0xff, 0xb4, 0x1c, 0x5c, 0xbf, 0xff, 0x1c, 0x5d, 0xc0, 0xff, 0x1c, 0x5e, 0xc1, 0xff, 0x1c, 0x5f, 0xc2, 0xff, 
    0x1c, 0x5f, 0xc2, 0xff, 0x1c, 0x5f, 0xc2, 0xff, 0x1c, 0x5e, 0xc1, 0xff, 0x1c, 0x5d, 0xc0, 0xff, 0x1c, 0x5c, 0xbf, 0xff, 0xff, 0xff, 0xff, 0xb4, 0x1b, 0x5a, 0xbc, 0xff, 0x1b, 0x59, 0xba, 0xff, 
    0xff, 0xff, 0xff, 0xb4, 0x1a, 0x56, 0xb7, 0xff, 0x1a, 0x55, 0xb5, 0xff, 0x19, 0x53, 0xb3, 0xff, 0x19, 0x52, 0xb1, 0xff, 0x19, 0x50, 0xb0, 0xff, 0x18, 0x4f, 0xae, 0xff, 0x18, 0x4e, 0xac, 0xff, 
    0x18, 0x4c, 0xaa, 0xff, 0x17, 0x4b, 0xa9, 0xff, 0x17, 0x49, 0xa7, 0xff, 0x17, 0x48, 0xa5, 0xff, 0x16, 0x47, 0xa3, 0xff, 0xff, 0xff, 0xff, 0xb4, 0x16, 0x44, 0xa0, 0xff, 0x15, 0x42, 0x9e, 0xff, 
    0x15, 0x41, 0x9c, 0xff, 0x15, 0x40, 0x9b, 0xff, 0x14, 0x3e, 0x99, 0xff, 0x0a, 0x28, 0x64, 0xff, 0x0a, 0x28, 0x64, 0xff, 0xff, 0xff, 0xff, 0x64, 0x00, 0x00, 0x00, 0x00, 0x00, 0x00, 0x00, 0x00, 
    0x00, 0x00, 0x00, 0x00, 0x00, 0x00, 0x00, 0x00, 0x00, 0x00, 0x00, 0x00, 0xff, 0xff, 0xff, 0x64, 0x0a, 0x28, 0x64, 0xff, 0x0a, 0x28, 0x64, 0xff, 0x14, 0x3e, 0x99, 0xff, 0x14, 0x3f, 0x9a, 0xff, 
    0x15, 0x41, 0x9c, 0xff, 0x15, 0x42, 0x9e, 0xff, 0x16, 0x44, 0xa0, 0xff, 0xff, 0xff, 0xff, 0xb4, 0x16, 0x46, 0xa3, 0xff, 0x17, 0x48, 0xa5, 0xff, 0x17, 0x49, 0xa7, 0xff, 0x17, 0x4b, 0xa8, 0xff, 
    0xff, 0xff, 0xff, 0xb4, 0xff, 0xff, 0xff, 0xb4, 0xff, 0xff, 0xff, 0xb4, 0xff, 0xff, 0xff, 0xb4, 0xff, 0xff, 0xff, 0xb4, 0xff, 0xff, 0xff, 0xb4, 0xff, 0xff, 0xff, 0xb4, 0xff, 0xff, 0xff, 0xb4, 
    0xff, 0xff, 0xff, 0xb4, 0xff, 0xff, 0xff, 0xb4, 0xff, 0xff, 0xff, 0xb4, 0xff, 0xff, 0xff, 0xb4, 0xff, 0xff, 0xff, 0xb4, 0xff, 0xff, 0xff, 0xb4, 0xff, 0xff, 0xff, 0xb4, 0xff, 0xff, 0xff, 0xb4, 
    0xff, 0xff, 0xff, 0xb4, 0xff, 0xff, 0xff, 0xb4, 0xff, 0xff, 0xff, 0xb4, 0xff, 0xff, 0xff, 0xb4, 0xff, 0xff, 0xff, 0xb4, 0xff, 0xff, 0xff, 0xb4, 0xff, 0xff, 0xff, 0xb4, 0xff, 0xff, 0xff, 0xb4, 
    0xff, 0xff, 0xff, 0xb4, 0xff, 0xff, 0xff, 0xb4, 0xff, 0xff, 0xff, 0xb4, 0xff, 0xff, 0xff, 0xb4, 0xff, 0xff, 0xff, 0xb4, 0xff, 0xff, 0xff, 0xb4, 0xff, 0xff, 0xff, 0xb4, 0xff, 0xff, 0xff, 0xb4, 
    0xff, 0xff, 0xff, 0xb4, 0x17, 0x4b, 0xa8, 0xff, 0x17, 0x49, 0xa7, 0xff, 0x17, 0x48, 0xa5, 0xff, 0x16, 0x46, 0xa3, 0xff, 0xff, 0xff, 0xff, 0xb4, 0x16, 0x44, 0xa0, 0xff, 0x15, 0x42, 0x9e, 0xff, 
    0x15, 0x41, 0x9c, 0xff, 0x14, 0x3f, 0x9a, 0xff, 0x14, 0x3e, 0x99, 0xff, 0x0a, 0x28, 0x64, 0xff, 0x0a, 0x28, 0x64, 0xff, 0xff, 0xff, 0xff, 0x64, 0x00, 0x00, 0x00, 0x00, 0x00, 0x00, 0x00, 0x00, 
    0x00, 0x00, 0x00, 0x00, 0x00, 0x00, 0x00, 0x00, 0x00, 0x00, 0x00, 0x00, 0xff, 0xff, 0xff, 0x64, 0x0a, 0x28, 0x64, 0xff, 0x0a, 0x28, 0x64, 0xff, 0x14, 0x3e, 0x98, 0xff, 0xff, 0xff, 0xff, 0xb4, 
    0xff, 0xff, 0xff, 0xb4, 0xff, 0xff, 0xff, 0xb4, 0xff, 0xff, 0xff, 0xb4, 0xff, 0xff, 0xff, 0xb4, 0xff, 0xff, 0xff, 0xb4, 0xff, 0xff, 0xff, 0xb4, 0xff, 0xff, 0xff, 0xb4, 0xff, 0xff, 0xff, 0xb4, 
    0x18, 0x4c, 0xaa, 0xff, 0x18, 0x4d, 0xab, 0xff, 0x18, 0x4e, 0xad, 0xff, 0x19, 0x50, 0xaf, 0xff, 0x19, 0x51, 0xb0, 0xff, 0x19, 0x52, 0xb2, 0xff, 0x1a, 0x54, 0xb4, 0xff, 0x1a, 0x55, 0xb5, 0xff, 
    0xff, 0xff, 0xff, 0xb4, 0x1a, 0x57, 0xb8, 0xff, 0x1b, 0x58, 0xba, 0xff, 0xff, 0xff, 0xff, 0xb4, 0x1b, 0x5a, 0xbc, 0xff, 0x1b, 0x5b, 0xbd, 0xff, 0x1c, 0x5c, 0xbe, 0xff, 0x1c, 0x5c, 0xbe, 0xff, 
    0x1c, 0x5c, 0xbf, 0xff, 0x1c, 0x5c, 0xbe, 0xff, 0x1c, 0x5c, 0xbe, 0xff, 0x1b, 0x5b, 0xbd, 0xff, 0x1b, 0x5a, 0xbc, 0xff, 0xff, 0xff, 0xff, 0xb4, 0x1b, 0x58, 0xba, 0xff, 0x1a, 0x57, 0xb8, 0xff, 
    0xff, 0xff, 0xff, 0xb4, 0x1a, 0x55, 0xb5, 0xff, 0x1a, 0x54, 0xb4, 0xff, 0x19, 0x52, 0xb2, 0xff, 0x19, 0x51, 0xb0, 0xff, 0x19, 0x50, 0xaf, 0xff, 0x18, 0x4e, 0xad, 0xff, 0x18, 0x4d, 0xab, 0xff, 
    0x18, 0x4c, 0xaa, 0xff, 0xff, 0xff, 0xff, 0xb4, 0xff, 0xff, 0xff, 0xb4, 0xff, 0xff, 0xff, 0xb4, 0xff, 0xff, 0xff, 0xb4, 0xff, 0xff, 0xff, 0xb4, 0xff, 0xff, 0xff, 0xb4, 0xff, 0xff, 0xff, 0xb4, 
    0xff, 0xff, 0xff, 0xb4, 0xff, 0xff, 0xff, 0xb4, 0x14, 0x3e, 0x98, 0xff, 0x0a, 0x28, 0x64, 0xff, 0x0a, 0x28, 0x64, 0xff, 0xff, 0xff, 0xff, 0x64, 0x00, 0x00, 0x00, 0x00, 0x00, 0x00, 0x00, 0x00, 
    0x00, 0x00, 0x00, 0x00, 0x00, 0x00, 0x00, 0x00, 0x00, 0x00, 0x00, 0x00, 0x00, 0x00, 0x00, 0x00, 0xff, 0xff, 0xff, 0x64, 0x0a, 0x28, 0x64, 0xff, 0x0a, 0x28, 0x64, 0xff, 0x14, 0x3f, 0x9a, 0xff, 
    0x15, 0x40, 0x9b, 0xff, 0x15, 0x42, 0x9d, 0xff, 0x15, 0x43, 0x9f, 0xff, 0xff, 0xff, 0xff, 0xb4, 0x16, 0x46, 0xa2, 0xff, 0x16, 0x47, 0xa4, 0xff, 0x17, 0x48, 0xa6, 0xff, 0x17, 0x4a, 0xa7, 0xff, 
    0x17, 0x4b, 0xa9, 0xff, 0x18, 0x4c, 0xab, 0xff, 0x18, 0x4e, 0xac, 0xff, 0x18, 0x4f, 0xae, 0xff, 0x19, 0x50, 0xb0, 0xff, 0x19, 0x52, 0xb1, 0xff, 0x19, 0x53, 0xb3, 0xff, 0x1a, 0x54, 0xb4, 0xff, 
    0xff, 0xff, 0xff, 0xb4, 0x1a, 0x56, 0xb7, 0xff, 0x1a, 0x57, 0xb8, 0xff, 0xff, 0xff, 0xff, 0xb4, 0x1b, 0x59, 0xbb, 0xff, 0x1b, 0x5a, 0xbc, 0xff, 0x1b, 0x5a, 0xbc, 0xff, 0x1b, 0x5b, 0xbd, 0xff, 
    0x1b, 0x5b, 0xbd, 0xff, 0x1b, 0x5b, 0xbd, 0xff, 0x1b, 0x5a, 0xbc, 0xff, 0x1b, 0x5a, 0xbc, 0xff, 0x1b, 0x59, 0xbb, 0xff, 0xff, 0xff, 0xff, 0xb4, 0x1a, 0x57, 0xb8, 0xff, 0x1a, 0x56, 0xb7, 0xff, 
    0xff, 0xff, 0xff, 0xb4, 0x1a, 0x54, 0xb4, 0xff, 0x19, 0x53, 0xb3, 0xff, 0x19, 0x52, 0xb1, 0xff, 0x19, 0x50, 0xb0, 0xff, 0x18, 0x4f, 0xae, 0xff, 0x18, 0x4e, 0xac, 0xff, 0x18, 0x4c, 0xab, 0xff, 
    0x17, 0x4b, 0xa9, 0xff, 0x17, 0x4a, 0xa7, 0xff, 0x17, 0x48, 0xa6, 0xff, 0x16, 0x47, 0xa4, 0xff, 0x16, 0x46, 0xa2, 0xff, 0xff, 0xff, 0xff, 0xb4, 0x15, 0x43, 0x9f, 0xff, 0x15, 0x42, 0x9d, 0xff, 
    0x15, 0x40, 0x9b, 0xff, 0x14, 0x3f, 0x9a, 0xff, 0x0a, 0x28, 0x64, 0xff, 0x0a, 0x28, 0x64, 0xff, 0xff, 0xff, 0xff, 0x64, 0x00, 0x00, 0x00, 0x00, 0x00, 0x00, 0x00, 0x00, 0x00, 0x00, 0x00, 0x00, 
    0x00, 0x00, 0x00, 0x00, 0x00, 0x00, 0x00, 0x00, 0x00, 0x00, 0x00, 0x00, 0x00, 0x00, 0x00, 0x00, 0xff, 0xff, 0xff, 0x64, 0x0a, 0x28, 0x64, 0xff, 0x0a, 0x28, 0x64, 0xff, 0xff, 0xff, 0xff, 0xb4, 
    0xff, 0xff, 0xff, 0xb4, 0xff, 0xff, 0xff, 0xb4, 0xff, 0xff, 0xff, 0xb4, 0xff, 0xff, 0xff, 0xb4, 0xff, 0xff, 0xff, 0xb4, 0xff, 0xff, 0xff, 0xb4, 0xff, 0xff, 0xff, 0xb4, 0xff, 0xff, 0xff, 0xb4, 
    0x17, 0x4b, 0xa8, 0xff, 0x18, 0x4c, 0xaa, 0xff, 0x18, 0x4d, 0xac, 0xff, 0x18, 0x4e, 0xad, 0xff, 0x19, 0x50, 0xaf, 0xff, 0x19, 0x51, 0xb0, 0xff, 0x19, 0x52, 0xb2, 0xff, 0x19, 0x53, 0xb3, 0xff, 
    0xff, 0xff, 0xff, 0xb4, 0x1a, 0x55, 0xb6, 0xff, 0x1a, 0x56, 0xb7, 0xff, 0xff, 0xff, 0xff, 0xb4, 0x1b, 0x58, 0xb9, 0xff, 0x1b, 0x59, 0xba, 0xff, 0x1b, 0x59, 0xba, 0xff, 0x1b, 0x59, 0xbb, 0xff, 
    0x1b, 0x5a, 0xbb, 0xff, 0x1b, 0x59, 0xbb, 0xff, 0x1b, 0x59, 0xba, 0xff, 0x1b, 0x59, 0xba, 0xff, 0x1b, 0x58, 0xb9, 0xff, 0xff, 0xff, 0xff, 0xb4, 0x1a, 0x56, 0xb7, 0xff, 0x1a, 0x55, 0xb6, 0xff, 
    0xff, 0xff, 0xff, 0xb4, 0x19, 0x53, 0xb3, 0xff, 0x19, 0x52, 0xb2, 0xff, 0x19, 0x51, 0xb0, 0xff, 0x19, 0x50, 0xaf, 0xff, 0x18, 0x4e, 0xad, 0xff, 0x18, 0x4d, 0xac, 0xff, 0x18, 0x4c, 0xaa, 0xff, 
    0x17, 0x4b, 0xa8, 0xff, 0xff, 0xff, 0xff, 0xb4, 0xff, 0xff, 0xff, 0xb4, 0xff, 0xff, 0xff, 0xb4, 0xff, 0xff, 0xff, 0xb4, 0xff, 0xff, 0xff, 0xb4, 0xff, 0xff, 0xff, 0xb4, 0xff, 0xff, 0xff, 0xb4, 
    0xff, 0xff, 0xff, 0xb4, 0xff, 0xff, 0xff, 0xb4, 0x0a, 0x28, 0x64, 0xff, 0x0a, 0x28, 0x64, 0xff, 0xff, 0xff, 0xff, 0x64, 0x00, 0x00, 0x00, 0x00, 0x00, 0x00, 0x00, 0x00, 0x00, 0x00, 0x00, 0x00, 
    0x00, 0x00, 0x00, 0x00, 0x00, 0x00, 0x00, 0x00, 0x00, 0x00, 0x00, 0x00, 0x00, 0x00, 0x00, 0x00, 0xff, 0xff, 0xff, 0x64, 0x0a, 0x28, 0x64, 0xff, 0x0a, 0x28, 0x64, 0xff, 0x14, 0x3e, 0x99, 0xff, 
    0x14, 0x3f, 0x9a, 0xff, 0x15, 0x41, 0x9c, 0xff, 0x15, 0x42, 0x9e, 0xff, 0xff, 0xff, 0xff, 0xb4, 0x16, 0x45, 0xa1, 0xff, 0x16, 0x46, 0xa3, 0xff, 0x16, 0x47, 0xa4, 0xff, 0x17, 0x49, 0xa6, 0xff, 
    0xff, 0xff, 0xff, 0xb4, 0xff, 0xff, 0xff, 0xb4, 0xff, 0xff, 0xff, 0xb4, 0xff, 0xff, 0xff, 0xb4, 0xff, 0xff, 0xff, 0xb4, 0xff, 0xff, 0xff, 0xb4, 0xff, 0xff, 0xff, 0xb4, 0xff, 0xff, 0xff, 0xb4, 
    0xff, 0xff, 0xff, 0xb4, 0xff, 0xff, 0xff, 0xb4, 0xff, 0xff, 0xff, 0xb4, 0xff, 0xff, 0xff, 0xb4, 0xff, 0xff, 0xff, 0xb4, 0xff, 0xff, 0xff, 0xb4, 0xff, 0xff, 0xff, 0xb4, 0xff, 0xff, 0xff, 0xb4, 
    0xff, 0xff, 0xff, 0xb4, 0xff, 0xff, 0xff, 0xb4, 0xff, 0xff, 0xff, 0xb4, 0xff, 0xff, 0xff, 0xb4, 0xff, 0xff, 0xff, 0xb4, 0xff, 0xff, 0xff, 0xb4, 0xff, 0xff, 0xff, 0xb4, 0xff, 0xff, 0xff, 0xb4, 
    0xff, 0xff, 0xff, 0xb4, 0xff, 0xff, 0xff, 0xb4, 0xff, 0xff, 0xff, 0xb4, 0xff, 0xff, 0xff, 0xb4, 0xff, 0xff, 0xff, 0xb4, 0xff, 0xff, 0xff, 0xb4, 0xff, 0xff, 0xff, 0xb4, 0xff, 0xff, 0xff, 0xb4, 
    0xff, 0xff, 0xff, 0xb4, 0x17, 0x49, 0xa6, 0xff, 0x16, 0x47, 0xa4, 0xff, 0x16, 0x46, 0xa3, 0xff, 0x16, 0x45, 0xa1, 0xff, 0xff, 0xff, 0xff, 0xb4, 0x15, 0x42, 0x9e, 0xff, 0x15, 0x41, 0x9c, 0xff, 
    0x14, 0x3f, 0x9a, 0xff, 0x14, 0x3e, 0x99, 0xff, 0x0a, 0x28, 0x64, 0xff, 0x0a, 0x28, 0x64, 0xff, 0xff, 0xff, 0xff, 0x64, 0x00, 0x00, 0x00, 0x00, 0x00, 0x00, 0x00, 0x00, 0x00, 0x00, 0x00, 0x00, 
    0x00, 0x00, 0x00, 0x00, 0x00, 0x00, 0x00, 0x00, 0x00, 0x00, 0x00, 0x00, 0x00, 0x00, 0x00, 0x00, 0xff, 0xff, 0xff, 0x64, 0x0a, 0x28, 0x64, 0xff, 0x0a, 0x28, 0x64, 0xff, 0x0a, 0x28, 0x64, 0xff, 
    0x14, 0x3f, 0x9a, 0xff, 0x15, 0x40, 0x9b, 0xff, 0x15, 0x42, 0x9d, 0xff, 0xff, 0xff, 0xff, 0xb4, 0x16, 0x44, 0xa0, 0xff, 0x16, 0x45, 0xa2, 0xff, 0x16, 0x47, 0xa4, 0xff, 0x17, 0x48, 0xa5, 0xff, 
    0x17, 0x49, 0xa7, 0xff, 0x17, 0x4b, 0xa8, 0xff, 0x18, 0x4c, 0xaa, 0xff, 0x18, 0x4d, 0xab, 0xff, 0x18, 0x4e, 0xad, 0xff, 0x18, 0x4f, 0xae, 0xff, 0x19, 0x50, 0xaf, 0xff, 0x19, 0x51, 0xb1, 0xff, 
    0xff, 0xff, 0xff, 0xb4, 0x19, 0x53, 0xb3, 0xff, 0x1a, 0x54, 0xb4, 0xff, 0xff, 0xff, 0xff, 0xb4, 0x1a, 0x55, 0xb6, 0xff, 0x1a, 0x56, 0xb7, 0xff, 0x1a, 0x56, 0xb7, 0xff, 0x1a, 0x57, 0xb7, 0xff, 
    0x1a, 0x57, 0xb7, 0xff, 0x1a, 0x57, 0xb7, 0xff, 0x1a, 0x56, 0xb7, 0xff, 0x1a, 0x56, 0xb7, 0xff, 0x1a, 0x55, 0xb6, 0xff, 0xff, 0xff, 0xff, 0xb4, 0x1a, 0x54, 0xb4, 0xff, 0x19, 0x53, 0xb3, 0xff, 
    0xff, 0xff, 0xff, 0xb4, 0x19, 0x51, 0xb1, 0xff, 0x19, 0x50, 0xaf, 0xff, 0x18, 0x4f, 0xae, 0xff, 0x18, 0x4e, 0xad, 0xff, 0x18, 0x4d, 0xab, 0xff, 0x18, 0x4c, 0xaa, 0xff, 0x17, 0x4b, 0xa8, 0xff, 
    0x17, 0x49, 0xa7, 0xff, 0x17, 0x48, 0xa5, 0xff, 0x16, 0x47, 0xa4, 0xff, 0x16, 0x45, 0xa2, 0xff, 0x16, 0x44, 0xa0, 0xff, 0xff, 0xff, 0xff, 0xb4, 0x15, 0x42, 0x9d, 0xff, 0x15, 0x40, 0x9b, 0xff, 
    0x14, 0x3f, 0x9a, 0xff, 0x0a, 0x28, 0x64, 0xff, 0x0a, 0x28, 0x64, 0xff, 0x0a, 0x28, 0x64, 0xff, 0xff, 0xff, 0xff, 0x64, 0x00, 0x00, 0x00, 0x00, 0x00, 0x00, 0x00, 0x00, 0x00, 0x00, 0x00, 0x00, 
    0x00, 0x00, 0x00, 0x00, 0x00, 0x00, 0x00, 0x00, 0x00, 0x00, 0x00, 0x00, 0x00, 0x00, 0x00, 0x00, 0x00, 0x00, 0x00, 0x00, 0xff, 0xff, 0xff, 0x64, 0x0a, 0x28, 0x64, 0xff, 0x0a, 0x28, 0x64, 0xff, 
    0x14, 0x3e, 0x99, 0xff, 0x15, 0x40, 0x9b, 0xff, 0x15, 0x41, 0x9c, 0xff, 0x15, 0x42, 0x9e, 0xff, 0xff, 0xff, 0xff, 0xb4, 0x16, 0x45, 0xa1, 0xff, 0x16, 0x46, 0xa3, 0xff, 0x16, 0x47, 0xa4, 0xff, 
    0x17, 0x49, 0xa6, 0xff, 0x17, 0x4a, 0xa7, 0xff, 0x17, 0x4b, 0xa9, 0xff, 0x18, 0x4c, 0xaa, 0xff, 0x18, 0x4d, 0xac, 0xff, 0x18, 0x4e, 0xad, 0xff, 0x18, 0x4f, 0xae, 0xff, 0x19, 0x50, 0xaf, 0xff, 
    0x19, 0x51, 0xb1, 0xff, 0xff, 0xff, 0xff, 0xb4, 0xff, 0xff, 0xff, 0xb4, 0x1a, 0x54, 0xb4, 0xff, 0x1a, 0x54, 0xb4, 0xff, 0x1a, 0x55, 0xb5, 0xff, 0x1a, 0x55, 0xb5, 0xff, 0x1a, 0x55, 0xb6, 0xff, 
    0x1a, 0x55, 0xb6, 0xff, 0x1a, 0x55, 0xb6, 0xff, 0x1a, 0x55, 0xb5, 0xff, 0x1a, 0x55, 0xb5, 0xff, 0x1a, 0x54, 0xb4, 0xff, 0x1a, 0x54, 0xb4, 0xff, 0xff, 0xff, 0xff, 0xb4, 0xff, 0xff, 0xff, 0xb4, 
    0x19, 0x51, 0xb1, 0xff, 0x19, 0x50, 0xaf, 0xff, 0x18, 0x4f, 0xae, 0xff, 0x18, 0x4e, 0xad, 0xff, 0x18, 0x4d, 0xac, 0xff, 0x18, 0x4c, 0xaa, 0xff, 0x17, 0x4b, 0xa9, 0xff, 0x17, 0x4a, 0xa7, 0xff, 
    0x17, 0x49, 0xa6, 0xff, 0x16, 0x47, 0xa4, 0xff, 0x16, 0x46, 0xa3, 0xff, 0x16, 0x45, 0xa1, 0xff, 0xff, 0xff, 0xff, 0xb4, 0x15, 0x42, 0x9e, 0xff, 0x15, 0x41, 0x9c, 0xff, 0x15, 0x40, 0x9b, 0xff, 
    0x14, 0x3e, 0x99, 0xff, 0x0a, 0x28, 0x64, 0xff, 0x0a, 0x28, 0x64, 0xff, 0xff, 0xff, 0xff, 0x64, 0x00, 0x00, 0x00, 0x00, 0x00, 0x00, 0x00, 0x00, 0x00, 0x00, 0x00, 0x00, 0x00, 0x00, 0x00, 0x00, 
    0x00, 0x00, 0x00, 0x00, 0x00, 0x00, 0x00, 0x00, 0x00, 0x00, 0x00, 0x00, 0x00, 0x00, 0x00, 0x00, 0x00, 0x00, 0x00, 0x00, 0xff, 0xff, 0xff, 0x64, 0x0a, 0x28, 0x64, 0xff, 0x0a, 0x28, 0x64, 0xff, 
    0x14, 0x3e, 0x98, 0xff, 0x14, 0x3f, 0x9a, 0xff, 0x15, 0x40, 0x9c, 0xff, 0x15, 0x42, 0x9d, 0xff, 0xff, 0xff, 0xff, 0xb4, 0x16, 0x44, 0xa0, 0xff, 0x16, 0x45, 0xa2, 0xff, 0x16, 0x47, 0xa3, 0xff, 
    0x17, 0x48, 0xa5, 0xff, 0x17, 0x49, 0xa6, 0xff, 0x17, 0x4a, 0xa8, 0xff, 0x17, 0x4b, 0xa9, 0xff, 0x18, 0x4c, 0xaa, 0xff, 0x18, 0x4d, 0xac, 0xff, 0x18, 0x4e, 0xad, 0xff, 0x18, 0x4f, 0xae, 0xff, 
    0x19, 0x50, 0xaf, 0xff, 0xff, 0xff, 0xff, 0xb4, 0xff, 0xff, 0xff, 0xb4, 0x19, 0x52, 0xb2, 0xff, 0x19, 0x53, 0xb3, 0xff, 0x19, 0x53, 0xb3, 0xff, 0x1a, 0x54, 0xb4, 0xff, 0x1a, 0x54, 0xb4, 0xff, 
    0x1a, 0x54, 0xb4, 0xff, 0x1a, 0x54, 0xb4, 0xff, 0x1a, 0x54, 0xb4, 0xff, 0x19, 0x53, 0xb3, 0xff, 0x19, 0x53, 0xb3, 0xff, 0x19, 0x52, 0xb2, 0xff, 0xff, 0xff, 0xff, 0xb4, 0xff, 0xff, 0xff, 0xb4, 
    0x19, 0x50, 0xaf, 0xff, 0x18, 0x4f, 0xae, 0xff, 0x18, 0x4e, 0xad, 0xff, 0x18, 0x4d, 0xac, 0xff, 0x18, 0x4c, 0xaa, 0xff, 0x17, 0x4b, 0xa9, 0xff, 0x17, 0x4a, 0xa8, 0xff, 0x17, 0x49, 0xa6, 0xff, 
    0x17, 0x48, 0xa5, 0xff, 0x16, 0x47, 0xa3, 0xff, 0x16, 0x45, 0xa2, 0xff, 0x16, 0x44, 0xa0, 0xff, 0xff, 0xff, 0xff, 0xb4, 0x15, 0x42, 0x9d, 0xff, 0x15, 0x40, 0x9c, 0xff, 0x14, 0x3f, 0x9a, 0xff, 
    0x14, 0x3e, 0x98, 0xff, 0x0a, 0x28, 0x64, 0xff, 0x0a, 0x28, 0x64, 0xff, 0xff, 0xff, 0xff, 0x64, 0x00, 0x00, 0x00, 0x00, 0x00, 0x00, 0x00, 0x00, 0x00, 0x00, 0x00, 0x00, 0x00, 0x00, 0x00, 0x00, 
    0x00, 0x00, 0x00, 0x00, 0x00, 0x00, 0x00, 0x00, 0x00, 0x00, 0x00, 0x00, 0x00, 0x00, 0x00, 0x00, 0x00, 0x00, 0x00, 0x00, 0x00, 0x00, 0x00, 0x00, 0xff, 0xff, 0xff, 0x64, 0x0a, 0x28, 0x64, 0xff, 
    0x0a, 0x28, 0x64, 0xff, 0x14, 0x3e, 0x99, 0xff, 0x15, 0x40, 0x9b, 0xff, 0x15, 0x41, 0x9c, 0xff, 0xff, 0xff, 0xff, 0xb4, 0x15, 0x43, 0x9f, 0xff, 0x16, 0x45, 0xa1, 0xff, 0x16, 0x46, 0xa2, 0xff, 
    0x16, 0x47, 0xa4, 0xff, 0x17, 0x48, 0xa5, 0xff, 0x17, 0x49, 0xa7, 0xff, 0x17, 0x4a, 0xa8, 0xff, 0x17, 0x4b, 0xa9, 0xff, 0x18, 0x4c, 0xaa, 0xff, 0x18, 0x4d, 0xac, 0xff, 0x18, 0x4e, 0xad, 0xff, 
    0x18, 0x4f, 0xae, 0xff, 0xff, 0xff, 0xff, 0xb4, 0xff, 0xff, 0xff, 0xb4, 0x19, 0x51, 0xb0, 0xff, 0x19, 0x51, 0xb1, 0xff, 0x19, 0x52, 0xb1, 0xff, 0x19, 0x52, 0xb2, 0xff, 0x19, 0x52, 0xb2, 0xff, 
    0x19, 0x52, 0xb2, 0xff, 0x19, 0x52, 0xb2, 0xff, 0x19, 0x52, 0xb2, 0xff, 0x19, 0x52, 0xb1, 0xff, 0x19, 0x51, 0xb1, 0xff, 0x19, 0x51, 0xb0, 0xff, 0xff, 0xff, 0xff, 0xb4, 0xff, 0xff, 0xff, 0xb4, 
    0x18, 0x4f, 0xae, 0xff, 0x18, 0x4e, 0xad, 0xff, 0x18, 0x4d, 0xac, 0xff, 0x18, 0x4c, 0xaa, 0xff, 0x17, 0x4b, 0xa9, 0xff, 0x17, 0x4a, 0xa8, 0xff, 0x17, 0x49, 0xa7, 0xff, 0x17, 0x48, 0xa5, 0xff, 
    0x16, 0x47, 0xa4, 0xff, 0x16, 0x46, 0xa2, 0xff, 0x16, 0x45, 0xa1, 0xff, 0x15, 0x43, 0x9f, 0xff, 0xff, 0xff, 0xff, 0xb4, 0x15, 0x41, 0x9c, 0xff, 0x15, 0x40, 0x9b, 0xff, 0x14, 0x3e, 0x99, 0xff, 
    0x0a, 0x28, 0x64, 0xff, 0x0a, 0x28, 0x64, 0xff, 0xff, 0xff, 0xff, 0x64, 0x00, 0x00, 0x00, 0x00, 0x00, 0x00, 0x00, 0x00, 0x00, 0x00, 0x00, 0x00, 0x00, 0x00, 0x00, 0x00, 0x00, 0x00, 0x00, 0x00, 
    0x00, 0x00, 0x00, 0x00, 0x00, 0x00, 0x00, 0x00, 0x00, 0x00, 0x00, 0x00, 0x00, 0x00, 0x00, 0x00, 0x00, 0x00, 0x00, 0x00, 0x00, 0x00, 0x00, 0x00, 0xff, 0xff, 0xff, 0x64, 0x0a, 0x28, 0x64, 0xff, 
    0x0a, 0x28, 0x64, 0xff, 0x14, 0x3e, 0x98, 0xff, 0x14, 0x3f, 0x9a, 0xff, 0x15, 0x40, 0x9b, 0xff, 0xff, 0xff, 0xff, 0xb4, 0x15, 0x43, 0x9e, 0xff, 0x16, 0x44, 0xa0, 0xff, 0x16, 0x45, 0xa1, 0xff, 
    0x16, 0x46, 0xa3, 0xff, 0x16, 0x47, 0xa4, 0xff, 0x17, 0x48, 0xa5, 0xff, 0x17, 0x49, 0xa7, 0xff, 0x17, 0x4a, 0xa8, 0xff, 0x17, 0x4b, 0xa9, 0xff, 0x18, 0x4c, 0xaa, 0xff, 0x18, 0x4d, 0xab, 0xff, 
    0x18, 0x4e, 0xac, 0xff, 0xff, 0xff, 0xff, 0xb4, 0xff, 0xff, 0xff, 0xb4, 0x19, 0x50, 0xaf, 0xff, 0x19, 0x50, 0xaf, 0xff, 0x19, 0x50, 0xb0, 0xff, 0x19, 0x51, 0xb0, 0xff, 0x19, 0x51, 0xb0, 0xff, 
    0x19, 0x51, 0xb0, 0xff, 0x19, 0x51, 0xb0, 0xff, 0x19, 0x51, 0xb0, 0xff, 0x19, 0x50, 0xb0, 0xff, 0x19, 0x50, 0xaf, 0xff, 0x19, 0x50, 0xaf, 0xff, 0xff, 0xff, 0xff, 0xb4, 0xff, 0xff, 0xff, 0xb4, 
    0x18, 0x4e, 0xac, 0xff, 0x18, 0x4d, 0xab, 0xff, 0x18, 0x4c, 0xaa, 0xff, 0x17, 0x4b, 0xa9, 0xff, 0x17, 0x4a, 0xa8, 0xff, 0x17, 0x49, 0xa7, 0xff, 0x17, 0x48, 0xa5, 0xff, 0x16, 0x47, 0xa4, 0xff, 
    0x16, 0x46, 0xa3, 0xff, 0x16, 0x45, 0xa1, 0xff, 0x16, 0x44, 0xa0, 0xff, 0x15, 0x43, 0x9e, 0xff, 0xff, 0xff, 0xff, 0xb4, 0x15, 0x40, 0x9b, 0xff, 0x14, 0x3f, 0x9a, 0xff, 0x14, 0x3e, 0x98, 0xff, 
    0x0a, 0x28, 0x64, 0xff, 0x0a, 0x28, 0x64, 0xff, 0xff, 0xff, 0xff, 0x64, 0x00, 0x00, 0x00, 0x00, 0x00, 0x00, 0x00, 0x00, 0x00, 0x00, 0x00, 0x00, 0x00, 0x00, 0x00, 0x00, 0x00, 0x00, 0x00, 0x00, 
    0x00, 0x00, 0x00, 0x00, 0x00, 0x00, 0x00, 0x00, 0x00, 0x00, 0x00, 0x00, 0x00, 0x00, 0x00, 0x00, 0x00, 0x00, 0x00, 0x00, 0x00, 0x00, 0x00, 0x00, 0x00, 0x00, 0x00, 0x00, 0xff, 0xff, 0xff, 0x64, 
    0x0a, 0x28, 0x64, 0xff, 0x0a, 0x28, 0x64, 0xff, 0x14, 0x3e, 0x99, 0xff, 0x14, 0x3f, 0x9a, 0xff, 0xff, 0xff, 0xff, 0xb4, 0x15, 0x42, 0x9d, 0xff, 0x15, 0x43, 0x9f, 0xff, 0x16, 0x44, 0xa0, 0xff, 
    0x16, 0x45, 0xa2, 0xff, 0x16, 0x46, 0xa3, 0xff, 0x16, 0x47, 0xa4, 0xff, 0x17, 0x48, 0xa5, 0xff, 0x17, 0x49, 0xa7, 0xff, 0x17, 0x4a, 0xa8, 0xff, 0x17, 0x4b, 0xa9, 0xff, 0x18, 0x4c, 0xaa, 0xff, 
    0x18, 0x4c, 0xab, 0xff, 0xff, 0xff, 0xff, 0xb4, 0xff, 0xff, 0xff, 0xb4, 0x18, 0x4e, 0xad, 0xff, 0x18, 0x4f, 0xad, 0xff, 0x18, 0x4f, 0xae, 0xff, 0x18, 0x4f, 0xae, 0xff, 0x18, 0x4f, 0xae, 0xff, 
    0x19, 0x50, 0xaf, 0xff, 0x18, 0x4f, 0xae, 0xff, 0x18, 0x4f, 0xae, 0xff, 0x18, 0x4f, 0xae, 0xff, 0x18, 0x4f, 0xad, 0xff, 0x18, 0x4e, 0xad, 0xff, 0xff, 0xff, 0xff, 0xb4, 0xff, 0xff, 0xff, 0xb4, 
    0x18, 0x4c, 0xab, 0xff, 0x18, 0x4c, 0xaa, 0xff, 0x17, 0x4b, 0xa9, 0xff, 0x17, 0x4a, 0xa8, 0xff, 0x17, 0x49, 0xa7, 0xff, 0x17, 0x48, 0xa5, 0xff, 0x16, 0x47, 0xa4, 0xff, 0x16, 0x46, 0xa3, 0xff, 
    0x16, 0x45, 0xa2, 0xff, 0x16, 0x44, 0xa0, 0xff, 0x15, 0x43, 0x9f, 0xff, 0x15, 0x42, 0x9d, 0xff, 0xff, 0xff, 0xff, 0xb4, 0x14, 0x3f, 0x9a, 0xff, 0x14, 0x3e, 0x99, 0xff, 0x0a, 0x28, 0x64, 0xff, 
    0x0a, 0x28, 0x64, 0xff, 0xff, 0xff, 0xff, 0x64, 0x00, 0x00, 0x00, 0x00, 0x00, 0x00, 0x00, 0x00, 0x00, 0x00, 0x00, 0x00, 0x00, 0x00, 0x00, 0x00, 0x00, 0x00, 0x00, 0x00, 0x00, 0x00, 0x00, 0x00, 
    0x00, 0x00, 0x00, 0x00, 0x00, 0x00, 0x00, 0x00, 0x00, 0x00, 0x00, 0x00, 0x00, 0x00, 0x00, 0x00, 0x00, 0x00, 0x00, 0x00, 0x00, 0x00, 0x00, 0x00, 0x00, 0x00, 0x00, 0x00, 0xff, 0xff, 0xff, 0x64, 
    0x0a, 0x28, 0x64, 0xff, 0x0a, 0x28, 0x64, 0xff, 0x0a, 0x28, 0x64, 0xff, 0x14, 0x3f, 0x99, 0xff, 0xff, 0xff, 0xff, 0xb4, 0x15, 0x41, 0x9c, 0xff, 0x15, 0x42, 0x9e, 0xff, 0x15, 0x43, 0x9f, 0xff, 
    0x16, 0x44, 0xa0, 0xff, 0x16, 0x45, 0xa2, 0xff, 0x16, 0x46, 0xa3, 0xff, 0x16, 0x47, 0xa4, 0xff, 0x17, 0x48, 0xa5, 0xff, 0x17, 0x49, 0xa6, 0xff, 0x17, 0x4a, 0xa7, 0xff, 0x17, 0x4b, 0xa8, 0xff, 
    0x17, 0x4b, 0xa9, 0xff, 0xff, 0xff, 0xff, 0xb4, 0xff, 0xff, 0xff, 0xb4, 0x18, 0x4d, 0xab, 0xff, 0x18, 0x4d, 0xac, 0xff, 0x18, 0x4e, 0xac, 0xff, 0x18, 0x4e, 0xac, 0xff, 0x18, 0x4e, 0xad, 0xff, 
    0x18, 0x4e, 0xad, 0xff, 0x18, 0x4e, 0xad, 0xff, 0x18, 0x4e, 0xac, 0xff, 0x18, 0x4e, 0xac, 0xff, 0x18, 0x4d, 0xac, 0xff, 0x18, 0x4d, 0xab, 0xff, 0xff, 0xff, 0xff, 0xb4, 0xff, 0xff, 0xff, 0xb4, 
    0x17, 0x4b, 0xa9, 0xff, 0x17, 0x4b, 0xa8, 0xff, 0x17, 0x4a, 0xa7, 0xff, 0x17, 0x49, 0xa6, 0xff, 0x17, 0x48, 0xa5, 0xff, 0x16, 0x47, 0xa4, 0xff, 0x16, 0x46, 0xa3, 0xff, 0x16, 0x45, 0xa2, 0xff, 
    0x16, 0x44, 0xa0, 0xff, 0x15, 0x43, 0x9f, 0xff, 0x15, 0x42, 0x9e, 0xff, 0x15, 0x41, 0x9c, 0xff, 0xff, 0xff, 0xff, 0xb4, 0x14, 0x3f, 0x99, 0xff, 0x0a, 0x28, 0x64, 0xff, 0x0a, 0x28, 0x64, 0xff, 
    0x0a, 0x28, 0x64, 0xff, 0xff, 0xff, 0xff, 0x64, 0x00, 0x00, 0x00, 0x00, 0x00, 0x00, 0x00, 0x00, 0x00, 0x00, 0x00, 0x00, 0x00, 0x00, 0x00, 0x00, 0x00, 0x00, 0x00, 0x00, 0x00, 0x00, 0x00, 0x00, 
    0x00, 0x00, 0x00, 0x00, 0x00, 0x00, 0x00, 0x00, 0x00, 0x00, 0x00, 0x00, 0x00, 0x00, 0x00, 0x00, 0x00, 0x00, 0x00, 0x00, 0x00, 0x00, 0x00, 0x00, 0x00, 0x00, 0x00, 0x00, 0x00, 0x00, 0x00, 0x00, 
    0xff, 0xff, 0xff, 0x64, 0x0a, 0x28, 0x64, 0xff, 0x0a, 0x28, 0x64, 0xff, 0x14, 0x3e, 0x98, 0xff, 0xff, 0xff, 0xff, 0xb4, 0x15, 0x40, 0x9b, 0xff, 0x15, 0x41, 0x9c, 0xff, 0x15, 0x42, 0x9e, 0xff, 
    0x15, 0x43, 0x9f, 0xff, 0x16, 0x44, 0xa0, 0xff, 0x16, 0x45, 0xa2, 0xff, 0x16, 0x46, 0xa3, 0xff, 0x16, 0x47, 0xa4, 0xff, 0x17, 0x48, 0xa5, 0xff, 0x17, 0x49, 0xa6, 0xff, 0x17, 0x49, 0xa7, 0xff, 
    0x17, 0x4a, 0xa8, 0xff, 0xff, 0xff, 0xff, 0xb4, 0xff, 0xff, 0xff, 0xb4, 0x18, 0x4c, 0xaa, 0xff, 0x18, 0x4c, 0xaa, 0xff, 0x18, 0x4c, 0xaa, 0xff, 0x18, 0x4c, 0xab, 0xff, 0x18, 0x4d, 0xab, 0xff, 
    0x18, 0x4d, 0xab, 0xff, 0x18, 0x4d, 0xab, 0xff, 0x18, 0x4c, 0xab, 0xff, 0x18, 0x4c, 0xaa, 0xff, 0x18, 0x4c, 0xaa, 0xff, 0x18, 0x4c, 0xaa, 0xff, 0xff, 0xff, 0xff, 0xb4, 0xff, 0xff, 0xff, 0xb4, 
    0x17, 0x4a, 0xa8, 0xff, 0x17, 0x49, 0xa7, 0xff, 0x17, 0x49, 0xa6, 0xff, 0x17, 0x48, 0xa5, 0xff, 0x16, 0x47, 0xa4, 0xff, 0x16, 0x46, 0xa3, 0xff, 0x16, 0x45, 0xa2, 0xff, 0x16, 0x44, 0xa0, 0xff, 
    0x15, 0x43, 0x9f, 0xff, 0x15, 0x42, 0x9e, 0xff, 0x15, 0x41, 0x9c, 0xff, 0x15, 0x40, 0x9b, 0xff, 0xff, 0xff, 0xff, 0xb4, 0x14, 0x3e, 0x98, 0xff, 0x0a, 0x28, 0x64, 0xff, 0x0a, 0x28, 0x64, 0xff, 
    0xff, 0xff, 0xff, 0x64, 0x00, 0x00, 0x00, 0x00, 0x00, 0x00, 0x00, 0x00, 0x00, 0x00, 0x00, 0x00, 0x00, 0x00, 0x00, 0x00, 0x00, 0x00, 0x00, 0x00, 0x00, 0x00, 0x00, 0x00, 0x00, 0x00, 0x00, 0x00, 
    0x00, 0x00, 0x00, 0x00, 0x00, 0x00, 0x00, 0x00, 0x00, 0x00, 0x00, 0x00, 0x00, 0x00, 0x00, 0x00, 0x00, 0x00, 0x00, 0x00, 0x00, 0x00, 0x00, 0x00, 0x00, 0x00, 0x00, 0x00, 0x00, 0x00, 0x00, 0x00, 
    0x00, 0x00, 0x00, 0x00, 0xff, 0xff, 0xff, 0x64, 0x0a, 0x28, 0x64, 0xff, 0x0a, 0x28, 0x64, 0xff, 0x14, 0x3e, 0x99, 0xff, 0xff, 0xff, 0xff, 0xb4, 0x15, 0x40, 0x9b, 0xff, 0x15, 0x41, 0x9d, 0xff, 
    0x15, 0x42, 0x9e, 0xff, 0x15, 0x43, 0x9f, 0xff, 0x16, 0x44, 0xa0, 0xff, 0x16, 0x45, 0xa1, 0xff, 0x16, 0x46, 0xa2, 0xff, 0x16, 0x47, 0xa3, 0xff, 0x16, 0x47, 0xa4, 0xff, 0x17, 0x48, 0xa5, 0xff, 
    0x17, 0x49, 0xa6, 0xff, 0xff, 0xff, 0xff, 0xb4, 0xff, 0xff, 0xff, 0xb4, 0x17, 0x4a, 0xa8, 0xff, 0x17, 0x4b, 0xa8, 0xff, 0x17, 0x4b, 0xa9, 0xff, 0x17, 0x4b, 0xa9, 0xff, 0x17, 0x4b, 0xa9, 0xff, 
    0x17, 0x4b, 0xa9, 0xff, 0x17, 0x4b, 0xa9, 0xff, 0x17, 0x4b, 0xa9, 0xff, 0x17, 0x4b, 0xa9, 0xff, 0x17, 0x4b, 0xa8, 0xff, 0x17, 0x4a, 0xa8, 0xff, 0xff, 0xff, 0xff, 0xb4, 0xff, 0xff, 0xff, 0xb4, 
    0x17, 0x49, 0xa6, 0xff, 0x17, 0x48, 0xa5, 0xff, 0x16, 0x47, 0xa4, 0xff, 0x16, 0x47, 0xa3, 0xff, 0x16, 0x46, 0xa2, 0xff, 0x16, 0x45, 0xa1, 0xff, 0x16, 0x44, 0xa0, 0xff, 0x15, 0x43, 0x9f, 0xff, 
    0x15, 0x42, 0x9e, 0xff, 0x15, 0x41, 0x9d, 0xff, 0x15, 0x40, 0x9b, 0xff, 0xff, 0xff, 0xff, 0xb4, 0x14, 0x3e, 0x99, 0xff, 0x0a, 0x28, 0x64, 0xff, 0x0a, 0x28, 0x64, 0xff, 0xff, 0xff, 0xff, 0x64, 
    0x00, 0x00, 0x00, 0x00, 0x00, 0x00, 0x00, 0x00, 0x00, 0x00, 0x00, 0x00, 0x00, 0x00, 0x00, 0x00, 0x00, 0x00, 0x00, 0x00, 0x00, 0x00, 0x00, 0x00, 0x00, 0x00, 0x00, 0x00, 0x00, 0x00, 0x00, 0x00, 
    0x00, 0x00, 0x00, 0x00, 0x00, 0x00, 0x00, 0x00, 0x00, 0x00, 0x00, 0x00, 0x00, 0x00, 0x00, 0x00, 0x00, 0x00, 0x00, 0x00, 0x00, 0x00, 0x00, 0x00, 0x00, 0x00, 0x00, 0x00, 0x00, 0x00, 0x00, 0x00, 
    0x00, 0x00, 0x00, 0x00, 0xff, 0xff, 0xff, 0x64, 0x00, 0x00, 0x00, 0x00, 0x0a, 0x28, 0x64, 0xff, 0x0a, 0x28, 0x64, 0xff, 0xff, 0xff, 0xff, 0xb4, 0x14, 0x3f, 0x9a, 0xff, 0x15, 0x40, 0x9b, 0xff, 
    0x15, 0x41, 0x9c, 0xff, 0x15, 0x42, 0x9e, 0xff, 0x15, 0x43, 0x9f, 0xff, 0x16, 0x44, 0xa0, 0xff, 0x16, 0x45, 0xa1, 0xff, 0x16, 0x45, 0xa2, 0xff, 0x16, 0x46, 0xa3, 0xff, 0x16, 0x47, 0xa4, 0xff, 
    0x16, 0x47, 0xa4, 0xff, 0xff, 0xff, 0xff, 0xb4, 0xff, 0xff, 0xff, 0xb4, 0x17, 0x49, 0xa6, 0xff, 0x17, 0x49, 0xa7, 0xff, 0x17, 0x49, 0xa7, 0xff, 0x17, 0x4a, 0xa7, 0xff, 0x17, 0x4a, 0xa7, 0xff, 
    0x17, 0x4a, 0xa7, 0xff, 0x17, 0x4a, 0xa7, 0xff, 0x17, 0x4a, 0xa7, 0xff, 0x17, 0x49, 0xa7, 0xff, 0x17, 0x49, 0xa7, 0xff, 0x17, 0x49, 0xa6, 0xff, 0xff, 0xff, 0xff, 0xb4, 0xff, 0xff, 0xff, 0xb4, 
    0x16, 0x47, 0xa4, 0xff, 0x16, 0x47, 0xa4, 0xff, 0x16, 0x46, 0xa3, 0xff, 0x16, 0x45, 0xa2, 0xff, 0x16, 0x45, 0xa1, 0xff, 0x16, 0x44, 0xa0, 0xff, 0x15, 0x43, 0x9f, 0xff, 0x15, 0x42, 0x9e, 0xff, 
    0x15, 0x41, 0x9c, 0xff, 0x15, 0x40, 0x9b, 0xff, 0x14, 0x3f, 0x9a, 0xff, 0xff, 0xff, 0xff, 0xb4, 0x0a, 0x28, 0x64, 0xff, 0x0a, 0x28, 0x64, 0xff, 0x00, 0x00, 0x00, 0x00, 0xff, 0xff, 0xff, 0x64, 
    0x00, 0x00, 0x00, 0x00, 0x00, 0x00, 0x00, 0x00, 0x00, 0x00, 0x00, 0x00, 0x00, 0x00, 0x00, 0x00, 0x00, 0x00, 0x00, 0x00, 0x00, 0x00, 0x00, 0x00, 0x00, 0x00, 0x00, 0x00, 0x00, 0x00, 0x00, 0x00, 
    0x00, 0x00, 0x00, 0x00, 0x00, 0x00, 0x00, 0x00, 0x00, 0x00, 0x00, 0x00, 0x00, 0x00, 0x00, 0x00, 0x00, 0x00, 0x00, 0x00, 0x00, 0x00, 0x00, 0x00, 0x00, 0x00, 0x00, 0x00, 0x00, 0x00, 0x00, 0x00, 
    0x00, 0x00, 0x00, 0x00, 0x00, 0x00, 0x00, 0x00, 0xff, 0xff, 0xff, 0x64, 0x0a, 0x28, 0x64, 0xff, 0x0a, 0x28, 0x64, 0xff, 0x0a, 0x28, 0x64, 0xff, 0x14, 0x3e, 0x99, 0xff, 0x14, 0x3f, 0x9a, 0xff, 
    0x15, 0x40, 0x9b, 0xff, 0x15, 0x41, 0x9c, 0xff, 0x15, 0x42, 0x9d, 0xff, 0x15, 0x43, 0x9e, 0xff, 0x15, 0x43, 0x9f, 0xff, 0x16, 0x44, 0xa0, 0xff, 0x16, 0x45, 0xa1, 0xff, 0x16, 0x45, 0xa2, 0xff, 
    0x16, 0x46, 0xa3, 0xff, 0xff, 0xff, 0xff, 0xb4, 0xff, 0xff, 0xff, 0xb4, 0x16, 0x47, 0xa4, 0xff, 0x17, 0x48, 0xa5, 0xff, 0x17, 0x48, 0xa5, 0xff, 0x17, 0x48, 0xa5, 0xff, 0x17, 0x48, 0xa6, 0xff, 
    0x17, 0x48, 0xa6, 0xff, 0x17, 0x48, 0xa6, 0xff, 0x17, 0x48, 0xa5, 0xff, 0x17, 0x48, 0xa5, 0xff, 0x17, 0x48, 0xa5, 0xff, 0x16, 0x47, 0xa4, 0xff, 0xff, 0xff, 0xff, 0xb4, 0xff, 0xff, 0xff, 0xb4, 
    0x16, 0x46, 0xa3, 0xff, 0x16, 0x45, 0xa2, 0xff, 0x16, 0x45, 0xa1, 0xff, 0x16, 0x44, 0xa0, 0xff, 0x15, 0x43, 0x9f, 0xff, 0x15, 0x43, 0x9e, 0xff, 0x15, 0x42, 0x9d, 0xff, 0x15, 0x41, 0x9c, 0xff, 
    0x15, 0x40, 0x9b, 0xff, 0x14, 0x3f, 0x9a, 0xff, 0x14, 0x3e, 0x99, 0xff, 0x0a, 0x28, 0x64, 0xff, 0x0a, 0x28, 0x64, 0xff, 0x0a, 0x28, 0x64, 0xff, 0xff, 0xff, 0xff, 0x64, 0x00, 0x00, 0x00, 0x00, 
    0x00, 0x00, 0x00, 0x00, 0x00, 0x00, 0x00, 0x00, 0x00, 0x00, 0x00, 0x00, 0x00, 0x00, 0x00, 0x00, 0x00, 0x00, 0x00, 0x00, 0x00, 0x00, 0x00, 0x00, 0x00, 0x00, 0x00, 0x00, 0x00, 0x00, 0x00, 0x00, 
    0x00, 0x00, 0x00, 0x00, 0x00, 0x00, 0x00, 0x00, 0x00, 0x00, 0x00, 0x00, 0x00, 0x00, 0x00, 0x00, 0x00, 0x00, 0x00, 0x00, 0x00, 0x00, 0x00, 0x00, 0x00, 0x00, 0x00, 0x00, 0x00, 0x00, 0x00, 0x00, 
    0x00, 0x00, 0x00, 0x00, 0x00, 0x00, 0x00, 0x00, 0x00, 0x00, 0x00, 0x00, 0xff, 0xff, 0xff, 0x64, 0x0a, 0x28, 0x64, 0xff, 0x0a, 0x28, 0x64, 0xff, 0x0a, 0x28, 0x64, 0xff, 0x14, 0x3e, 0x99, 0xff, 
    0x14, 0x3f, 0x9a, 0xff, 0x15, 0x40, 0x9b, 0xff, 0x15, 0x41, 0x9c, 0xff, 0x15, 0x41, 0x9d, 0xff, 0x15, 0x42, 0x9e, 0xff, 0x15, 0x43, 0x9f, 0xff, 0x16, 0x44, 0xa0, 0xff, 0x16, 0x44, 0xa0, 0xff, 
    0x16, 0x45, 0xa1, 0xff, 0xff, 0xff, 0xff, 0xb4, 0xff, 0xff, 0xff, 0xb4, 0x16, 0x46, 0xa3, 0xff, 0x16, 0x46, 0xa3, 0xff, 0x16, 0x47, 0xa3, 0xff, 0x16, 0x47, 0xa4, 0xff, 0x16, 0x47, 0xa4, 0xff, 
    0x16, 0x47, 0xa4, 0xff, 0x16, 0x47, 0xa4, 0xff, 0x16, 0x47, 0xa4, 0xff, 0x16, 0x47, 0xa3, 0xff, 0x16, 0x46, 0xa3, 0xff, 0x16, 0x46, 0xa3, 0xff, 0xff, 0xff, 0xff, 0xb4, 0xff, 0xff, 0xff, 0xb4, 
    0x16, 0x45, 0xa1, 0xff, 0x16, 0x44, 0xa0, 0xff, 0x16, 0x44, 0xa0, 0xff, 0x15, 0x43, 0x9f, 0xff, 0x15, 0x42, 0x9e, 0xff, 0x15, 0x41, 0x9d, 0xff, 0x15, 0x41, 0x9c, 0xff, 0x15, 0x40, 0x9b, 0xff, 
    0x14, 0x3f, 0x9a, 0xff, 0x14, 0x3e, 0x99, 0xff, 0x0a, 0x28, 0x64, 0xff, 0x0a, 0x28, 0x64, 0xff, 0x0a, 0x28, 0x64, 0xff, 0xff, 0xff, 0xff, 0x64, 0x00, 0x00, 0x00, 0x00, 0x00, 0x00, 0x00, 0x00, 
    0x00, 0x00, 0x00, 0x00, 0x00, 0x00, 0x00, 0x00, 0x00, 0x00, 0x00, 0x00, 0x00, 0x00, 0x00, 0x00, 0x00, 0x00, 0x00, 0x00, 0x00, 0x00, 0x00, 0x00, 0x00, 0x00, 0x00, 0x00, 0x00, 0x00, 0x00, 0x00, 
    0x00, 0x00, 0x00, 0x00, 0x00, 0x00, 0x00, 0x00, 0x00, 0x00, 0x00, 0x00, 0x00, 0x00, 0x00, 0x00, 0x00, 0x00, 0x00, 0x00, 0x00, 0x00, 0x00, 0x00, 0x00, 0x00, 0x00, 0x00, 0x00, 0x00, 0x00, 0x00, 
    0x00, 0x00, 0x00, 0x00, 0x00, 0x00, 0x00, 0x00, 0x00, 0x00, 0x00, 0x00, 0x00, 0x00, 0x00, 0x00, 0xff, 0xff, 0xff, 0x64, 0x0a, 0x28, 0x64, 0xff, 0x0a, 0x28, 0x64, 0xff, 0x0a, 0x28, 0x64, 0xff, 
    0x14, 0x3e, 0x98, 0xff, 0x14, 0x3f, 0x99, 0xff, 0x14, 0x3f, 0x9a, 0xff, 0x15, 0x40, 0x9b, 0xff, 0x15, 0x41, 0x9c, 0xff, 0x15, 0x42, 0x9d, 0xff, 0x15, 0x42, 0x9e, 0xff, 0x15, 0x43, 0x9f, 0xff, 
    0xff, 0xff, 0xff, 0xb4, 0x16, 0x44, 0xa0, 0xff, 0x16, 0x44, 0xa0, 0xff, 0xff, 0xff, 0xff, 0xb4, 0x16, 0x45, 0xa1, 0xff, 0x16, 0x45, 0xa2, 0xff, 0x16, 0x45, 0xa2, 0xff, 0x16, 0x45, 0xa2, 0xff, 
    0x16, 0x46, 0xa2, 0xff, 0x16, 0x45, 0xa2, 0xff, 0x16, 0x45, 0xa2, 0xff, 0x16, 0x45, 0xa2, 0xff, 0x16, 0x45, 0xa1, 0xff, 0xff, 0xff, 0xff, 0xb4, 0x16, 0x44, 0xa0, 0xff, 0x16, 0x44, 0xa0, 0xff, 
    0xff, 0xff, 0xff, 0xb4, 0x15, 0x43, 0x9f, 0xff, 0x15, 0x42, 0x9e, 0xff, 0x15, 0x42, 0x9d, 0xff, 0x15, 0x41, 0x9c, 0xff, 0x15, 0x40, 0x9b, 0xff, 0x14, 0x3f, 0x9a, 0xff, 0x14, 0x3f, 0x99, 0xff, 
    0x14, 0x3e, 0x98, 0xff, 0x0a, 0x28, 0x64, 0xff, 0x0a, 0x28, 0x64, 0xff, 0x0a, 0x28, 0x64, 0xff, 0xff, 0xff, 0xff, 0x64, 0x00, 0x00, 0x00, 0x00, 0x00, 0x00, 0x00, 0x00, 0x00, 0x00, 0x00, 0x00, 
    0x00, 0x00, 0x00, 0x00, 0x00, 0x00, 0x00, 0x00, 0x00, 0x00, 0x00, 0x00, 0x00, 0x00, 0x00, 0x00, 0x00, 0x00, 0x00, 0x00, 0x00, 0x00, 0x00, 0x00, 0x00, 0x00, 0x00, 0x00, 0x00, 0x00, 0x00, 0x00, 
    0x00, 0x00, 0x00, 0x00, 0x00, 0x00, 0x00, 0x00, 0x00, 0x00, 0x00, 0x00, 0x00, 0x00, 0x00, 0x00, 0x00, 0x00, 0x00, 0x00, 0x00, 0x00, 0x00, 0x00, 0x00, 0x00, 0x00, 0x00, 0x00, 0x00, 0x00, 0x00, 
    0x00, 0x00, 0x00, 0x00, 0x00, 0x00, 0x00, 0x00, 0x00, 0x00, 0x00, 0x00, 0x00, 0x00, 0x00, 0x00, 0x00, 0x00, 0x00, 0x00, 0xff, 0xff, 0xff, 0x64, 0xff, 0xff, 0xff, 0xb4, 0x0a, 0x28, 0x64, 0xff, 
    0x0a, 0x28, 0x64, 0xff, 0x0a, 0x28, 0x64, 0xff, 0x14, 0x3e, 0x99, 0xff, 0x14, 0x3f, 0x9a, 0xff, 0x15, 0x40, 0x9b, 0xff, 0x15, 0x40, 0x9c, 0xff, 0x15, 0x41, 0x9c, 0xff, 0x15, 0x42, 0x9d, 0xff, 
    0xff, 0xff, 0xff, 0xb4, 0x15, 0x43, 0x9e, 0xff, 0x15, 0x43, 0x9f, 0xff, 0xff, 0xff, 0xff, 0xb4, 0x16, 0x44, 0xa0, 0xff, 0x16, 0x44, 0xa0, 0xff, 0x16, 0x44, 0xa0, 0xff, 0x16, 0x44, 0xa0, 0xff, 
    0x16, 0x44, 0xa0, 0xff, 0x16, 0x44, 0xa0, 0xff, 0x16, 0x44, 0xa0, 0xff, 0x16, 0x44, 0xa0, 0xff, 0x16, 0x44, 0xa0, 0xff, 0xff, 0xff, 0xff, 0xb4, 0x15, 0x43, 0x9f, 0xff, 0x15, 0x43, 0x9e, 0xff, 
    0xff, 0xff, 0xff, 0xb4, 0x15, 0x42, 0x9d, 0xff, 0x15, 0x41, 0x9c, 0xff, 0x15, 0x40, 0x9c, 0xff, 0x15, 0x40, 0x9b, 0xff, 0x14, 0x3f, 0x9a, 0xff, 0x14, 0x3e, 0x99, 0xff, 0x0a, 0x28, 0x64, 0xff, 
    0x0a, 0x28, 0x64, 0xff, 0x0a, 0x28, 0x64, 0xff, 0xff, 0xff, 0xff, 0xb4, 0xff, 0xff, 0xff, 0x64, 0x00, 0x00, 0x00, 0x00, 0x00, 0x00, 0x00, 0x00, 0x00, 0x00, 0x00, 0x00, 0x00, 0x00, 0x00, 0x00, 
    0x00, 0x00, 0x00, 0x00, 0x00, 0x00, 0x00, 0x00, 0x00, 0x00, 0x00, 0x00, 0x00, 0x00, 0x00, 0x00, 0x00, 0x00, 0x00, 0x00, 0x00, 0x00, 0x00, 0x00, 0x00, 0x00, 0x00, 0x00, 0x00, 0x00, 0x00, 0x00, 
    0x00, 0x00, 0x00, 0x00, 0x00, 0x00, 0x00, 0x00, 0x00, 0x00, 0x00, 0x00, 0x00, 0x00, 0x00, 0x00, 0x00, 0x00, 0x00, 0x00, 0x00, 0x00, 0x00, 0x00, 0x00, 0x00, 0x00, 0x00, 0x00, 0x00, 0x00, 0x00, 
    0x00, 0x00, 0x00, 0x00, 0x00, 0x00, 0x00, 0x00, 0x00, 0x00, 0x00, 0x00, 0x00, 0x00, 0x00, 0x00, 0x00, 0x00, 0x00, 0x00, 0x00, 0x00, 0x00, 0x00, 0xff, 0xff, 0xff, 0x64, 0xff, 0xff, 0xff, 0x64, 
    0x0a, 0x28, 0x64, 0xff, 0x0a, 0x28, 0x64, 0xff, 0x0a, 0x28, 0x64, 0xff, 0x14, 0x3e, 0x98, 0xff, 0x14, 0x3e, 0x99, 0xff, 0x14, 0x3f, 0x9a, 0xff, 0x15, 0x40, 0x9b, 0xff, 0x15, 0x40, 0x9b, 0xff, 
    0xff, 0xff, 0xff, 0xb4, 0x15, 0x41, 0x9d, 0xff, 0x15, 0x42, 0x9d, 0xff, 0xff, 0xff, 0xff, 0xb4, 0x15, 0x42, 0x9e, 0xff, 0x15, 0x42, 0x9e, 0xff, 0x15, 0x43, 0x9e, 0xff, 0x15, 0x43, 0x9e, 0xff, 
    0x15, 0x43, 0x9e, 0xff, 0x15, 0x43, 0x9e, 0xff, 0x15, 0x43, 0x9e, 0xff, 0x15, 0x42, 0x9e, 0xff, 0x15, 0x42, 0x9e, 0xff, 0xff, 0xff, 0xff, 0xb4, 0x15, 0x42, 0x9d, 0xff, 0x15, 0x41, 0x9d, 0xff, 
    0xff, 0xff, 0xff, 0xb4, 0x15, 0x40, 0x9b, 0xff, 0x15, 0x40, 0x9b, 0xff, 0x14, 0x3f, 0x9a, 0xff, 0x14, 0x3e, 0x99, 0xff, 0x14, 0x3e, 0x98, 0xff, 0x0a, 0x28, 0x64, 0xff, 0x0a, 0x28, 0x64, 0xff, 
    0x0a, 0x28, 0x64, 0xff, 0xff, 0xff, 0xff, 0x64, 0xff, 0xff, 0xff, 0x64, 0x00, 0x00, 0x00, 0x00, 0x00, 0x00, 0x00, 0x00, 0x00, 0x00, 0x00, 0x00, 0x00, 0x00, 0x00, 0x00, 0x00, 0x00, 0x00, 0x00, 
    0x00, 0x00, 0x00, 0x00, 0x00, 0x00, 0x00, 0x00, 0x00, 0x00, 0x00, 0x00, 0x00, 0x00, 0x00, 0x00, 0x00, 0x00, 0x00, 0x00, 0x00, 0x00, 0x00, 0x00, 0x00, 0x00, 0x00, 0x00, 0x00, 0x00, 0x00, 0x00, 
    0x00, 0x00, 0x00, 0x00, 0x00, 0x00, 0x00, 0x00, 0x00, 0x00, 0x00, 0x00, 0x00, 0x00, 0x00, 0x00, 0x00, 0x00, 0x00, 0x00, 0x00, 0x00, 0x00, 0x00, 0x00, 0x00, 0x00, 0x00, 0x00, 0x00, 0x00, 0x00, 
    0x00, 0x00, 0x00, 0x00, 0x00, 0x00, 0x00, 0x00, 0x00, 0x00, 0x00, 0x00, 0x00, 0x00, 0x00, 0x00, 0x00, 0x00, 0x00, 0x00, 0x00, 0x00, 0x00, 0x00, 0x00, 0x00, 0x00, 0x00, 0xff, 0xff, 0xff, 0xb4, 
    0xff, 0xff, 0xff, 0x64, 0x0a, 0x28, 0x64, 0xff, 0x0a, 0x28, 0x64, 0xff, 0x0a, 0x28, 0x64, 0xff, 0x0a, 0x28, 0x64, 0xff, 0x14, 0x3e, 0x98, 0xff, 0x14, 0x3e, 0x99, 0xff, 0xff, 0xff, 0xff, 0xb4, 
    0x14, 0x3f, 0x9a, 0xff, 0x15, 0x40, 0x9b, 0xff, 0x15, 0x40, 0x9b, 0xff, 0x15, 0x40, 0x9c, 0xff, 0xff, 0xff, 0xff, 0xb4, 0x15, 0x41, 0x9c, 0xff, 0x15, 0x41, 0x9c, 0xff, 0x15, 0x41, 0x9d, 0xff, 
    0x15, 0x41, 0x9d, 0xff, 0x15, 0x41, 0x9d, 0xff, 0x15, 0x41, 0x9c, 0xff, 0x15, 0x41, 0x9c, 0xff, 0xff, 0xff, 0xff, 0xb4, 0x15, 0x40, 0x9c, 0xff, 0x15, 0x40, 0x9b, 0xff, 0x15, 0x40, 0x9b, 0xff, 
    0x14, 0x3f, 0x9a, 0xff, 0xff, 0xff, 0xff, 0xb4, 0x14, 0x3e, 0x99, 0xff, 0x14, 0x3e, 0x98, 0xff, 0x0a, 0x28, 0x64, 0xff, 0x0a, 0x28, 0x64, 0xff, 0x0a, 0x28, 0x64, 0xff, 0x0a, 0x28, 0x64, 0xff, 
    0xff, 0xff, 0xff, 0x64, 0xff, 0xff, 0xff, 0xb4, 0x00, 0x00, 0x00, 0x00, 0x00, 0x00, 0x00, 0x00, 0x00, 0x00, 0x00, 0x00, 0x00, 0x00, 0x00, 0x00, 0x00, 0x00, 0x00, 0x00, 0x00, 0x00, 0x00, 0x00, 
    0x00, 0x00, 0x00, 0x00, 0x00, 0x00, 0x00, 0x00, 0x00, 0x00, 0x00, 0x00, 0x00, 0x00, 0x00, 0x00, 0x00, 0x00, 0x00, 0x00, 0x00, 0x00, 0x00, 0x00, 0x00, 0x00, 0x00, 0x00, 0x00, 0x00, 0x00, 0x00, 
    0x00, 0x00, 0x00, 0x00, 0x00, 0x00, 0x00, 0x00, 0x00, 0x00, 0x00, 0x00, 0x00, 0x00, 0x00, 0x00, 0x00, 0x00, 0x00, 0x00, 0x00, 0x00, 0x00, 0x00, 0x00, 0x00, 0x00, 0x00, 0x00, 0x00, 0x00, 0x00, 
    0x00, 0x00, 0x00, 0x00, 0x00, 0x00, 0x00, 0x00, 0x00, 0x00, 0x00, 0x00, 0x00, 0x00, 0x00, 0x00, 0x00, 0x00, 0x00, 0x00, 0x00, 0x00, 0x00, 0x00, 0x00, 0x00, 0x00, 0x00, 0xff, 0xff, 0xff, 0xb4, 
    0x00, 0x00, 0x00, 0x00, 0xff, 0xff, 0xff, 0x64, 0xff, 0xff, 0xff, 0x64, 0x0a, 0x28, 0x64, 0xff, 0x0a, 0x28, 0x64, 0xff, 0x0a, 0x28, 0x64, 0xff, 0x0a, 0x28, 0x64, 0xff, 0x0a, 0x28, 0x64, 0xff, 
    0x14, 0x3e, 0x99, 0xff, 0x14, 0x3e, 0x99, 0xff, 0x14, 0x3f, 0x9a, 0xff, 0x14, 0x3f, 0x9a, 0xff, 0xff, 0xff, 0xff, 0xb4, 0x15, 0x40, 0x9b, 0xff, 0x15, 0x40, 0x9b, 0xff, 0x15, 0x40, 0x9b, 0xff, 
    0x15, 0x40, 0x9b, 0xff, 0x15, 0x40, 0x9b, 0xff, 0x15, 0x40, 0x9b, 0xff, 0x15, 0x40, 0x9b, 0xff, 0xff, 0xff, 0xff, 0xb4, 0x14, 0x3f, 0x9a, 0xff, 0x14, 0x3f, 0x9a, 0xff, 0x14, 0x3e, 0x99, 0xff, 
    0x14, 0x3e, 0x99, 0xff, 0x0a, 0x28, 0x64, 0xff, 0x0a, 0x28, 0x64, 0xff, 0x0a, 0x28, 0x64, 0xff, 0x0a, 0x28, 0x64, 0xff, 0x0a, 0x28, 0x64, 0xff, 0xff, 0xff, 0xff, 0x64, 0xff, 0xff, 0xff, 0x64, 
    0x00, 0x00, 0x00, 0x00, 0xff, 0xff, 0xff, 0xb4, 0x00, 0x00, 0x00, 0x00, 0x00, 0x00, 0x00, 0x00, 0x00, 0x00, 0x00, 0x00, 0x00, 0x00, 0x00, 0x00, 0x00, 0x00, 0x00, 0x00, 0x00, 0x00, 0x00, 0x00, 
    0x00, 0x00, 0x00, 0x00, 0x00, 0x00, 0x00, 0x00, 0x00, 0x00, 0x00, 0x00, 0x00, 0x00, 0x00, 0x00, 0x00, 0x00, 0x00, 0x00, 0x00, 0x00, 0x00, 0x00, 0x00, 0x00, 0x00, 0x00, 0x00, 0x00, 0x00, 0x00, 
    0x00, 0x00, 0x00, 0x00, 0x00, 0x00, 0x00, 0x00, 0x00, 0x00, 0x00, 0x00, 0x00, 0x00, 0x00, 0x00, 0x00, 0x00, 0x00, 0x00, 0x00, 0x00, 0x00, 0x00, 0x00, 0x00, 0x00, 0x00, 0x00, 0x00, 0x00, 0x00, 
    0x00, 0x00, 0x00, 0x00, 0x00, 0x00, 0x00, 0x00, 0x00, 0x00, 0x00, 0x00, 0x00, 0x00, 0x00, 0x00, 0x00, 0x00, 0x00, 0x00, 0x00, 0x00, 0x00, 0x00, 0x00, 0x00, 0x00, 0x00, 0x00, 0x00, 0x00, 0x00, 
    0xff, 0xff, 0xff, 0xb4, 0x00, 0x00, 0x00, 0x00, 0x00, 0x00, 0x00, 0x00, 0xff, 0xff, 0xff, 0x64, 0xff, 0xff, 0xff, 0x64, 0x0a, 0x28, 0x64, 0xff, 0x0a, 0x28, 0x64, 0xff, 0x0a, 0x28, 0x64, 0xff, 
    0x0a, 0x28, 0x64, 0xff, 0x0a, 0x28, 0x64, 0xff, 0x0a, 0x28, 0x64, 0xff, 0x14, 0x3e, 0x98, 0xff, 0x14, 0x3e, 0x99, 0xff, 0xff, 0xff, 0xff, 0xb4, 0x14, 0x3e, 0x99, 0xff, 0x14, 0x3e, 0x99, 0xff, 
    0x14, 0x3e, 0x99, 0xff, 0x14, 0x3e, 0x99, 0xff, 0x14, 0x3e, 0x99, 0xff, 0xff, 0xff, 0xff, 0xb4, 0x14, 0x3e, 0x99, 0xff, 0x14, 0x3e, 0x98, 0xff, 0x0a, 0x28, 0x64, 0xff, 0x0a, 0x28, 0x64, 0xff, 
    0x0a, 0x28, 0x64, 0xff, 0x0a, 0x28, 0x64, 0xff, 0x0a, 0x28, 0x64, 0xff, 0x0a, 0x28, 0x64, 0xff, 0xff, 0xff, 0xff, 0x64, 0xff, 0xff, 0xff, 0x64, 0x00, 0x00, 0x00, 0x00, 0x00, 0x00, 0x00, 0x00, 
    0xff, 0xff, 0xff, 0xb4, 0x00, 0x00, 0x00, 0x00, 0x00, 0x00, 0x00, 0x00, 0x00, 0x00, 0x00, 0x00, 0x00, 0x00, 0x00, 0x00, 0x00, 0x00, 0x00, 0x00, 0x00, 0x00, 0x00, 0x00, 0x00, 0x00, 0x00, 0x00, 
    0x00, 0x00, 0x00, 0x00, 0x00, 0x00, 0x00, 0x00, 0x00, 0x00, 0x00, 0x00, 0x00, 0x00, 0x00, 0x00, 0x00, 0x00, 0x00, 0x00, 0x00, 0x00, 0x00, 0x00, 0x00, 0x00, 0x00, 0x00, 0x00, 0x00, 0x00, 0x00, 
    0x00, 0x00, 0x00, 0x00, 0x00, 0x00, 0x00, 0x00, 0x00, 0x00, 0x00, 0x00, 0x00, 0x00, 0x00, 0x00, 0x00, 0x00, 0x00, 0x00, 0x00, 0x00, 0x00, 0x00, 0x00, 0x00, 0x00, 0x00, 0x00, 0x00, 0x00, 0x00, 
    0x00, 0x00, 0x00, 0x00, 0x00, 0x00, 0x00, 0x00, 0x00, 0x00, 0x00, 0x00, 0x00, 0x00, 0x00, 0x00, 0x00, 0x00, 0x00, 0x00, 0x00, 0x00, 0x00, 0x00, 0x00, 0x00, 0x00, 0x00, 0x00, 0x00, 0x00, 0x00, 
    0x00, 0x00, 0x00, 0x00, 0xff, 0xff, 0xff, 0xb4, 0x00, 0x00, 0x00, 0x00, 0x00, 0x00, 0x00, 0x00, 0x00, 0x00, 0x00, 0x00, 0xff, 0xff, 0xff, 0x64, 0xff, 0xff, 0xff, 0x64, 0x0a, 0x28, 0x64, 0xff, 
    0x0a, 0x28, 0x64, 0xff, 0x0a, 0x28, 0x64, 0xff, 0x0a, 0x28, 0x64, 0xff, 0x0a, 0x28, 0x64, 0xff, 0x0a, 0x28, 0x64, 0xff, 0x0a, 0x28, 0x64, 0xff, 0x0a, 0x28, 0x64, 0xff, 0x0a, 0x28, 0x64, 0xff, 
    0x0a, 0x28, 0x64, 0xff, 0x0a, 0x28, 0x64, 0xff, 0x0a, 0x28, 0x64, 0xff, 0x0a, 0x28, 0x64, 0xff, 0x0a, 0x28, 0x64, 0xff, 0x0a, 0x28, 0x64, 0xff, 0x0a, 0x28, 0x64, 0xff, 0x0a, 0x28, 0x64, 0xff, 
    0x0a, 0x28, 0x64, 0xff, 0x0a, 0x28, 0x64, 0xff, 0xff, 0xff, 0xff, 0x64, 0xff, 0xff, 0xff, 0x64, 0x00, 0x00, 0x00, 0x00, 0x00, 0x00, 0x00, 0x00, 0x00, 0x00, 0x00, 0x00, 0xff, 0xff, 0xff, 0xb4, 
    0x00, 0x00, 0x00, 0x00, 0x00, 0x00, 0x00, 0x00, 0x00, 0x00, 0x00, 0x00, 0x00, 0x00, 0x00, 0x00, 0x00, 0x00, 0x00, 0x00, 0x00, 0x00, 0x00, 0x00, 0x00, 0x00, 0x00, 0x00, 0x00, 0x00, 0x00, 0x00, 
    0x00, 0x00, 0x00, 0x00, 0x00, 0x00, 0x00, 0x00, 0x00, 0x00, 0x00, 0x00, 0x00, 0x00, 0x00, 0x00, 0x00, 0x00, 0x00, 0x00, 0x00, 0x00, 0x00, 0x00, 0x00, 0x00, 0x00, 0x00, 0x00, 0x00, 0x00, 0x00, 
    0x00, 0x00, 0x00, 0x00, 0x00, 0x00, 0x00, 0x00, 0x00, 0x00, 0x00, 0x00, 0x00, 0x00, 0x00, 0x00, 0x00, 0x00, 0x00, 0x00, 0x00, 0x00, 0x00, 0x00, 0x00, 0x00, 0x00, 0x00, 0x00, 0x00, 0x00, 0x00, 
    0x00, 0x00, 0x00, 0x00, 0x00, 0x00, 0x00, 0x00, 0x00, 0x00, 0x00, 0x00, 0x00, 0x00, 0x00, 0x00, 0x00, 0x00, 0x00, 0x00, 0x00, 0x00, 0x00, 0x00, 0x00, 0x00, 0x00, 0x00, 0x00, 0x00, 0x00, 0x00, 
    0x00, 0x00, 0x00, 0x00, 0x00, 0x00, 0x00, 0x00, 0xff, 0xff, 0xff, 0xb4, 0xff, 0xff, 0xff, 0xb4, 0xff, 0xff, 0xff, 0xb4, 0x00, 0x00, 0x00, 0x00, 0x00, 0x00, 0x00, 0x00, 0xff, 0xff, 0xff, 0x64, 
    0xff, 0xff, 0xff, 0x64, 0xff, 0xff, 0xff, 0x64, 0xff, 0xff, 0xff, 0x64, 0x0a, 0x28, 0x64, 0xff, 0x0a, 0x28, 0x64, 0xff, 0x0a, 0x28, 0x64, 0xff, 0x0a, 0x28, 0x64, 0xff, 0x0a, 0x28, 0x64, 0xff, 
    0x0a, 0x28, 0x64, 0xff, 0x0a, 0x28, 0x64, 0xff, 0x0a, 0x28, 0x64, 0xff, 0x0a, 0x28, 0x64, 0xff, 0x0a, 0x28, 0x64, 0xff, 0x0a, 0x28, 0x64, 0xff, 0xff, 0xff, 0xff, 0x64, 0xff, 0xff, 0xff, 0x64, 
    0xff, 0xff, 0xff, 0x64, 0xff, 0xff, 0xff, 0x64, 0x00, 0x00, 0x00, 0x00, 0x00, 0x00, 0x00, 0x00, 0xff, 0xff, 0xff, 0xb4, 0xff, 0xff, 0xff, 0xb4, 0xff, 0xff, 0xff, 0xb4, 0x00, 0x00, 0x00, 0x00, 
    0x00, 0x00, 0x00, 0x00, 0x00, 0x00, 0x00, 0x00, 0x00, 0x00, 0x00, 0x00, 0x00, 0x00, 0x00, 0x00, 0x00, 0x00, 0x00, 0x00, 0x00, 0x00, 0x00, 0x00, 0x00, 0x00, 0x00, 0x00, 0x00, 0x00, 0x00, 0x00, 
    0x00, 0x00, 0x00, 0x00, 0x00, 0x00, 0x00, 0x00, 0x00, 0x00, 0x00, 0x00, 0x00, 0x00, 0x00, 0x00, 0x00, 0x00, 0x00, 0x00, 0x00, 0x00, 0x00, 0x00, 0x00, 0x00, 0x00, 0x00, 0x00, 0x00, 0x00, 0x00, 
    0x00, 0x00, 0x00, 0x00, 0x00, 0x00, 0x00, 0x00, 0x00, 0x00, 0x00, 0x00, 0x00, 0x00, 0x00, 0x00, 0x00, 0x00, 0x00, 0x00, 0x00, 0x00, 0x00, 0x00, 0x00, 0x00, 0x00, 0x00, 0x00, 0x00, 0x00, 0x00, 
    0x00, 0x00, 0x00, 0x00, 0x00, 0x00, 0x00, 0x00, 0x00, 0x00, 0x00, 0x00, 0x00, 0x00, 0x00, 0x00, 0x00, 0x00, 0x00, 0x00, 0x00, 0x00, 0x00, 0x00, 0x00, 0x00, 0x00, 0x00, 0x00, 0x00, 0x00, 0x00, 
    0x00, 0x00, 0x00, 0x00, 0x00, 0x00, 0x00, 0x00, 0x00, 0x00, 0x00, 0x00, 0x00, 0x00, 0x00, 0x00, 0x00, 0x00, 0x00, 0x00, 0x00, 0x00, 0x00, 0x00, 0x00, 0x00, 0x00, 0x00, 0x00, 0x00, 0x00, 0x00, 
    0x00, 0x00, 0x00, 0x00, 0x00, 0x00, 0x00, 0x00, 0x00, 0x00, 0x00, 0x00, 0xff, 0xff, 0xff, 0x64, 0xff, 0xff, 0xff, 0x64, 0xff, 0xff, 0xff, 0x64, 0xff, 0xff, 0xff, 0x64, 0xff, 0xff, 0xff, 0x64, 
    0xff, 0xff, 0xff, 0x64, 0xff, 0xff, 0xff, 0x64, 0xff, 0xff, 0xff, 0x64, 0xff, 0xff, 0xff, 0x64, 0xff, 0xff, 0xff, 0x64, 0xff, 0xff, 0xff, 0x64, 0x00, 0x00, 0x00, 0x00, 0x00, 0x00, 0x00, 0x00, 
    0x00, 0x00, 0x00, 0x00, 0x00, 0x00, 0x00, 0x00, 0x00, 0x00, 0x00, 0x00, 0x00, 0x00, 0x00, 0x00, 0x00, 0x00, 0x00, 0x00, 0x00, 0x00, 0x00, 0x00, 0x00, 0x00, 0x00, 0x00, 0x00, 0x00, 0x00, 0x00, 
    0x00, 0x00, 0x00, 0x00, 0x00, 0x00, 0x00, 0x00, 0x00, 0x00, 0x00, 0x00, 0x00, 0x00, 0x00, 0x00, 0x00, 0x00, 0x00, 0x00, 0x00, 0x00, 0x00, 0x00, 0x00, 0x00, 0x00, 0x00, 0x00, 0x00, 0x00, 0x00, 
    0x00, 0x00, 0x00, 0x00, 0x00, 0x00, 0x00, 0x00, 0x00, 0x00, 0x00, 0x00, 0x00, 0x00, 0x00, 0x00, 0x00, 0x00, 0x00, 0x00, 0x00, 0x00, 0x00, 0x00, 0x00, 0x00, 0x00, 0x00, 0x00, 0x00, 0x00, 0x00, 
    0x00, 0x00, 0x00, 0x00, 0x00, 0x00, 0x00, 0x00, 0x00, 0x00, 0x00, 0x00, 0x00, 0x00, 0x00, 0x00, 0x00, 0x00, 0x00, 0x00, 0x00, 0x00, 0x00, 0x00, 0x00, 0x00, 0x00, 0x00, 0x00, 0x00, 0x00, 0x00, 
    0x00, 0x00, 0x00, 0x00, 0x00, 0x00, 0x00, 0x00, 0x00, 0x00, 0x00, 0x00, 0x00, 0x00, 0x00, 0x00, 0x00, 0x00, 0x00, 0x00, 0x00, 0x00, 0x00, 0x00, 0x00, 0x00, 0x00, 0x00, 0x00, 0x00, 0x00, 0x00, 
    0x00, 0x00, 0x00, 0x00, 0x00, 0x00, 0x00, 0x00, 0x00, 0x00, 0x00, 0x00, 0x00, 0x00, 0x00, 0x00, 0x00, 0x00, 0x00, 0x00, 0x00, 0x00, 0x00, 0x00, 0x00, 0x00, 0x00, 0x00, 0x00, 0x00, 0x00, 0x00, 
    0x00, 0x00, 0x00, 0x00, 0x00, 0x00, 0x00, 0x00, 0x00, 0x00, 0x00, 0x00, 0x00, 0x00, 0x00, 0x00, 0x00, 0x00, 0x00, 0x00, 0x00, 0x00, 0x00, 0x00, 0x00, 0x00, 0x00, 0x00, 0x00, 0x00, 0x00, 0x00, 
    0x00, 0x00, 0x00, 0x00, 0x00, 0x00, 0x00, 0x00, 0x00, 0x00, 0x00, 0x00, 0x00, 0x00, 0x00, 0x00, 0x00, 0x00, 0x00, 0x00, 0x00, 0x00, 0x00, 0x00, 0x00, 0x00, 0x00, 0x00, 0x00, 0x00, 0x00, 0x00, 
    0x00, 0x00, 0x00, 0x00, 0x00, 0x00, 0x00, 0x00, 0x00, 0x00, 0x00, 0x00, 0x00, 0x00, 0x00, 0x00, 0x00, 0x00, 0x00, 0x00, 0x00, 0x00, 0x00, 0x00, 0x00, 0x00, 0x00, 0x00, 0x00, 0x00, 0x00, 0x00, 
    0x00, 0x00, 0x00, 0x00, 0x00, 0x00, 0x00, 0x00, 0x00, 0x00, 0x00, 0x00, 0x00, 0x00, 0x00, 0x00, 0x00, 0x00, 0x00, 0x00, 0x00, 0x00, 0x00, 0x00, 0x00, 0x00, 0x00, 0x00, 0x00, 0x00, 0x00, 0x00, 
    0x00, 0x00, 0x00, 0x00, 0x00, 0x00, 0x00, 0x00, 0x00, 0x00, 0x00, 0x00, 0x00, 0x00, 0x00, 0x00, 0x00, 0x00, 0x00, 0x00, 0x00, 0x00, 0x00, 0x00, 0x00, 0x00, 0x00, 0x00, 0x00, 0x00, 0x00, 0x00, 
    0x00, 0x00, 0x00, 0x00, 0x00, 0x00, 0x00, 0x00, 0x00, 0x00, 0x00, 0x00, 0x00, 0x00, 0x00, 0x00, 0x00, 0x00, 0x00, 0x00, 0x00, 0x00, 0x00, 0x00, 0x00, 0x00, 0x00, 0x00, 0x00, 0x00, 0x00, 0x00, 
    0x00, 0x00, 0x00, 0x00, 0x00, 0x00, 0x00, 0x00, 0x00, 0x00, 0x00, 0x00, 0x00, 0x00, 0x00, 0x00, 0x00, 0x00, 0x00, 0x00, 0x00, 0x00, 0x00, 0x00, 0x00, 0x00, 0x00, 0x00, 0x00, 0x00, 0x00, 0x00, 
    0x00, 0x00, 0x00, 0x00, 0x00, 0x00, 0x00, 0x00, 0x00, 0x00, 0x00, 0x00, 0x00, 0x00, 0x00, 0x00, 0x00, 0x00, 0x00, 0x00, 0x00, 0x00, 0x00, 0x00, 0x00, 0x00, 0x00, 0x00, 0x00, 0x00, 0x00, 0x00, 
    0x00, 0x00, 0x00, 0x00, 0x00, 0x00, 0x00, 0x00, 0x00, 0x00, 0x00, 0x00, 0x00, 0x00, 0x00, 0x00, 0x00, 0x00, 0x00, 0x00, 0x00, 0x00, 0x00, 0x00, 0x00, 0x00, 0x00, 0x00, 0x00, 0x00, 0x00, 0x00, 
    0x00, 0x00, 0x00, 0x00, 0x00, 0x00, 0x00, 0x00, 0x00, 0x00, 0x00, 0x00, 0x00, 0x00, 0x00, 0x00, 0x00, 0x00, 0x00, 0x00, 0x00, 0x00, 0x00, 0x00, 0x00, 0x00, 0x00, 0x00, 0x00, 0x00, 0x00, 0x00, 
    0x00, 0x00, 0x00, 0x00, 0x00, 0x00, 0x00, 0x00, 0x00, 0x00, 0x00, 0x00, 0x00, 0x00, 0x00, 0x00, 0x00, 0x00, 0x00, 0x00, 0x00, 0x00, 0x00, 0x00, 0x00, 0x00, 0x00, 0x00, 0x00, 0x00, 0x00, 0x00, 
    0x00, 0x00, 0x00, 0x00, 0x00, 0x00, 0x00, 0x00, 0x00, 0x00, 0x00, 0x00, 0x00, 0x00, 0x00, 0x00, 0x00, 0x00, 0x00, 0x00, 0x00, 0x00, 0x00, 0x00, 0x00, 0x00, 0x00, 0x00, 0x00, 0x00, 0x00, 0x00, 
    0x00, 0x00, 0x00, 0x00, 0x00, 0x00, 0x00, 0x00, 0x00, 0x00, 0x00, 0x00, 0x00, 0x00, 0x00, 0x00, 0x00, 0x00, 0x00, 0x00, 0x00, 0x00, 0x00, 0x00, 0x00, 0x00, 0x00, 0x00, 0x00, 0x00, 0x00, 0x00, 
];

pub const FILEMANAGER_ICON_WIDTH: u32 = 64;
pub const FILEMANAGER_ICON_HEIGHT: u32 = 64;
#[allow(dead_code)]
pub const FILEMANAGER_ICON_DATA: &[u8] = &[
    0x00, 0x00, 0x00, 0x00, 0x00, 0x00, 0x00, 0x00, 0x00, 0x00, 0x00, 0x00, 0x00, 0x00, 0x00, 0x00, 0x00, 0x00, 0x00, 0x00, 0x00, 0x00, 0x00, 0x00, 0x00, 0x00, 0x00, 0x00, 0x00, 0x00, 0x00, 0x00, 
    0x00, 0x00, 0x00, 0x00, 0x00, 0x00, 0x00, 0x00, 0x00, 0x00, 0x00, 0x00, 0x00, 0x00, 0x00, 0x00, 0x00, 0x00, 0x00, 0x00, 0x00, 0x00, 0x00, 0x00, 0x00, 0x00, 0x00, 0x00, 0x00, 0x00, 0x00, 0x00, 
    0x00, 0x00, 0x00, 0x00, 0x00, 0x00, 0x00, 0x00, 0x00, 0x00, 0x00, 0x00, 0x00, 0x00, 0x00, 0x00, 0x00, 0x00, 0x00, 0x00, 0x00, 0x00, 0x00, 0x00, 0x00, 0x00, 0x00, 0x00, 0x00, 0x00, 0x00, 0x00, 
    0x00, 0x00, 0x00, 0x00, 0x00, 0x00, 0x00, 0x00, 0x00, 0x00, 0x00, 0x00, 0x00, 0x00, 0x00, 0x00, 0x00, 0x00, 0x00, 0x00, 0x00, 0x00, 0x00, 0x00, 0x00, 0x00, 0x00, 0x00, 0x00, 0x00, 0x00, 0x00, 
    0x00, 0x00, 0x00, 0x00, 0x00, 0x00, 0x00, 0x00, 0x00, 0x00, 0x00, 0x00, 0x00, 0x00, 0x00, 0x00, 0x00, 0x00, 0x00, 0x00, 0x00, 0x00, 0x00, 0x00, 0x00, 0x00, 0x00, 0x00, 0x00, 0x00, 0x00, 0x00, 
    0x00, 0x00, 0x00, 0x00, 0x00, 0x00, 0x00, 0x00, 0x00, 0x00, 0x00, 0x00, 0x00, 0x00, 0x00, 0x00, 0x00, 0x00, 0x00, 0x00, 0x00, 0x00, 0x00, 0x00, 0x00, 0x00, 0x00, 0x00, 0x00, 0x00, 0x00, 0x00, 
    0x00, 0x00, 0x00, 0x00, 0x00, 0x00, 0x00, 0x00, 0x00, 0x00, 0x00, 0x00, 0x00, 0x00, 0x00, 0x00, 0x00, 0x00, 0x00, 0x00, 0x00, 0x00, 0x00, 0x00, 0x00, 0x00, 0x00, 0x00, 0x00, 0x00, 0x00, 0x00, 
    0x00, 0x00, 0x00, 0x00, 0x00, 0x00, 0x00, 0x00, 0x00, 0x00, 0x00, 0x00, 0x00, 0x00, 0x00, 0x00, 0x00, 0x00, 0x00, 0x00, 0x00, 0x00, 0x00, 0x00, 0x00, 0x00, 0x00, 0x00, 0x00, 0x00, 0x00, 0x00, 
    0x00, 0x00, 0x00, 0x00, 0x00, 0x00, 0x00, 0x00, 0x00, 0x00, 0x00, 0x00, 0x00, 0x00, 0x00, 0x00, 0x00, 0x00, 0x00, 0x00, 0x00, 0x00, 0x00, 0x00, 0x00, 0x00, 0x00, 0x00, 0x00, 0x00, 0x00, 0x00, 
    0x00, 0x00, 0x00, 0x00, 0x00, 0x00, 0x00, 0x00, 0x00, 0x00, 0x00, 0x00, 0x00, 0x00, 0x00, 0x00, 0x00, 0x00, 0x00, 0x00, 0x00, 0x00, 0x00, 0x00, 0x00, 0x00, 0x00, 0x00, 0x00, 0x00, 0x00, 0x00, 
    0x00, 0x00, 0x00, 0x00, 0x00, 0x00, 0x00, 0x00, 0x00, 0x00, 0x00, 0x00, 0x00, 0x00, 0x00, 0x00, 0x00, 0x00, 0x00, 0x00, 0x00, 0x00, 0x00, 0x00, 0x00, 0x00, 0x00, 0x00, 0x00, 0x00, 0x00, 0x00, 
    0x00, 0x00, 0x00, 0x00, 0x00, 0x00, 0x00, 0x00, 0x00, 0x00, 0x00, 0x00, 0x00, 0x00, 0x00, 0x00, 0x00, 0x00, 0x00, 0x00, 0x00, 0x00, 0x00, 0x00, 0x00, 0x00, 0x00, 0x00, 0x00, 0x00, 0x00, 0x00, 
    0x00, 0x00, 0x00, 0x00, 0x00, 0x00, 0x00, 0x00, 0x00, 0x00, 0x00, 0x00, 0x00, 0x00, 0x00, 0x00, 0x00, 0x00, 0x00, 0x00, 0x00, 0x00, 0x00, 0x00, 0x00, 0x00, 0x00, 0x00, 0x00, 0x00, 0x00, 0x00, 
    0x00, 0x00, 0x00, 0x00, 0x00, 0x00, 0x00, 0x00, 0x00, 0x00, 0x00, 0x00, 0x00, 0x00, 0x00, 0x00, 0x00, 0x00, 0x00, 0x00, 0x00, 0x00, 0x00, 0x00, 0x00, 0x00, 0x00, 0x00, 0x00, 0x00, 0x00, 0x00, 
    0x00, 0x00, 0x00, 0x00, 0x00, 0x00, 0x00, 0x00, 0x00, 0x00, 0x00, 0x00, 0x00, 0x00, 0x00, 0x00, 0x00, 0x00, 0x00, 0x00, 0x00, 0x00, 0x00, 0x00, 0x00, 0x00, 0x00, 0x00, 0x00, 0x00, 0x00, 0x00, 
    0x00, 0x00, 0x00, 0x00, 0x00, 0x00, 0x00, 0x00, 0x00, 0x00, 0x00, 0x00, 0x00, 0x00, 0x00, 0x00, 0x00, 0x00, 0x00, 0x00, 0x00, 0x00, 0x00, 0x00, 0x00, 0x00, 0x00, 0x00, 0x00, 0x00, 0x00, 0x00, 
    0x00, 0x00, 0x00, 0x00, 0x00, 0x00, 0x00, 0x00, 0x00, 0x00, 0x00, 0x00, 0x00, 0x00, 0x00, 0x00, 0x00, 0x00, 0x00, 0x00, 0x00, 0x00, 0x00, 0x00, 0x00, 0x00, 0x00, 0x00, 0x00, 0x00, 0x00, 0x00, 
    0x00, 0x00, 0x00, 0x00, 0x00, 0x00, 0x00, 0x00, 0x00, 0x00, 0x00, 0x00, 0x00, 0x00, 0x00, 0x00, 0x00, 0x00, 0x00, 0x00, 0x00, 0x00, 0x00, 0x00, 0x00, 0x00, 0x00, 0x00, 0x00, 0x00, 0x00, 0x00, 
    0x00, 0x00, 0x00, 0x00, 0x00, 0x00, 0x00, 0x00, 0x00, 0x00, 0x00, 0x00, 0x00, 0x00, 0x00, 0x00, 0x00, 0x00, 0x00, 0x00, 0x00, 0x00, 0x00, 0x00, 0x00, 0x00, 0x00, 0x00, 0x00, 0x00, 0x00, 0x00, 
    0x00, 0x00, 0x00, 0x00, 0x00, 0x00, 0x00, 0x00, 0x00, 0x00, 0x00, 0x00, 0x00, 0x00, 0x00, 0x00, 0x00, 0x00, 0x00, 0x00, 0x00, 0x00, 0x00, 0x00, 0x00, 0x00, 0x00, 0x00, 0x00, 0x00, 0x00, 0x00, 
    0x00, 0x00, 0x00, 0x00, 0x00, 0x00, 0x00, 0x00, 0x00, 0x00, 0x00, 0x00, 0x00, 0x00, 0x00, 0x00, 0x00, 0x00, 0x00, 0x00, 0x00, 0x00, 0x00, 0x00, 0x00, 0x00, 0x00, 0x00, 0x00, 0x00, 0x00, 0x00, 
    0x00, 0x00, 0x00, 0x00, 0x00, 0x00, 0x00, 0x00, 0x00, 0x00, 0x00, 0x00, 0x00, 0x00, 0x00, 0x00, 0x00, 0x00, 0x00, 0x00, 0x00, 0x00, 0x00, 0x00, 0x00, 0x00, 0x00, 0x00, 0x00, 0x00, 0x00, 0x00, 
    0x00, 0x00, 0x00, 0x00, 0x00, 0x00, 0x00, 0x00, 0x00, 0x00, 0x00, 0x00, 0x00, 0x00, 0x00, 0x00, 0x00, 0x00, 0x00, 0x00, 0x00, 0x00, 0x00, 0x00, 0x00, 0x00, 0x00, 0x00, 0x00, 0x00, 0x00, 0x00, 
    0x00, 0x00, 0x00, 0x00, 0x00, 0x00, 0x00, 0x00, 0x00, 0x00, 0x00, 0x00, 0x00, 0x00, 0x00, 0x00, 0x00, 0x00, 0x00, 0x00, 0x00, 0x00, 0x00, 0x00, 0x00, 0x00, 0x00, 0x00, 0x00, 0x00, 0x00, 0x00, 
    0x00, 0x00, 0x00, 0x00, 0x00, 0x00, 0x00, 0x00, 0x00, 0x00, 0x00, 0x00, 0x00, 0x00, 0x00, 0x00, 0x00, 0x00, 0x00, 0x00, 0x00, 0x00, 0x00, 0x00, 0x00, 0x00, 0x00, 0x00, 0x00, 0x00, 0x00, 0x00, 
    0x00, 0x00, 0x00, 0x00, 0x00, 0x00, 0x00, 0x00, 0x00, 0x00, 0x00, 0x00, 0x00, 0x00, 0x00, 0x00, 0x00, 0x00, 0x00, 0x00, 0x00, 0x00, 0x00, 0x00, 0x00, 0x00, 0x00, 0x00, 0x00, 0x00, 0x00, 0x00, 
    0x00, 0x00, 0x00, 0x00, 0x00, 0x00, 0x00, 0x00, 0x00, 0x00, 0x00, 0x00, 0x00, 0x00, 0x00, 0x00, 0x00, 0x00, 0x00, 0x00, 0x00, 0x00, 0x00, 0x00, 0x00, 0x00, 0x00, 0x00, 0x00, 0x00, 0x00, 0x00, 
    0x00, 0x00, 0x00, 0x00, 0x00, 0x00, 0x00, 0x00, 0x00, 0x00, 0x00, 0x00, 0x00, 0x00, 0x00, 0x00, 0x00, 0x00, 0x00, 0x00, 0x00, 0x00, 0x00, 0x00, 0x00, 0x00, 0x00, 0x00, 0x00, 0x00, 0x00, 0x00, 
    0x00, 0x00, 0x00, 0x00, 0x00, 0x00, 0x00, 0x00, 0x00, 0x00, 0x00, 0x00, 0x00, 0x00, 0x00, 0x00, 0x00, 0x00, 0x00, 0x00, 0x00, 0x00, 0x00, 0x00, 0x00, 0x00, 0x00, 0x00, 0x00, 0x00, 0x00, 0x00, 
    0x00, 0x00, 0x00, 0x00, 0x00, 0x00, 0x00, 0x00, 0x00, 0x00, 0x00, 0x00, 0x00, 0x00, 0x00, 0x00, 0x00, 0x00, 0x00, 0x00, 0x00, 0x00, 0x00, 0x00, 0x00, 0x00, 0x00, 0x00, 0x00, 0x00, 0x00, 0x00, 
    0x00, 0x00, 0x00, 0x00, 0x00, 0x00, 0x00, 0x00, 0x00, 0x00, 0x00, 0x00, 0x00, 0x00, 0x00, 0x00, 0x00, 0x00, 0x00, 0x00, 0x00, 0x00, 0x00, 0x00, 0x00, 0x00, 0x00, 0x00, 0x00, 0x00, 0x00, 0x00, 
    0x00, 0x00, 0x00, 0x00, 0x00, 0x00, 0x00, 0x00, 0x00, 0x00, 0x00, 0x00, 0x00, 0x00, 0x00, 0x00, 0x00, 0x00, 0x00, 0x00, 0x00, 0x00, 0x00, 0x00, 0x00, 0x00, 0x00, 0x00, 0x00, 0x00, 0x00, 0x00, 
    0x00, 0x00, 0x00, 0x00, 0x00, 0x00, 0x00, 0x00, 0x00, 0x00, 0x00, 0x00, 0x00, 0x00, 0x00, 0x00, 0x00, 0x00, 0x00, 0x00, 0x00, 0x00, 0x00, 0x00, 0x00, 0x00, 0x00, 0x00, 0x00, 0x00, 0x00, 0x00, 
    0x00, 0x00, 0x00, 0x00, 0x00, 0x00, 0x00, 0x00, 0x00, 0x00, 0x00, 0x00, 0x00, 0x00, 0x00, 0x00, 0x00, 0x00, 0x00, 0x00, 0x00, 0x00, 0x00, 0x00, 0x00, 0x00, 0x00, 0x00, 0x00, 0x00, 0x00, 0x00, 
    0x00, 0x00, 0x00, 0x00, 0x00, 0x00, 0x00, 0x00, 0x00, 0x00, 0x00, 0x00, 0x00, 0x00, 0x00, 0x00, 0x00, 0x00, 0x00, 0x00, 0x00, 0x00, 0x00, 0x00, 0x00, 0x00, 0x00, 0x00, 0x00, 0x00, 0x00, 0x00, 
    0x00, 0x00, 0x00, 0x00, 0x00, 0x00, 0x00, 0x00, 0x00, 0x00, 0x00, 0x00, 0x00, 0x00, 0x00, 0x00, 0x00, 0x00, 0x00, 0x00, 0x00, 0x00, 0x00, 0x00, 0x00, 0x00, 0x00, 0x00, 0x00, 0x00, 0x00, 0x00, 
    0x00, 0x00, 0x00, 0x00, 0x00, 0x00, 0x00, 0x00, 0x00, 0x00, 0x00, 0x00, 0x00, 0x00, 0x00, 0x00, 0x00, 0x00, 0x00, 0x00, 0x00, 0x00, 0x00, 0x00, 0x00, 0x00, 0x00, 0x00, 0x00, 0x00, 0x00, 0x00, 
    0x00, 0x00, 0x00, 0x00, 0x00, 0x00, 0x00, 0x00, 0x00, 0x00, 0x00, 0x00, 0x00, 0x00, 0x00, 0x00, 0x00, 0x00, 0x00, 0x00, 0x00, 0x00, 0x00, 0x00, 0x00, 0x00, 0x00, 0x00, 0x00, 0x00, 0x00, 0x00, 
    0x00, 0x00, 0x00, 0x00, 0x00, 0x00, 0x00, 0x00, 0x00, 0x00, 0x00, 0x00, 0x00, 0x00, 0x00, 0x00, 0x00, 0x00, 0x00, 0x00, 0x00, 0x00, 0x00, 0x00, 0x00, 0x00, 0x00, 0x00, 0x00, 0x00, 0x00, 0x00, 
    0x00, 0x00, 0x00, 0x00, 0x00, 0x00, 0x00, 0x00, 0x00, 0x00, 0x00, 0x00, 0x00, 0x00, 0x00, 0x00, 0x00, 0x00, 0x00, 0x00, 0x00, 0x00, 0x00, 0x00, 0x00, 0x00, 0x00, 0x00, 0x00, 0x00, 0x00, 0x00, 
    0x00, 0x00, 0x00, 0x00, 0x00, 0x00, 0x00, 0x00, 0x00, 0x00, 0x00, 0x00, 0x00, 0x00, 0x00, 0x00, 0x00, 0x00, 0x00, 0x00, 0x00, 0x00, 0x00, 0x00, 0x00, 0x00, 0x00, 0x00, 0x00, 0x00, 0x00, 0x00, 
    0x00, 0x00, 0x00, 0x00, 0x00, 0x00, 0x00, 0x00, 0x00, 0x00, 0x00, 0x00, 0x00, 0x00, 0x00, 0x00, 0x00, 0x00, 0x00, 0x00, 0x00, 0x00, 0x00, 0x00, 0x00, 0x00, 0x00, 0x00, 0x00, 0x00, 0x00, 0x00, 
    0x00, 0x00, 0x00, 0x00, 0x00, 0x00, 0x00, 0x00, 0x00, 0x00, 0x00, 0x00, 0x00, 0x00, 0x00, 0x00, 0x00, 0x00, 0x00, 0x00, 0x00, 0x00, 0x00, 0x00, 0x00, 0x00, 0x00, 0x00, 0x00, 0x00, 0x00, 0x00, 
    0x00, 0x00, 0x00, 0x00, 0x00, 0x00, 0x00, 0x00, 0x00, 0x00, 0x00, 0x00, 0x00, 0x00, 0x00, 0x00, 0x00, 0x00, 0x00, 0x00, 0x00, 0x00, 0x00, 0x00, 0x00, 0x00, 0x00, 0x00, 0x00, 0x00, 0x00, 0x00, 
    0x00, 0x00, 0x00, 0x00, 0x00, 0x00, 0x00, 0x00, 0x00, 0x00, 0x00, 0x00, 0x00, 0x00, 0x00, 0x00, 0x00, 0x00, 0x00, 0x00, 0x00, 0x00, 0x00, 0x00, 0x00, 0x00, 0x00, 0x00, 0x00, 0x00, 0x00, 0x00, 
    0x00, 0x00, 0x00, 0x00, 0x00, 0x00, 0x00, 0x00, 0x00, 0x00, 0x00, 0x00, 0x00, 0x00, 0x00, 0x00, 0x00, 0x00, 0x00, 0x00, 0x00, 0x00, 0x00, 0x00, 0x00, 0x00, 0x00, 0x00, 0x00, 0x00, 0x00, 0x00, 
    0x00, 0x00, 0x00, 0x00, 0x00, 0x00, 0x00, 0x00, 0x00, 0x00, 0x00, 0x00, 0x00, 0x00, 0x00, 0x00, 0x00, 0x00, 0x00, 0x00, 0x00, 0x00, 0x00, 0x00, 0x00, 0x00, 0x00, 0x00, 0x00, 0x00, 0x00, 0x00, 
    0x00, 0x00, 0x00, 0x00, 0x00, 0x00, 0x00, 0x00, 0x00, 0x00, 0x00, 0x00, 0x00, 0x00, 0x00, 0x00, 0x00, 0x00, 0x00, 0x00, 0x00, 0x00, 0x00, 0x00, 0x00, 0x00, 0x00, 0x00, 0x00, 0x00, 0x00, 0x00, 
    0x00, 0x00, 0x00, 0x00, 0x00, 0x00, 0x00, 0x00, 0x00, 0x00, 0x00, 0x00, 0x00, 0x00, 0x00, 0x00, 0x00, 0x00, 0x00, 0x00, 0x00, 0x00, 0x00, 0x00, 0x00, 0x00, 0x00, 0x00, 0x00, 0x00, 0x00, 0x00, 
    0x00, 0x00, 0x00, 0x00, 0x00, 0x00, 0x00, 0x00, 0x00, 0x00, 0x00, 0x00, 0x00, 0x00, 0x00, 0x00, 0x00, 0x00, 0x00, 0x00, 0x00, 0x00, 0x00, 0x00, 0x00, 0x00, 0x00, 0x00, 0x00, 0x00, 0x00, 0x00, 
    0x00, 0x00, 0x00, 0x00, 0x00, 0x00, 0x00, 0x00, 0x00, 0x00, 0x00, 0x00, 0x00, 0x00, 0x00, 0x00, 0x00, 0x00, 0x00, 0x00, 0x00, 0x00, 0x00, 0x00, 0x00, 0x00, 0x00, 0x00, 0x00, 0x00, 0x00, 0x00, 
    0x00, 0x00, 0x00, 0x00, 0x00, 0x00, 0x00, 0x00, 0x00, 0x00, 0x00, 0x00, 0x00, 0x00, 0x00, 0x00, 0x00, 0x00, 0x00, 0x00, 0x00, 0x00, 0x00, 0x00, 0x00, 0x00, 0x00, 0x00, 0x00, 0x00, 0x00, 0x00, 
    0x00, 0x00, 0x00, 0x00, 0x00, 0x00, 0x00, 0x00, 0x00, 0x00, 0x00, 0x00, 0x00, 0x00, 0x00, 0x00, 0x00, 0x00, 0x00, 0x00, 0x00, 0x00, 0x00, 0x00, 0x00, 0x00, 0x00, 0x00, 0x00, 0x00, 0x00, 0x00, 
    0x00, 0x00, 0x00, 0x00, 0x00, 0x00, 0x00, 0x00, 0x00, 0x00, 0x00, 0x00, 0x00, 0x00, 0x00, 0x00, 0x00, 0x00, 0x00, 0x00, 0x00, 0x00, 0x00, 0x00, 0x00, 0x00, 0x00, 0x00, 0x00, 0x00, 0x00, 0x00, 
    0x00, 0x00, 0x00, 0x00, 0x00, 0x00, 0x00, 0x00, 0x00, 0x00, 0x00, 0x00, 0x00, 0x00, 0x00, 0x00, 0x00, 0x00, 0x00, 0x00, 0x00, 0x00, 0x00, 0x00, 0x00, 0x00, 0x00, 0x00, 0x00, 0x00, 0x00, 0x00, 
    0x00, 0x00, 0x00, 0x00, 0x00, 0x00, 0x00, 0x00, 0x00, 0x00, 0x00, 0x00, 0x00, 0x00, 0x00, 0x00, 0x00, 0x00, 0x00, 0x00, 0x00, 0x00, 0x00, 0x00, 0x00, 0x00, 0x00, 0x00, 0x00, 0x00, 0x00, 0x00, 
    0x00, 0x00, 0x00, 0x00, 0x00, 0x00, 0x00, 0x00, 0x00, 0x00, 0x00, 0x00, 0x00, 0x00, 0x00, 0x00, 0x00, 0x00, 0x00, 0x00, 0x00, 0x00, 0x00, 0x00, 0x00, 0x00, 0x00, 0x00, 0x00, 0x00, 0x00, 0x00, 
    0x00, 0x00, 0x00, 0x00, 0x00, 0x00, 0x00, 0x00, 0x00, 0x00, 0x00, 0x00, 0x00, 0x00, 0x00, 0x00, 0x00, 0x00, 0x00, 0x00, 0x00, 0x00, 0x00, 0x00, 0x00, 0x00, 0x00, 0x00, 0x00, 0x00, 0x00, 0x00, 
    0x00, 0x00, 0x00, 0x00, 0x00, 0x00, 0x00, 0x00, 0x00, 0x00, 0x00, 0x00, 0x00, 0x00, 0x00, 0x00, 0x00, 0x00, 0x00, 0x00, 0x00, 0x00, 0x00, 0x00, 0x00, 0x00, 0x00, 0x00, 0x00, 0x00, 0x00, 0x00, 
    0x00, 0x00, 0x00, 0x00, 0x00, 0x00, 0x00, 0x00, 0x00, 0x00, 0x00, 0x00, 0x00, 0x00, 0x00, 0x00, 0x00, 0x00, 0x00, 0x00, 0x00, 0x00, 0x00, 0x00, 0x00, 0x00, 0x00, 0x00, 0x00, 0x00, 0x00, 0x00, 
    0x00, 0x00, 0x00, 0x00, 0x00, 0x00, 0x00, 0x00, 0x00, 0x00, 0x00, 0x00, 0x00, 0x00, 0x00, 0x00, 0x00, 0x00, 0x00, 0x00, 0x00, 0x00, 0x00, 0x00, 0x00, 0x00, 0x00, 0x00, 0x00, 0x00, 0x00, 0x00, 
    0x00, 0x00, 0x00, 0x00, 0x00, 0x00, 0x00, 0x00, 0x00, 0x00, 0x00, 0x00, 0x00, 0x00, 0x00, 0x00, 0x00, 0x00, 0x00, 0x00, 0x00, 0x00, 0x00, 0x00, 0x00, 0x00, 0x00, 0x00, 0x00, 0x00, 0x00, 0x00, 
    0x00, 0x00, 0x00, 0x00, 0x00, 0x00, 0x00, 0x00, 0x00, 0x00, 0x00, 0x00, 0x00, 0x00, 0x00, 0x00, 0x00, 0x00, 0x00, 0x00, 0x00, 0x00, 0x00, 0x00, 0x00, 0x00, 0x00, 0x00, 0x00, 0x00, 0x00, 0x00, 
    0x00, 0x00, 0x00, 0x00, 0x00, 0x00, 0x00, 0x00, 0x00, 0x00, 0x00, 0x00, 0x00, 0x00, 0x00, 0x00, 0x00, 0x00, 0x00, 0x00, 0x00, 0x00, 0x00, 0x00, 0x00, 0x00, 0x00, 0x00, 0x00, 0x00, 0x00, 0x00, 
    0x00, 0x00, 0x00, 0x00, 0x00, 0x00, 0x00, 0x00, 0x00, 0x00, 0x00, 0x00, 0x00, 0x00, 0x00, 0x00, 0x00, 0x00, 0x00, 0x00, 0x00, 0x00, 0x00, 0x00, 0x00, 0x00, 0x00, 0x00, 0x00, 0x00, 0x00, 0x00, 
    0x00, 0x00, 0x00, 0x00, 0x00, 0x00, 0x00, 0x00, 0x00, 0x00, 0x00, 0x00, 0x00, 0x00, 0x00, 0x00, 0x00, 0x00, 0x00, 0x00, 0x00, 0x00, 0x00, 0x00, 0x00, 0x00, 0x00, 0x00, 0x00, 0x00, 0x00, 0x00, 
    0x00, 0x00, 0x00, 0x00, 0x00, 0x00, 0x00, 0x00, 0x00, 0x00, 0x00, 0x00, 0x00, 0x00, 0x00, 0x00, 0x00, 0x00, 0x00, 0x00, 0x00, 0x00, 0x00, 0x00, 0x00, 0x00, 0x00, 0x00, 0x00, 0x00, 0x00, 0x00, 
    0x00, 0x00, 0x00, 0x00, 0x00, 0x00, 0x00, 0x00, 0x00, 0x00, 0x00, 0x00, 0x00, 0x00, 0x00, 0x00, 0x00, 0x00, 0x00, 0x00, 0x00, 0x00, 0x00, 0x00, 0x00, 0x00, 0x00, 0x00, 0x00, 0x00, 0x00, 0x00, 
    0x00, 0x00, 0x00, 0x00, 0x00, 0x00, 0x00, 0x00, 0x00, 0x00, 0x00, 0x00, 0x00, 0x00, 0x00, 0x00, 0x00, 0x00, 0x00, 0x00, 0x00, 0x00, 0x00, 0x00, 0x00, 0x00, 0x00, 0x00, 0x00, 0x00, 0x00, 0x00, 
    0x00, 0x00, 0x00, 0x00, 0x00, 0x00, 0x00, 0x00, 0x00, 0x00, 0x00, 0x00, 0x00, 0x00, 0x00, 0x00, 0x00, 0x00, 0x00, 0x00, 0x00, 0x00, 0x00, 0x00, 0x00, 0x00, 0x00, 0x00, 0x00, 0x00, 0x00, 0x00, 
    0x00, 0x00, 0x00, 0x00, 0x00, 0x00, 0x00, 0x00, 0x00, 0x00, 0x00, 0x00, 0x00, 0x00, 0x00, 0x00, 0x00, 0x00, 0x00, 0x00, 0x00, 0x00, 0x00, 0x00, 0x00, 0x00, 0x00, 0x00, 0x00, 0x00, 0x00, 0x00, 
    0x00, 0x00, 0x00, 0x00, 0x00, 0x00, 0x00, 0x00, 0x00, 0x00, 0x00, 0x00, 0x00, 0x00, 0x00, 0x00, 0x00, 0x00, 0x00, 0x00, 0x00, 0x00, 0x00, 0x00, 0x00, 0x00, 0x00, 0x00, 0x00, 0x00, 0x00, 0x00, 
    0x00, 0x00, 0x00, 0x00, 0x00, 0x00, 0x00, 0x00, 0x00, 0x00, 0x00, 0x00, 0x00, 0x00, 0x00, 0x00, 0x00, 0x00, 0x00, 0x00, 0x00, 0x00, 0x00, 0x00, 0x00, 0x00, 0x00, 0x00, 0x00, 0x00, 0x00, 0x00, 
    0x00, 0x00, 0x00, 0x00, 0x00, 0x00, 0x00, 0x00, 0x0a, 0x28, 0x64, 0xff, 0x0a, 0x28, 0x64, 0xff, 0x0a, 0x28, 0x64, 0xff, 0x0a, 0x28, 0x64, 0xff, 0x0a, 0x28, 0x64, 0xff, 0x0a, 0x28, 0x64, 0xff, 
    0x0a, 0x28, 0x64, 0xff, 0x0a, 0x28, 0x64, 0xff, 0x0a, 0x28, 0x64, 0xff, 0x0a, 0x28, 0x64, 0xff, 0x0a, 0x28, 0x64, 0xff, 0x0a, 0x28, 0x64, 0xff, 0x0a, 0x28, 0x64, 0xff, 0x0a, 0x28, 0x64, 0xff, 
    0x0a, 0x28, 0x64, 0xff, 0x0a, 0x28, 0x64, 0xff, 0x0a, 0x28, 0x64, 0xff, 0x0a, 0x28, 0x64, 0xff, 0x0a, 0x28, 0x64, 0xff, 0x0a, 0x28, 0x64, 0xff, 0x00, 0x00, 0x00, 0x00, 0x00, 0x00, 0x00, 0x00, 
    0x00, 0x00, 0x00, 0x00, 0x00, 0x00, 0x00, 0x00, 0x00, 0x00, 0x00, 0x00, 0x00, 0x00, 0x00, 0x00, 0x00, 0x00, 0x00, 0x00, 0x00, 0x00, 0x00, 0x00, 0x00, 0x00, 0x00, 0x00, 0x00, 0x00, 0x00, 0x00, 
    0x00, 0x00, 0x00, 0x00, 0x00, 0x00, 0x00, 0x00, 0x00, 0x00, 0x00, 0x00, 0x00, 0x00, 0x00, 0x00, 0x00, 0x00, 0x00, 0x00, 0x00, 0x00, 0x00, 0x00, 0x00, 0x00, 0x00, 0x00, 0x00, 0x00, 0x00, 0x00, 
    0x00, 0x00, 0x00, 0x00, 0x00, 0x00, 0x00, 0x00, 0x00, 0x00, 0x00, 0x00, 0x00, 0x00, 0x00, 0x00, 0x00, 0x00, 0x00, 0x00, 0x00, 0x00, 0x00, 0x00, 0x00, 0x00, 0x00, 0x00, 0x00, 0x00, 0x00, 0x00, 
    0x00, 0x00, 0x00, 0x00, 0x00, 0x00, 0x00, 0x00, 0x00, 0x00, 0x00, 0x00, 0x00, 0x00, 0x00, 0x00, 0x00, 0x00, 0x00, 0x00, 0x00, 0x00, 0x00, 0x00, 0x00, 0x00, 0x00, 0x00, 0x00, 0x00, 0x00, 0x00, 
    0x00, 0x00, 0x00, 0x00, 0x00, 0x00, 0x00, 0x00, 0x00, 0x00, 0x00, 0x00, 0x00, 0x00, 0x00, 0x00, 0x00, 0x00, 0x00, 0x00, 0x00, 0x00, 0x00, 0x00, 0x00, 0x00, 0x00, 0x00, 0x00, 0x00, 0x00, 0x00, 
    0x00, 0x00, 0x00, 0x00, 0x00, 0x00, 0x00, 0x00, 0x0a, 0x28, 0x64, 0xff, 0x0a, 0x28, 0x64, 0xff, 0x0a, 0x28, 0x64, 0xff, 0x0a, 0x28, 0x64, 0xff, 0x0a, 0x28, 0x64, 0xff, 0x0a, 0x28, 0x64, 0xff, 
    0x0a, 0x28, 0x64, 0xff, 0x0a, 0x28, 0x64, 0xff, 0x0a, 0x28, 0x64, 0xff, 0x0a, 0x28, 0x64, 0xff, 0x0a, 0x28, 0x64, 0xff, 0x0a, 0x28, 0x64, 0xff, 0x0a, 0x28, 0x64, 0xff, 0x0a, 0x28, 0x64, 0xff, 
    0x0a, 0x28, 0x64, 0xff, 0x0a, 0x28, 0x64, 0xff, 0x0a, 0x28, 0x64, 0xff, 0x0a, 0x28, 0x64, 0xff, 0x0a, 0x28, 0x64, 0xff, 0x0a, 0x28, 0x64, 0xff, 0x00, 0x00, 0x00, 0x00, 0x00, 0x00, 0x00, 0x00, 
    0x00, 0x00, 0x00, 0x00, 0x00, 0x00, 0x00, 0x00, 0x00, 0x00, 0x00, 0x00, 0x00, 0x00, 0x00, 0x00, 0x00, 0x00, 0x00, 0x00, 0x00, 0x00, 0x00, 0x00, 0x00, 0x00, 0x00, 0x00, 0x00, 0x00, 0x00, 0x00, 
    0x00, 0x00, 0x00, 0x00, 0x00, 0x00, 0x00, 0x00, 0x00, 0x00, 0x00, 0x00, 0x00, 0x00, 0x00, 0x00, 0x00, 0x00, 0x00, 0x00, 0x00, 0x00, 0x00, 0x00, 0x00, 0x00, 0x00, 0x00, 0x00, 0x00, 0x00, 0x00, 
    0x00, 0x00, 0x00, 0x00, 0x00, 0x00, 0x00, 0x00, 0x00, 0x00, 0x00, 0x00, 0x00, 0x00, 0x00, 0x00, 0x00, 0x00, 0x00, 0x00, 0x00, 0x00, 0x00, 0x00, 0x00, 0x00, 0x00, 0x00, 0x00, 0x00, 0x00, 0x00, 
    0x00, 0x00, 0x00, 0x00, 0x00, 0x00, 0x00, 0x00, 0x00, 0x00, 0x00, 0x00, 0x00, 0x00, 0x00, 0x00, 0x00, 0x00, 0x00, 0x00, 0x00, 0x00, 0x00, 0x00, 0x00, 0x00, 0x00, 0x00, 0x00, 0x00, 0x00, 0x00, 
    0x00, 0x00, 0x00, 0x00, 0x00, 0x00, 0x00, 0x00, 0x00, 0x00, 0x00, 0x00, 0x00, 0x00, 0x00, 0x00, 0x00, 0x00, 0x00, 0x00, 0x00, 0x00, 0x00, 0x00, 0x00, 0x00, 0x00, 0x00, 0x00, 0x00, 0x00, 0x00, 
    0x00, 0x00, 0x00, 0x00, 0x0a, 0x28, 0x64, 0xff, 0x0a, 0x28, 0x64, 0xff, 0x3c, 0x8c, 0xf0, 0xff, 0x3c, 0x8c, 0xf0, 0xff, 0x3c, 0x8c, 0xf0, 0xff, 0x3c, 0x8c, 0xf0, 0xff, 0x3c, 0x8c, 0xf0, 0xff, 
    0x3c, 0x8c, 0xf0, 0xff, 0x3c, 0x8c, 0xf0, 0xff, 0x3c, 0x8c, 0xf0, 0xff, 0x3c, 0x8c, 0xf0, 0xff, 0x3c, 0x8c, 0xf0, 0xff, 0x3c, 0x8c, 0xf0, 0xff, 0x3c, 0x8c, 0xf0, 0xff, 0x3c, 0x8c, 0xf0, 0xff, 
    0x3c, 0x8c, 0xf0, 0xff, 0x3c, 0x8c, 0xf0, 0xff, 0x3c, 0x8c, 0xf0, 0xff, 0x3c, 0x8c, 0xf0, 0xff, 0x3c, 0x8c, 0xf0, 0xff, 0x0a, 0x28, 0x64, 0xff, 0x0a, 0x28, 0x64, 0xff, 0x00, 0x00, 0x00, 0x00, 
    0x00, 0x00, 0x00, 0x00, 0x00, 0x00, 0x00, 0x00, 0x00, 0x00, 0x00, 0x00, 0x00, 0x00, 0x00, 0x00, 0x00, 0x00, 0x00, 0x00, 0x00, 0x00, 0x00, 0x00, 0x00, 0x00, 0x00, 0x00, 0x00, 0x00, 0x00, 0x00, 
    0x00, 0x00, 0x00, 0x00, 0x00, 0x00, 0x00, 0x00, 0x00, 0x00, 0x00, 0x00, 0x00, 0x00, 0x00, 0x00, 0x00, 0x00, 0x00, 0x00, 0x00, 0x00, 0x00, 0x00, 0x00, 0x00, 0x00, 0x00, 0x00, 0x00, 0x00, 0x00, 
    0x00, 0x00, 0x00, 0x00, 0x00, 0x00, 0x00, 0x00, 0x00, 0x00, 0x00, 0x00, 0x00, 0x00, 0x00, 0x00, 0x00, 0x00, 0x00, 0x00, 0x00, 0x00, 0x00, 0x00, 0x00, 0x00, 0x00, 0x00, 0x00, 0x00, 0x00, 0x00, 
    0x00, 0x00, 0x00, 0x00, 0x00, 0x00, 0x00, 0x00, 0x00, 0x00, 0x00, 0x00, 0x00, 0x00, 0x00, 0x00, 0x00, 0x00, 0x00, 0x00, 0x00, 0x00, 0x00, 0x00, 0x00, 0x00, 0x00, 0x00, 0x00, 0x00, 0x00, 0x00, 
    0x00, 0x00, 0x00, 0x00, 0x00, 0x00, 0x00, 0x00, 0x00, 0x00, 0x00, 0x00, 0x00, 0x00, 0x00, 0x00, 0x00, 0x00, 0x00, 0x00, 0x00, 0x00, 0x00, 0x00, 0x00, 0x00, 0x00, 0x00, 0x00, 0x00, 0x00, 0x00, 
    0x00, 0x00, 0x00, 0x00, 0x0a, 0x28, 0x64, 0xff, 0x3c, 0x8c, 0xf0, 0xff, 0x3c, 0x8c, 0xf0, 0xff, 0x3c, 0x8c, 0xf0, 0xff, 0x3c, 0x8c, 0xf0, 0xff, 0x3c, 0x8c, 0xf0, 0xff, 0x3c, 0x8c, 0xf0, 0xff, 
    0x3c, 0x8c, 0xf0, 0xff, 0x3c, 0x8c, 0xf0, 0xff, 0x3c, 0x8c, 0xf0, 0xff, 0x3c, 0x8c, 0xf0, 0xff, 0x3c, 0x8c, 0xf0, 0xff, 0x3c, 0x8c, 0xf0, 0xff, 0x3c, 0x8c, 0xf0, 0xff, 0x3c, 0x8c, 0xf0, 0xff, 
    0x3c, 0x8c, 0xf0, 0xff, 0x3c, 0x8c, 0xf0, 0xff, 0x3c, 0x8c, 0xf0, 0xff, 0x3c, 0x8c, 0xf0, 0xff, 0x3c, 0x8c, 0xf0, 0xff, 0x3c, 0x8c, 0xf0, 0xff, 0x0a, 0x28, 0x64, 0xff, 0x00, 0x00, 0x00, 0x00, 
    0x00, 0x00, 0x00, 0x00, 0x00, 0x00, 0x00, 0x00, 0x00, 0x00, 0x00, 0x00, 0x00, 0x00, 0x00, 0x00, 0x00, 0x00, 0x00, 0x00, 0x00, 0x00, 0x00, 0x00, 0x00, 0x00, 0x00, 0x00, 0x00, 0x00, 0x00, 0x00, 
    0x00, 0x00, 0x00, 0x00, 0x00, 0x00, 0x00, 0x00, 0x00, 0x00, 0x00, 0x00, 0x00, 0x00, 0x00, 0x00, 0x00, 0x00, 0x00, 0x00, 0x00, 0x00, 0x00, 0x00, 0x00, 0x00, 0x00, 0x00, 0x00, 0x00, 0x00, 0x00, 
    0x00, 0x00, 0x00, 0x00, 0x00, 0x00, 0x00, 0x00, 0x00, 0x00, 0x00, 0x00, 0x00, 0x00, 0x00, 0x00, 0x00, 0x00, 0x00, 0x00, 0x00, 0x00, 0x00, 0x00, 0x00, 0x00, 0x00, 0x00, 0x00, 0x00, 0x00, 0x00, 
    0x00, 0x00, 0x00, 0x00, 0x00, 0x00, 0x00, 0x00, 0x00, 0x00, 0x00, 0x00, 0x00, 0x00, 0x00, 0x00, 0x00, 0x00, 0x00, 0x00, 0x00, 0x00, 0x00, 0x00, 0x00, 0x00, 0x00, 0x00, 0x00, 0x00, 0x00, 0x00, 
    0x00, 0x00, 0x00, 0x00, 0x00, 0x00, 0x00, 0x00, 0x00, 0x00, 0x00, 0x00, 0x00, 0x00, 0x00, 0x00, 0x00, 0x00, 0x00, 0x00, 0x00, 0x00, 0x00, 0x00, 0x00, 0x00, 0x00, 0x00, 0x00, 0x00, 0x00, 0x00, 
    0x0a, 0x28, 0x64, 0xff, 0x0a, 0x28, 0x64, 0xff, 0x3c, 0x8c, 0xf0, 0xff, 0x3c, 0x8c, 0xf0, 0xff, 0x3c, 0x8c, 0xf0, 0xff, 0x3c, 0x8c, 0xf0, 0xff, 0xb4, 0xb4, 0xb4, 0xff, 0xb4, 0xb4, 0xb4, 0xff, 
    0xb4, 0xb4, 0xb4, 0xff, 0xb4, 0xb4, 0xb4, 0xff, 0xb4, 0xb4, 0xb4, 0xff, 0xb4, 0xb4, 0xb4, 0xff, 0xb4, 0xb4, 0xb4, 0xff, 0xb4, 0xb4, 0xb4, 0xff, 0xb4, 0xb4, 0xb4, 0xff, 0xb4, 0xb4, 0xb4, 0xff, 
    0xb4, 0xb4, 0xb4, 0xff, 0xb4, 0xb4, 0xb4, 0xff, 0xb4, 0xb4, 0xb4, 0xff, 0xb4, 0xb4, 0xb4, 0xff, 0xb4, 0xb4, 0xb4, 0xff, 0xb4, 0xb4, 0xb4, 0xff, 0xb4, 0xb4, 0xb4, 0xff, 0xb4, 0xb4, 0xb4, 0xff, 
    0xb4, 0xb4, 0xb4, 0xff, 0xb4, 0xb4, 0xb4, 0xff, 0xb4, 0xb4, 0xb4, 0xff, 0x00, 0x00, 0x00, 0x00, 0x00, 0x00, 0x00, 0x00, 0x00, 0x00, 0x00, 0x00, 0x00, 0x00, 0x00, 0x00, 0x00, 0x00, 0x00, 0x00, 
    0x00, 0x00, 0x00, 0x00, 0x00, 0x00, 0x00, 0x00, 0x00, 0x00, 0x00, 0x00, 0x00, 0x00, 0x00, 0x00, 0x00, 0x00, 0x00, 0x00, 0x00, 0x00, 0x00, 0x00, 0x00, 0x00, 0x00, 0x00, 0x00, 0x00, 0x00, 0x00, 
    0x00, 0x00, 0x00, 0x00, 0x00, 0x00, 0x00, 0x00, 0x00, 0x00, 0x00, 0x00, 0x00, 0x00, 0x00, 0x00, 0x00, 0x00, 0x00, 0x00, 0x00, 0x00, 0x00, 0x00, 0x00, 0x00, 0x00, 0x00, 0x00, 0x00, 0x00, 0x00, 
    0x00, 0x00, 0x00, 0x00, 0x00, 0x00, 0x00, 0x00, 0x00, 0x00, 0x00, 0x00, 0x00, 0x00, 0x00, 0x00, 0x00, 0x00, 0x00, 0x00, 0x00, 0x00, 0x00, 0x00, 0x00, 0x00, 0x00, 0x00, 0x00, 0x00, 0x00, 0x00, 
    0x00, 0x00, 0x00, 0x00, 0x00, 0x00, 0x00, 0x00, 0x00, 0x00, 0x00, 0x00, 0x00, 0x00, 0x00, 0x00, 0x00, 0x00, 0x00, 0x00, 0x00, 0x00, 0x00, 0x00, 0x00, 0x00, 0x00, 0x00, 0x00, 0x00, 0x00, 0x00, 
    0x0a, 0x28, 0x64, 0xff, 0x3c, 0x8c, 0xf0, 0xff, 0x3c, 0x8c, 0xf0, 0xff, 0x3c, 0x8c, 0xf0, 0xff, 0x3c, 0x8c, 0xf0, 0xff, 0x3c, 0x8c, 0xf0, 0xff, 0xb4, 0xb4, 0xb4, 0xff, 0xfa, 0xfa, 0xfa, 0xff, 
    0xfa, 0xfa, 0xfa, 0xff, 0xfa, 0xfa, 0xfa, 0xff, 0xfa, 0xfa, 0xfa, 0xff, 0xfa, 0xfa, 0xfa, 0xff, 0xfa, 0xfa, 0xfa, 0xff, 0xfa, 0xfa, 0xfa, 0xff, 0xfa, 0xfa, 0xfa, 0xff, 0xfa, 0xfa, 0xfa, 0xff, 
    0xfa, 0xfa, 0xfa, 0xff, 0xfa, 0xfa, 0xfa, 0xff, 0xfa, 0xfa, 0xfa, 0xff, 0xfa, 0xfa, 0xfa, 0xff, 0xfa, 0xfa, 0xfa, 0xff, 0xfa, 0xfa, 0xfa, 0xff, 0xfa, 0xfa, 0xfa, 0xff, 0xfa, 0xfa, 0xfa, 0xff, 
    0xfa, 0xfa, 0xfa, 0xff, 0xfa, 0xfa, 0xfa, 0xff, 0xb4, 0xb4, 0xb4, 0xff, 0x00, 0x00, 0x00, 0x00, 0x00, 0x00, 0x00, 0x00, 0x00, 0x00, 0x00, 0x00, 0x00, 0x00, 0x00, 0x00, 0x00, 0x00, 0x00, 0x00, 
    0x00, 0x00, 0x00, 0x00, 0x00, 0x00, 0x00, 0x00, 0x00, 0x00, 0x00, 0x00, 0x00, 0x00, 0x00, 0x00, 0x00, 0x00, 0x00, 0x00, 0x00, 0x00, 0x00, 0x00, 0x00, 0x00, 0x00, 0x00, 0x00, 0x00, 0x00, 0x00, 
    0x00, 0x00, 0x00, 0x00, 0x00, 0x00, 0x00, 0x00, 0x00, 0x00, 0x00, 0x00, 0x00, 0x00, 0x00, 0x00, 0x00, 0x00, 0x00, 0x00, 0x00, 0x00, 0x00, 0x00, 0x00, 0x00, 0x00, 0x00, 0x00, 0x00, 0x00, 0x00, 
    0x00, 0x00, 0x00, 0x00, 0x00, 0x00, 0x00, 0x00, 0x00, 0x00, 0x00, 0x00, 0x00, 0x00, 0x00, 0x00, 0x00, 0x00, 0x00, 0x00, 0x00, 0x00, 0x00, 0x00, 0x00, 0x00, 0x00, 0x00, 0x00, 0x00, 0x00, 0x00, 
    0x00, 0x00, 0x00, 0x00, 0x00, 0x00, 0x00, 0x00, 0x00, 0x00, 0x00, 0x00, 0x00, 0x00, 0x00, 0x00, 0x00, 0x00, 0x00, 0x00, 0x00, 0x00, 0x00, 0x00, 0x00, 0x00, 0x00, 0x00, 0x0a, 0x28, 0x64, 0xff, 
    0x0a, 0x28, 0x64, 0xff, 0x3c, 0x8c, 0xf0, 0xff, 0x3c, 0x8c, 0xf0, 0xff, 0x3c, 0x8c, 0xf0, 0xff, 0x3c, 0x8c, 0xf0, 0xff, 0x3c, 0x8c, 0xf0, 0xff, 0xb4, 0xb4, 0xb4, 0xff, 0xfa, 0xfa, 0xfa, 0xff, 
    0xfa, 0xfa, 0xfa, 0xff, 0xfa, 0xfa, 0xfa, 0xff, 0xfa, 0xfa, 0xfa, 0xff, 0xfa, 0xfa, 0xfa, 0xff, 0xfa, 0xfa, 0xfa, 0xff, 0xfa, 0xfa, 0xfa, 0xff, 0xfa, 0xfa, 0xfa, 0xff, 0xfa, 0xfa, 0xfa, 0xff, 
    0xfa, 0xfa, 0xfa, 0xff, 0xfa, 0xfa, 0xfa, 0xff, 0xfa, 0xfa, 0xfa, 0xff, 0xfa, 0xfa, 0xfa, 0xff, 0xfa, 0xfa, 0xfa, 0xff, 0xfa, 0xfa, 0xfa, 0xff, 0xfa, 0xfa, 0xfa, 0xff, 0xfa, 0xfa, 0xfa, 0xff, 
    0xfa, 0xfa, 0xfa, 0xff, 0xfa, 0xfa, 0xfa, 0xff, 0xb4, 0xb4, 0xb4, 0xff, 0x00, 0x00, 0x00, 0x00, 0x00, 0x00, 0x00, 0x00, 0x00, 0x00, 0x00, 0x00, 0x00, 0x00, 0x00, 0x00, 0x00, 0x00, 0x00, 0x00, 
    0x00, 0x00, 0x00, 0x00, 0x00, 0x00, 0x00, 0x00, 0x00, 0x00, 0x00, 0x00, 0x00, 0x00, 0x00, 0x00, 0x00, 0x00, 0x00, 0x00, 0x00, 0x00, 0x00, 0x00, 0x00, 0x00, 0x00, 0x00, 0x00, 0x00, 0x00, 0x00, 
    0x00, 0x00, 0x00, 0x00, 0x00, 0x00, 0x00, 0x00, 0x00, 0x00, 0x00, 0x00, 0x00, 0x00, 0x00, 0x00, 0x00, 0x00, 0x00, 0x00, 0x00, 0x00, 0x00, 0x00, 0x00, 0x00, 0x00, 0x00, 0x00, 0x00, 0x00, 0x00, 
    0x00, 0x00, 0x00, 0x00, 0x00, 0x00, 0x00, 0x00, 0x00, 0x00, 0x00, 0x00, 0x00, 0x00, 0x00, 0x00, 0x00, 0x00, 0x00, 0x00, 0x00, 0x00, 0x00, 0x00, 0x00, 0x00, 0x00, 0x00, 0x00, 0x00, 0x00, 0x00, 
    0x00, 0x00, 0x00, 0x00, 0x00, 0x00, 0x00, 0x00, 0x00, 0x00, 0x00, 0x00, 0x00, 0x00, 0x00, 0x00, 0x00, 0x00, 0x00, 0x00, 0x00, 0x00, 0x00, 0x00, 0x00, 0x00, 0x00, 0x00, 0x0a, 0x28, 0x64, 0xff, 
    0x3c, 0x8c, 0xf0, 0xff, 0x3c, 0x8c, 0xf0, 0xff, 0x3c, 0x8c, 0xf0, 0xff, 0x3c, 0x8c, 0xf0, 0xff, 0x3c, 0x8c, 0xf0, 0xff, 0x3c, 0x8c, 0xf0, 0xff, 0xb4, 0xb4, 0xb4, 0xff, 0xfa, 0xfa, 0xfa, 0xff, 
    0xfa, 0xfa, 0xfa, 0xff, 0xfa, 0xfa, 0xfa, 0xff, 0xfa, 0xfa, 0xfa, 0xff, 0xfa, 0xfa, 0xfa, 0xff, 0xfa, 0xfa, 0xfa, 0xff, 0xfa, 0xfa, 0xfa, 0xff, 0xfa, 0xfa, 0xfa, 0xff, 0xfa, 0xfa, 0xfa, 0xff, 
    0xfa, 0xfa, 0xfa, 0xff, 0xfa, 0xfa, 0xfa, 0xff, 0xfa, 0xfa, 0xfa, 0xff, 0xfa, 0xfa, 0xfa, 0xff, 0xfa, 0xfa, 0xfa, 0xff, 0xfa, 0xfa, 0xfa, 0xff, 0xfa, 0xfa, 0xfa, 0xff, 0xfa, 0xfa, 0xfa, 0xff, 
    0xfa, 0xfa, 0xfa, 0xff, 0xfa, 0xfa, 0xfa, 0xff, 0xb4, 0xb4, 0xb4, 0xff, 0x00, 0x00, 0x00, 0x00, 0x00, 0x00, 0x00, 0x00, 0x00, 0x00, 0x00, 0x00, 0x00, 0x00, 0x00, 0x00, 0x00, 0x00, 0x00, 0x00, 
    0x00, 0x00, 0x00, 0x00, 0x00, 0x00, 0x00, 0x00, 0x00, 0x00, 0x00, 0x00, 0x00, 0x00, 0x00, 0x00, 0x00, 0x00, 0x00, 0x00, 0x00, 0x00, 0x00, 0x00, 0x00, 0x00, 0x00, 0x00, 0x00, 0x00, 0x00, 0x00, 
    0x00, 0x00, 0x00, 0x00, 0x00, 0x00, 0x00, 0x00, 0x00, 0x00, 0x00, 0x00, 0x00, 0x00, 0x00, 0x00, 0x00, 0x00, 0x00, 0x00, 0x00, 0x00, 0x00, 0x00, 0x00, 0x00, 0x00, 0x00, 0x00, 0x00, 0x00, 0x00, 
    0x00, 0x00, 0x00, 0x00, 0x00, 0x00, 0x00, 0x00, 0x00, 0x00, 0x00, 0x00, 0x00, 0x00, 0x00, 0x00, 0x00, 0x00, 0x00, 0x00, 0x00, 0x00, 0x00, 0x00, 0x00, 0x00, 0x00, 0x00, 0x00, 0x00, 0x00, 0x00, 
    0x00, 0x00, 0x00, 0x00, 0x00, 0x00, 0x00, 0x00, 0x00, 0x00, 0x00, 0x00, 0x00, 0x00, 0x00, 0x00, 0x00, 0x00, 0x00, 0x00, 0x00, 0x00, 0x00, 0x00, 0x0a, 0x28, 0x64, 0xff, 0x0a, 0x28, 0x64, 0xff, 
    0x0a, 0x28, 0x64, 0xff, 0x0a, 0x28, 0x64, 0xff, 0x0a, 0x28, 0x64, 0xff, 0x0a, 0x28, 0x64, 0xff, 0x0a, 0x28, 0x64, 0xff, 0x0a, 0x28, 0x64, 0xff, 0xb4, 0xb4, 0xb4, 0xff, 0xfa, 0xfa, 0xfa, 0xff, 
    0xfa, 0xfa, 0xfa, 0xff, 0xfa, 0xfa, 0xfa, 0xff, 0xfa, 0xfa, 0xfa, 0xff, 0xfa, 0xfa, 0xfa, 0xff, 0xfa, 0xfa, 0xfa, 0xff, 0xfa, 0xfa, 0xfa, 0xff, 0xfa, 0xfa, 0xfa, 0xff, 0xfa, 0xfa, 0xfa, 0xff, 
    0xfa, 0xfa, 0xfa, 0xff, 0xfa, 0xfa, 0xfa, 0xff, 0xfa, 0xfa, 0xfa, 0xff, 0xfa, 0xfa, 0xfa, 0xff, 0xfa, 0xfa, 0xfa, 0xff, 0xfa, 0xfa, 0xfa, 0xff, 0xfa, 0xfa, 0xfa, 0xff, 0xfa, 0xfa, 0xfa, 0xff, 
    0xfa, 0xfa, 0xfa, 0xff, 0xfa, 0xfa, 0xfa, 0xff, 0xb4, 0xb4, 0xb4, 0xff, 0x0a, 0x28, 0x64, 0xff, 0x0a, 0x28, 0x64, 0xff, 0x0a, 0x28, 0x64, 0xff, 0x0a, 0x28, 0x64, 0xff, 0x0a, 0x28, 0x64, 0xff, 
    0x0a, 0x28, 0x64, 0xff, 0x0a, 0x28, 0x64, 0xff, 0x0a, 0x28, 0x64, 0xff, 0x0a, 0x28, 0x64, 0xff, 0x0a, 0x28, 0x64, 0xff, 0x0a, 0x28, 0x64, 0xff, 0x0a, 0x28, 0x64, 0xff, 0x0a, 0x28, 0x64, 0xff, 
    0x0a, 0x28, 0x64, 0xff, 0x0a, 0x28, 0x64, 0xff, 0x0a, 0x28, 0x64, 0xff, 0x0a, 0x28, 0x64, 0xff, 0x0a, 0x28, 0x64, 0xff, 0x0a, 0x28, 0x64, 0xff, 0x0a, 0x28, 0x64, 0xff, 0x0a, 0x28, 0x64, 0xff, 
    0x0a, 0x28, 0x64, 0xff, 0x0a, 0x28, 0x64, 0xff, 0x0a, 0x28, 0x64, 0xff, 0x0a, 0x28, 0x64, 0xff, 0x00, 0x00, 0x00, 0x00, 0x00, 0x00, 0x00, 0x00, 0x00, 0x00, 0x00, 0x00, 0x00, 0x00, 0x00, 0x00, 
    0x00, 0x00, 0x00, 0x00, 0x00, 0x00, 0x00, 0x00, 0x00, 0x00, 0x00, 0x00, 0x00, 0x00, 0x00, 0x00, 0x00, 0x00, 0x00, 0x00, 0x00, 0x00, 0x00, 0x00, 0x0a, 0x28, 0x64, 0xff, 0x0a, 0x28, 0x64, 0xff, 
    0x0a, 0x28, 0x64, 0xff, 0x0a, 0x28, 0x64, 0xff, 0x0a, 0x28, 0x64, 0xff, 0x0a, 0x28, 0x64, 0xff, 0x0a, 0x28, 0x64, 0xff, 0x0a, 0x28, 0x64, 0xff, 0xb4, 0xb4, 0xb4, 0xff, 0xfa, 0xfa, 0xfa, 0xff, 
    0xfa, 0xfa, 0xfa, 0xff, 0xfa, 0xfa, 0xfa, 0xff, 0xfa, 0xfa, 0xfa, 0xff, 0xfa, 0xfa, 0xfa, 0xff, 0xfa, 0xfa, 0xfa, 0xff, 0xfa, 0xfa, 0xfa, 0xff, 0xfa, 0xfa, 0xfa, 0xff, 0xfa, 0xfa, 0xfa, 0xff, 
    0xfa, 0xfa, 0xfa, 0xff, 0xfa, 0xfa, 0xfa, 0xff, 0xfa, 0xfa, 0xfa, 0xff, 0xfa, 0xfa, 0xfa, 0xff, 0xfa, 0xfa, 0xfa, 0xff, 0xfa, 0xfa, 0xfa, 0xff, 0xfa, 0xfa, 0xfa, 0xff, 0xfa, 0xfa, 0xfa, 0xff, 
    0xfa, 0xfa, 0xfa, 0xff, 0xfa, 0xfa, 0xfa, 0xff, 0xb4, 0xb4, 0xb4, 0xff, 0x0a, 0x28, 0x64, 0xff, 0x0a, 0x28, 0x64, 0xff, 0x0a, 0x28, 0x64, 0xff, 0x0a, 0x28, 0x64, 0xff, 0x0a, 0x28, 0x64, 0xff, 
    0x0a, 0x28, 0x64, 0xff, 0x0a, 0x28, 0x64, 0xff, 0x0a, 0x28, 0x64, 0xff, 0x0a, 0x28, 0x64, 0xff, 0x0a, 0x28, 0x64, 0xff, 0x0a, 0x28, 0x64, 0xff, 0x0a, 0x28, 0x64, 0xff, 0x0a, 0x28, 0x64, 0xff, 
    0x0a, 0x28, 0x64, 0xff, 0x0a, 0x28, 0x64, 0xff, 0x0a, 0x28, 0x64, 0xff, 0x0a, 0x28, 0x64, 0xff, 0x0a, 0x28, 0x64, 0xff, 0x0a, 0x28, 0x64, 0xff, 0x0a, 0x28, 0x64, 0xff, 0x0a, 0x28, 0x64, 0xff, 
    0x0a, 0x28, 0x64, 0xff, 0x0a, 0x28, 0x64, 0xff, 0x0a, 0x28, 0x64, 0xff, 0x0a, 0x28, 0x64, 0xff, 0x00, 0x00, 0x00, 0x00, 0x00, 0x00, 0x00, 0x00, 0x00, 0x00, 0x00, 0x00, 0x00, 0x00, 0x00, 0x00, 
    0x00, 0x00, 0x00, 0x00, 0x00, 0x00, 0x00, 0x00, 0x00, 0x00, 0x00, 0x00, 0x00, 0x00, 0x00, 0x00, 0x00, 0x00, 0x00, 0x00, 0x00, 0x00, 0x00, 0x00, 0x0a, 0x28, 0x64, 0xff, 0x0a, 0x28, 0x64, 0xff, 
    0x39, 0x87, 0xeb, 0xff, 0x39, 0x87, 0xeb, 0xff, 0x39, 0x87, 0xeb, 0xff, 0x39, 0x87, 0xeb, 0xff, 0x39, 0x87, 0xeb, 0xff, 0x39, 0x87, 0xeb, 0xff, 0xb4, 0xb4, 0xb4, 0xff, 0xfa, 0xfa, 0xfa, 0xff, 
    0xfa, 0xfa, 0xfa, 0xff, 0x96, 0x96, 0x96, 0xff, 0x96, 0x96, 0x96, 0xff, 0x96, 0x96, 0x96, 0xff, 0x96, 0x96, 0x96, 0xff, 0x96, 0x96, 0x96, 0xff, 0x96, 0x96, 0x96, 0xff, 0x96, 0x96, 0x96, 0xff, 
    0x96, 0x96, 0x96, 0xff, 0x96, 0x96, 0x96, 0xff, 0x96, 0x96, 0x96, 0xff, 0x96, 0x96, 0x96, 0xff, 0x96, 0x96, 0x96, 0xff, 0x96, 0x96, 0x96, 0xff, 0x96, 0x96, 0x96, 0xff, 0x96, 0x96, 0x96, 0xff, 
    0xfa, 0xfa, 0xfa, 0xff, 0xfa, 0xfa, 0xfa, 0xff, 0xb4, 0xb4, 0xb4, 0xff, 0x39, 0x87, 0xeb, 0xff, 0x39, 0x87, 0xeb, 0xff, 0x39, 0x87, 0xeb, 0xff, 0x39, 0x87, 0xeb, 0xff, 0x39, 0x87, 0xeb, 0xff, 
    0x39, 0x87, 0xeb, 0xff, 0x39, 0x87, 0xeb, 0xff, 0x39, 0x87, 0xeb, 0xff, 0x39, 0x87, 0xeb, 0xff, 0x39, 0x87, 0xeb, 0xff, 0x39, 0x87, 0xeb, 0xff, 0x39, 0x87, 0xeb, 0xff, 0x39, 0x87, 0xeb, 0xff, 
    0x39, 0x87, 0xeb, 0xff, 0x39, 0x87, 0xeb, 0xff, 0x39, 0x87, 0xeb, 0xff, 0x39, 0x87, 0xeb, 0xff, 0x39, 0x87, 0xeb, 0xff, 0x39, 0x87, 0xeb, 0xff, 0x39, 0x87, 0xeb, 0xff, 0x39, 0x87, 0xeb, 0xff, 
    0x39, 0x87, 0xeb, 0xff, 0x39, 0x87, 0xeb, 0xff, 0x0a, 0x28, 0x64, 0xff, 0x0a, 0x28, 0x64, 0xff, 0x00, 0x00, 0x00, 0x00, 0x00, 0x00, 0x00, 0x00, 0x00, 0x00, 0x00, 0x00, 0x00, 0x00, 0x00, 0x00, 
    0x00, 0x00, 0x00, 0x00, 0x00, 0x00, 0x00, 0x00, 0x00, 0x00, 0x00, 0x00, 0x00, 0x00, 0x00, 0x00, 0x00, 0x00, 0x00, 0x00, 0x00, 0x00, 0x00, 0x00, 0x0a, 0x28, 0x64, 0xff, 0x0a, 0x28, 0x64, 0xff, 
    0x38, 0x85, 0xe8, 0xff, 0x38, 0x85, 0xe8, 0xff, 0x38, 0x85, 0xe8, 0xff, 0x38, 0x85, 0xe8, 0xff, 0x38, 0x85, 0xe8, 0xff, 0x38, 0x85, 0xe8, 0xff, 0xb4, 0xb4, 0xb4, 0xff, 0xfa, 0xfa, 0xfa, 0xff, 
    0xfa, 0xfa, 0xfa, 0xff, 0xfa, 0xfa, 0xfa, 0xff, 0xfa, 0xfa, 0xfa, 0xff, 0xfa, 0xfa, 0xfa, 0xff, 0xfa, 0xfa, 0xfa, 0xff, 0xfa, 0xfa, 0xfa, 0xff, 0xfa, 0xfa, 0xfa, 0xff, 0xfa, 0xfa, 0xfa, 0xff, 
    0xfa, 0xfa, 0xfa, 0xff, 0xfa, 0xfa, 0xfa, 0xff, 0xfa, 0xfa, 0xfa, 0xff, 0xfa, 0xfa, 0xfa, 0xff, 0xfa, 0xfa, 0xfa, 0xff, 0xfa, 0xfa, 0xfa, 0xff, 0xfa, 0xfa, 0xfa, 0xff, 0xfa, 0xfa, 0xfa, 0xff, 
    0xfa, 0xfa, 0xfa, 0xff, 0xfa, 0xfa, 0xfa, 0xff, 0xb4, 0xb4, 0xb4, 0xff, 0x38, 0x85, 0xe8, 0xff, 0x38, 0x85, 0xe8, 0xff, 0x38, 0x85, 0xe8, 0xff, 0x38, 0x85, 0xe8, 0xff, 0x38, 0x85, 0xe8, 0xff, 
    0x38, 0x85, 0xe8, 0xff, 0x38, 0x85, 0xe8, 0xff, 0x38, 0x85, 0xe8, 0xff, 0x38, 0x85, 0xe8, 0xff, 0x38, 0x85, 0xe8, 0xff, 0x38, 0x85, 0xe8, 0xff, 0x38, 0x85, 0xe8, 0xff, 0x38, 0x85, 0xe8, 0xff, 
    0x38, 0x85, 0xe8, 0xff, 0x38, 0x85, 0xe8, 0xff, 0x38, 0x85, 0xe8, 0xff, 0x38, 0x85, 0xe8, 0xff, 0x38, 0x85, 0xe8, 0xff, 0x38, 0x85, 0xe8, 0xff, 0x38, 0x85, 0xe8, 0xff, 0x38, 0x85, 0xe8, 0xff, 
    0x38, 0x85, 0xe8, 0xff, 0x38, 0x85, 0xe8, 0xff, 0x0a, 0x28, 0x64, 0xff, 0x0a, 0x28, 0x64, 0xff, 0x00, 0x00, 0x00, 0x00, 0x00, 0x00, 0x00, 0x00, 0x00, 0x00, 0x00, 0x00, 0x00, 0x00, 0x00, 0x00, 
    0x00, 0x00, 0x00, 0x00, 0x00, 0x00, 0x00, 0x00, 0x00, 0x00, 0x00, 0x00, 0x00, 0x00, 0x00, 0x00, 0x00, 0x00, 0x00, 0x00, 0x00, 0x00, 0x00, 0x00, 0x0a, 0x28, 0x64, 0xff, 0x0a, 0x28, 0x64, 0xff, 
    0x37, 0x83, 0xe6, 0xff, 0x37, 0x83, 0xe6, 0xff, 0xff, 0xff, 0xff, 0x64, 0xff, 0xff, 0xff, 0x64, 0xff, 0xff, 0xff, 0x64, 0xff, 0xff, 0xff, 0x64, 0xff, 0xff, 0xff, 0x64, 0xff, 0xff, 0xff, 0x64, 
    0xff, 0xff, 0xff, 0x64, 0xff, 0xff, 0xff, 0x64, 0xff, 0xff, 0xff, 0x64, 0xff, 0xff, 0xff, 0x64, 0xff, 0xff, 0xff, 0x64, 0xff, 0xff, 0xff, 0x64, 0xff, 0xff, 0xff, 0x64, 0xff, 0xff, 0xff, 0x64, 
    0xff, 0xff, 0xff, 0x64, 0xff, 0xff, 0xff, 0x64, 0xff, 0xff, 0xff, 0x64, 0xff, 0xff, 0xff, 0x64, 0xff, 0xff, 0xff, 0x64, 0xff, 0xff, 0xff, 0x64, 0xff, 0xff, 0xff, 0x64, 0xff, 0xff, 0xff, 0x64, 
    0xff, 0xff, 0xff, 0x64, 0xff, 0xff, 0xff, 0x64, 0xff, 0xff, 0xff, 0x64, 0xff, 0xff, 0xff, 0x64, 0xff, 0xff, 0xff, 0x64, 0xff, 0xff, 0xff, 0x64, 0xff, 0xff, 0xff, 0x64, 0xff, 0xff, 0xff, 0x64, 
    0xff, 0xff, 0xff, 0x64, 0xff, 0xff, 0xff, 0x64, 0xff, 0xff, 0xff, 0x64, 0xff, 0xff, 0xff, 0x64, 0xff, 0xff, 0xff, 0x64, 0xff, 0xff, 0xff, 0x64, 0xff, 0xff, 0xff, 0x64, 0xff, 0xff, 0xff, 0x64, 
    0xff, 0xff, 0xff, 0x64, 0xff, 0xff, 0xff, 0x64, 0xff, 0xff, 0xff, 0x64, 0xff, 0xff, 0xff, 0x64, 0xff, 0xff, 0xff, 0x64, 0xff, 0xff, 0xff, 0x64, 0xff, 0xff, 0xff, 0x64, 0x37, 0x83, 0xe6, 0xff, 
    0x37, 0x83, 0xe6, 0xff, 0x37, 0x83, 0xe6, 0xff, 0x0a, 0x28, 0x64, 0xff, 0x0a, 0x28, 0x64, 0xff, 0x00, 0x00, 0x00, 0x00, 0x00, 0x00, 0x00, 0x00, 0x00, 0x00, 0x00, 0x00, 0x00, 0x00, 0x00, 0x00, 
    0x00, 0x00, 0x00, 0x00, 0x00, 0x00, 0x00, 0x00, 0x00, 0x00, 0x00, 0x00, 0x00, 0x00, 0x00, 0x00, 0x00, 0x00, 0x00, 0x00, 0x00, 0x00, 0x00, 0x00, 0x0a, 0x28, 0x64, 0xff, 0x0a, 0x28, 0x64, 0xff, 
    0x36, 0x81, 0xe4, 0xff, 0x36, 0x81, 0xe4, 0xff, 0x36, 0x81, 0xe4, 0xff, 0x36, 0x81, 0xe4, 0xff, 0x36, 0x81, 0xe4, 0xff, 0x36, 0x81, 0xe4, 0xff, 0xb4, 0xb4, 0xb4, 0xff, 0xfa, 0xfa, 0xfa, 0xff, 
    0xfa, 0xfa, 0xfa, 0xff, 0xfa, 0xfa, 0xfa, 0xff, 0xfa, 0xfa, 0xfa, 0xff, 0xfa, 0xfa, 0xfa, 0xff, 0xfa, 0xfa, 0xfa, 0xff, 0xfa, 0xfa, 0xfa, 0xff, 0xfa, 0xfa, 0xfa, 0xff, 0xfa, 0xfa, 0xfa, 0xff, 
    0xfa, 0xfa, 0xfa, 0xff, 0xfa, 0xfa, 0xfa, 0xff, 0xfa, 0xfa, 0xfa, 0xff, 0xfa, 0xfa, 0xfa, 0xff, 0xfa, 0xfa, 0xfa, 0xff, 0xfa, 0xfa, 0xfa, 0xff, 0xfa, 0xfa, 0xfa, 0xff, 0xfa, 0xfa, 0xfa, 0xff, 
    0xfa, 0xfa, 0xfa, 0xff, 0xfa, 0xfa, 0xfa, 0xff, 0xb4, 0xb4, 0xb4, 0xff, 0x36, 0x81, 0xe4, 0xff, 0x36, 0x81, 0xe4, 0xff, 0x36, 0x81, 0xe4, 0xff, 0x36, 0x81, 0xe4, 0xff, 0x36, 0x81, 0xe4, 0xff, 
    0x36, 0x81, 0xe4, 0xff, 0x36, 0x81, 0xe4, 0xff, 0x36, 0x81, 0xe4, 0xff, 0x36, 0x81, 0xe4, 0xff, 0x36, 0x81, 0xe4, 0xff, 0x36, 0x81, 0xe4, 0xff, 0x36, 0x81, 0xe4, 0xff, 0x36, 0x81, 0xe4, 0xff, 
    0x36, 0x81, 0xe4, 0xff, 0x36, 0x81, 0xe4, 0xff, 0x36, 0x81, 0xe4, 0xff, 0x36, 0x81, 0xe4, 0xff, 0x36, 0x81, 0xe4, 0xff, 0x36, 0x81, 0xe4, 0xff, 0x36, 0x81, 0xe4, 0xff, 0x36, 0x81, 0xe4, 0xff, 
    0x36, 0x81, 0xe4, 0xff, 0x36, 0x81, 0xe4, 0xff, 0x0a, 0x28, 0x64, 0xff, 0x0a, 0x28, 0x64, 0xff, 0x00, 0x00, 0x00, 0x00, 0x00, 0x00, 0x00, 0x00, 0x00, 0x00, 0x00, 0x00, 0x00, 0x00, 0x00, 0x00, 
    0x00, 0x00, 0x00, 0x00, 0x00, 0x00, 0x00, 0x00, 0x00, 0x00, 0x00, 0x00, 0x00, 0x00, 0x00, 0x00, 0x00, 0x00, 0x00, 0x00, 0x00, 0x00, 0x00, 0x00, 0x0a, 0x28, 0x64, 0xff, 0x0a, 0x28, 0x64, 0xff, 
    0x35, 0x7f, 0xe1, 0xff, 0x35, 0x7f, 0xe1, 0xff, 0x35, 0x7f, 0xe1, 0xff, 0x35, 0x7f, 0xe1, 0xff, 0x35, 0x7f, 0xe1, 0xff, 0x35, 0x7f, 0xe1, 0xff, 0xb4, 0xb4, 0xb4, 0xff, 0xfa, 0xfa, 0xfa, 0xff, 
    0xfa, 0xfa, 0xfa, 0xff, 0xfa, 0xfa, 0xfa, 0xff, 0xfa, 0xfa, 0xfa, 0xff, 0xfa, 0xfa, 0xfa, 0xff, 0xfa, 0xfa, 0xfa, 0xff, 0xfa, 0xfa, 0xfa, 0xff, 0xfa, 0xfa, 0xfa, 0xff, 0xfa, 0xfa, 0xfa, 0xff, 
    0xfa, 0xfa, 0xfa, 0xff, 0xfa, 0xfa, 0xfa, 0xff, 0xfa, 0xfa, 0xfa, 0xff, 0xfa, 0xfa, 0xfa, 0xff, 0xfa, 0xfa, 0xfa, 0xff, 0xfa, 0xfa, 0xfa, 0xff, 0xfa, 0xfa, 0xfa, 0xff, 0xfa, 0xfa, 0xfa, 0xff, 
    0xfa, 0xfa, 0xfa, 0xff, 0xfa, 0xfa, 0xfa, 0xff, 0xb4, 0xb4, 0xb4, 0xff, 0x35, 0x7f, 0xe1, 0xff, 0x35, 0x7f, 0xe1, 0xff, 0x35, 0x7f, 0xe1, 0xff, 0x35, 0x7f, 0xe1, 0xff, 0x35, 0x7f, 0xe1, 0xff, 
    0x35, 0x7f, 0xe1, 0xff, 0x35, 0x7f, 0xe1, 0xff, 0x35, 0x7f, 0xe1, 0xff, 0x35, 0x7f, 0xe1, 0xff, 0x35, 0x7f, 0xe1, 0xff, 0x35, 0x7f, 0xe1, 0xff, 0x35, 0x7f, 0xe1, 0xff, 0x35, 0x7f, 0xe1, 0xff, 
    0x35, 0x7f, 0xe1, 0xff, 0x35, 0x7f, 0xe1, 0xff, 0x35, 0x7f, 0xe1, 0xff, 0x35, 0x7f, 0xe1, 0xff, 0x35, 0x7f, 0xe1, 0xff, 0x35, 0x7f, 0xe1, 0xff, 0x35, 0x7f, 0xe1, 0xff, 0x35, 0x7f, 0xe1, 0xff, 
    0x35, 0x7f, 0xe1, 0xff, 0x35, 0x7f, 0xe1, 0xff, 0x0a, 0x28, 0x64, 0xff, 0x0a, 0x28, 0x64, 0xff, 0x00, 0x00, 0x00, 0x00, 0x00, 0x00, 0x00, 0x00, 0x00, 0x00, 0x00, 0x00, 0x00, 0x00, 0x00, 0x00, 
    0x00, 0x00, 0x00, 0x00, 0x00, 0x00, 0x00, 0x00, 0x00, 0x00, 0x00, 0x00, 0x00, 0x00, 0x00, 0x00, 0x00, 0x00, 0x00, 0x00, 0x00, 0x00, 0x00, 0x00, 0x0a, 0x28, 0x64, 0xff, 0x0a, 0x28, 0x64, 0xff, 
    0x34, 0x7d, 0xdf, 0xff, 0x34, 0x7d, 0xdf, 0xff, 0x34, 0x7d, 0xdf, 0xff, 0x34, 0x7d, 0xdf, 0xff, 0x34, 0x7d, 0xdf, 0xff, 0x34, 0x7d, 0xdf, 0xff, 0xb4, 0xb4, 0xb4, 0xff, 0xfa, 0xfa, 0xfa, 0xff, 
    0xfa, 0xfa, 0xfa, 0xff, 0x96, 0x96, 0x96, 0xff, 0x96, 0x96, 0x96, 0xff, 0x96, 0x96, 0x96, 0xff, 0x96, 0x96, 0x96, 0xff, 0x96, 0x96, 0x96, 0xff, 0x96, 0x96, 0x96, 0xff, 0x96, 0x96, 0x96, 0xff, 
    0x96, 0x96, 0x96, 0xff, 0x96, 0x96, 0x96, 0xff, 0x96, 0x96, 0x96, 0xff, 0x96, 0x96, 0x96, 0xff, 0x96, 0x96, 0x96, 0xff, 0x96, 0x96, 0x96, 0xff, 0x96, 0x96, 0x96, 0xff, 0x96, 0x96, 0x96, 0xff, 
    0xfa, 0xfa, 0xfa, 0xff, 0xfa, 0xfa, 0xfa, 0xff, 0xb4, 0xb4, 0xb4, 0xff, 0x34, 0x7d, 0xdf, 0xff, 0x34, 0x7d, 0xdf, 0xff, 0x34, 0x7d, 0xdf, 0xff, 0x34, 0x7d, 0xdf, 0xff, 0x34, 0x7d, 0xdf, 0xff, 
    0x34, 0x7d, 0xdf, 0xff, 0x34, 0x7d, 0xdf, 0xff, 0x34, 0x7d, 0xdf, 0xff, 0x34, 0x7d, 0xdf, 0xff, 0x34, 0x7d, 0xdf, 0xff, 0x34, 0x7d, 0xdf, 0xff, 0x34, 0x7d, 0xdf, 0xff, 0x34, 0x7d, 0xdf, 0xff, 
    0x34, 0x7d, 0xdf, 0xff, 0x34, 0x7d, 0xdf, 0xff, 0x34, 0x7d, 0xdf, 0xff, 0x34, 0x7d, 0xdf, 0xff, 0x34, 0x7d, 0xdf, 0xff, 0x34, 0x7d, 0xdf, 0xff, 0x34, 0x7d, 0xdf, 0xff, 0x34, 0x7d, 0xdf, 0xff, 
    0x34, 0x7d, 0xdf, 0xff, 0x34, 0x7d, 0xdf, 0xff, 0x0a, 0x28, 0x64, 0xff, 0x0a, 0x28, 0x64, 0xff, 0x00, 0x00, 0x00, 0x00, 0x00, 0x00, 0x00, 0x00, 0x00, 0x00, 0x00, 0x00, 0x00, 0x00, 0x00, 0x00, 
    0x00, 0x00, 0x00, 0x00, 0x00, 0x00, 0x00, 0x00, 0x00, 0x00, 0x00, 0x00, 0x00, 0x00, 0x00, 0x00, 0x00, 0x00, 0x00, 0x00, 0x00, 0x00, 0x00, 0x00, 0x0a, 0x28, 0x64, 0xff, 0x0a, 0x28, 0x64, 0xff, 
    0x33, 0x7b, 0xdd, 0xff, 0x33, 0x7b, 0xdd, 0xff, 0x33, 0x7b, 0xdd, 0xff, 0x33, 0x7b, 0xdd, 0xff, 0x33, 0x7b, 0xdd, 0xff, 0x33, 0x7b, 0xdd, 0xff, 0xb4, 0xb4, 0xb4, 0xff, 0xfa, 0xfa, 0xfa, 0xff, 
    0xfa, 0xfa, 0xfa, 0xff, 0xfa, 0xfa, 0xfa, 0xff, 0xfa, 0xfa, 0xfa, 0xff, 0xfa, 0xfa, 0xfa, 0xff, 0xfa, 0xfa, 0xfa, 0xff, 0xfa, 0xfa, 0xfa, 0xff, 0xfa, 0xfa, 0xfa, 0xff, 0xfa, 0xfa, 0xfa, 0xff, 
    0xfa, 0xfa, 0xfa, 0xff, 0xfa, 0xfa, 0xfa, 0xff, 0xfa, 0xfa, 0xfa, 0xff, 0xfa, 0xfa, 0xfa, 0xff, 0xfa, 0xfa, 0xfa, 0xff, 0xfa, 0xfa, 0xfa, 0xff, 0xfa, 0xfa, 0xfa, 0xff, 0xfa, 0xfa, 0xfa, 0xff, 
    0xfa, 0xfa, 0xfa, 0xff, 0xfa, 0xfa, 0xfa, 0xff, 0xb4, 0xb4, 0xb4, 0xff, 0x33, 0x7b, 0xdd, 0xff, 0x33, 0x7b, 0xdd, 0xff, 0x33, 0x7b, 0xdd, 0xff, 0x33, 0x7b, 0xdd, 0xff, 0x33, 0x7b, 0xdd, 0xff, 
    0x33, 0x7b, 0xdd, 0xff, 0x33, 0x7b, 0xdd, 0xff, 0x33, 0x7b, 0xdd, 0xff, 0x33, 0x7b, 0xdd, 0xff, 0x33, 0x7b, 0xdd, 0xff, 0x33, 0x7b, 0xdd, 0xff, 0x33, 0x7b, 0xdd, 0xff, 0x33, 0x7b, 0xdd, 0xff, 
    0x33, 0x7b, 0xdd, 0xff, 0x33, 0x7b, 0xdd, 0xff, 0x33, 0x7b, 0xdd, 0xff, 0x33, 0x7b, 0xdd, 0xff, 0x33, 0x7b, 0xdd, 0xff, 0x33, 0x7b, 0xdd, 0xff, 0x33, 0x7b, 0xdd, 0xff, 0x33, 0x7b, 0xdd, 0xff, 
    0x33, 0x7b, 0xdd, 0xff, 0x33, 0x7b, 0xdd, 0xff, 0x0a, 0x28, 0x64, 0xff, 0x0a, 0x28, 0x64, 0xff, 0x00, 0x00, 0x00, 0x00, 0x00, 0x00, 0x00, 0x00, 0x00, 0x00, 0x00, 0x00, 0x00, 0x00, 0x00, 0x00, 
    0x00, 0x00, 0x00, 0x00, 0x00, 0x00, 0x00, 0x00, 0x00, 0x00, 0x00, 0x00, 0x00, 0x00, 0x00, 0x00, 0x00, 0x00, 0x00, 0x00, 0x00, 0x00, 0x00, 0x00, 0x0a, 0x28, 0x64, 0xff, 0x0a, 0x28, 0x64, 0xff, 
    0x32, 0x79, 0xda, 0xff, 0x32, 0x79, 0xda, 0xff, 0x32, 0x79, 0xda, 0xff, 0x32, 0x79, 0xda, 0xff, 0x32, 0x79, 0xda, 0xff, 0x32, 0x79, 0xda, 0xff, 0xb4, 0xb4, 0xb4, 0xff, 0xfa, 0xfa, 0xfa, 0xff, 
    0xfa, 0xfa, 0xfa, 0xff, 0xfa, 0xfa, 0xfa, 0xff, 0xfa, 0xfa, 0xfa, 0xff, 0xfa, 0xfa, 0xfa, 0xff, 0xfa, 0xfa, 0xfa, 0xff, 0xfa, 0xfa, 0xfa, 0xff, 0xfa, 0xfa, 0xfa, 0xff, 0xfa, 0xfa, 0xfa, 0xff, 
    0xfa, 0xfa, 0xfa, 0xff, 0xfa, 0xfa, 0xfa, 0xff, 0xfa, 0xfa, 0xfa, 0xff, 0xfa, 0xfa, 0xfa, 0xff, 0xfa, 0xfa, 0xfa, 0xff, 0xfa, 0xfa, 0xfa, 0xff, 0xfa, 0xfa, 0xfa, 0xff, 0xfa, 0xfa, 0xfa, 0xff, 
    0xfa, 0xfa, 0xfa, 0xff, 0xfa, 0xfa, 0xfa, 0xff, 0xb4, 0xb4, 0xb4, 0xff, 0x32, 0x79, 0xda, 0xff, 0x32, 0x79, 0xda, 0xff, 0x32, 0x79, 0xda, 0xff, 0x32, 0x79, 0xda, 0xff, 0x32, 0x79, 0xda, 0xff, 
    0x32, 0x79, 0xda, 0xff, 0x32, 0x79, 0xda, 0xff, 0x32, 0x79, 0xda, 0xff, 0x32, 0x79, 0xda, 0xff, 0x32, 0x79, 0xda, 0xff, 0x32, 0x79, 0xda, 0xff, 0x32, 0x79, 0xda, 0xff, 0x32, 0x79, 0xda, 0xff, 
    0x32, 0x79, 0xda, 0xff, 0x32, 0x79, 0xda, 0xff, 0x32, 0x79, 0xda, 0xff, 0x32, 0x79, 0xda, 0xff, 0x32, 0x79, 0xda, 0xff, 0x32, 0x79, 0xda, 0xff, 0x32, 0x79, 0xda, 0xff, 0x32, 0x79, 0xda, 0xff, 
    0x32, 0x79, 0xda, 0xff, 0x32, 0x79, 0xda, 0xff, 0x0a, 0x28, 0x64, 0xff, 0x0a, 0x28, 0x64, 0xff, 0x00, 0x00, 0x00, 0x00, 0x00, 0x00, 0x00, 0x00, 0x00, 0x00, 0x00, 0x00, 0x00, 0x00, 0x00, 0x00, 
    0x00, 0x00, 0x00, 0x00, 0x00, 0x00, 0x00, 0x00, 0x00, 0x00, 0x00, 0x00, 0x00, 0x00, 0x00, 0x00, 0x00, 0x00, 0x00, 0x00, 0x00, 0x00, 0x00, 0x00, 0x0a, 0x28, 0x64, 0xff, 0x0a, 0x28, 0x64, 0xff, 
    0x31, 0x76, 0xd8, 0xff, 0x31, 0x76, 0xd8, 0xff, 0x31, 0x76, 0xd8, 0xff, 0x31, 0x76, 0xd8, 0xff, 0x31, 0x76, 0xd8, 0xff, 0x31, 0x76, 0xd8, 0xff, 0xb4, 0xb4, 0xb4, 0xff, 0xfa, 0xfa, 0xfa, 0xff, 
    0xfa, 0xfa, 0xfa, 0xff, 0xfa, 0xfa, 0xfa, 0xff, 0xfa, 0xfa, 0xfa, 0xff, 0xfa, 0xfa, 0xfa, 0xff, 0xfa, 0xfa, 0xfa, 0xff, 0xfa, 0xfa, 0xfa, 0xff, 0xfa, 0xfa, 0xfa, 0xff, 0xfa, 0xfa, 0xfa, 0xff, 
    0xfa, 0xfa, 0xfa, 0xff, 0xfa, 0xfa, 0xfa, 0xff, 0xfa, 0xfa, 0xfa, 0xff, 0xfa, 0xfa, 0xfa, 0xff, 0xfa, 0xfa, 0xfa, 0xff, 0xfa, 0xfa, 0xfa, 0xff, 0xfa, 0xfa, 0xfa, 0xff, 0xfa, 0xfa, 0xfa, 0xff, 
    0xfa, 0xfa, 0xfa, 0xff, 0xfa, 0xfa, 0xfa, 0xff, 0xb4, 0xb4, 0xb4, 0xff, 0x31, 0x76, 0xd8, 0xff, 0x31, 0x76, 0xd8, 0xff, 0x31, 0x76, 0xd8, 0xff, 0x31, 0x76, 0xd8, 0xff, 0x31, 0x76, 0xd8, 0xff, 
    0x31, 0x76, 0xd8, 0xff, 0x31, 0x76, 0xd8, 0xff, 0x31, 0x76, 0xd8, 0xff, 0x31, 0x76, 0xd8, 0xff, 0x31, 0x76, 0xd8, 0xff, 0x31, 0x76, 0xd8, 0xff, 0x31, 0x76, 0xd8, 0xff, 0x31, 0x76, 0xd8, 0xff, 
    0x31, 0x76, 0xd8, 0xff, 0x31, 0x76, 0xd8, 0xff, 0x31, 0x76, 0xd8, 0xff, 0x31, 0x76, 0xd8, 0xff, 0x31, 0x76, 0xd8, 0xff, 0x31, 0x76, 0xd8, 0xff, 0x31, 0x76, 0xd8, 0xff, 0x31, 0x76, 0xd8, 0xff, 
    0x31, 0x76, 0xd8, 0xff, 0x31, 0x76, 0xd8, 0xff, 0x0a, 0x28, 0x64, 0xff, 0x0a, 0x28, 0x64, 0xff, 0x00, 0x00, 0x00, 0x00, 0x00, 0x00, 0x00, 0x00, 0x00, 0x00, 0x00, 0x00, 0x00, 0x00, 0x00, 0x00, 
    0x00, 0x00, 0x00, 0x00, 0x00, 0x00, 0x00, 0x00, 0x00, 0x00, 0x00, 0x00, 0x00, 0x00, 0x00, 0x00, 0x00, 0x00, 0x00, 0x00, 0x00, 0x00, 0x00, 0x00, 0x0a, 0x28, 0x64, 0xff, 0x0a, 0x28, 0x64, 0xff, 
    0x30, 0x74, 0xd5, 0xff, 0x30, 0x74, 0xd5, 0xff, 0x30, 0x74, 0xd5, 0xff, 0x30, 0x74, 0xd5, 0xff, 0x30, 0x74, 0xd5, 0xff, 0x30, 0x74, 0xd5, 0xff, 0xb4, 0xb4, 0xb4, 0xff, 0xfa, 0xfa, 0xfa, 0xff, 
    0xfa, 0xfa, 0xfa, 0xff, 0xfa, 0xfa, 0xfa, 0xff, 0xfa, 0xfa, 0xfa, 0xff, 0xfa, 0xfa, 0xfa, 0xff, 0xfa, 0xfa, 0xfa, 0xff, 0xfa, 0xfa, 0xfa, 0xff, 0xfa, 0xfa, 0xfa, 0xff, 0xfa, 0xfa, 0xfa, 0xff, 
    0xfa, 0xfa, 0xfa, 0xff, 0xfa, 0xfa, 0xfa, 0xff, 0xfa, 0xfa, 0xfa, 0xff, 0xfa, 0xfa, 0xfa, 0xff, 0xfa, 0xfa, 0xfa, 0xff, 0xfa, 0xfa, 0xfa, 0xff, 0xfa, 0xfa, 0xfa, 0xff, 0xfa, 0xfa, 0xfa, 0xff, 
    0xfa, 0xfa, 0xfa, 0xff, 0xfa, 0xfa, 0xfa, 0xff, 0xb4, 0xb4, 0xb4, 0xff, 0x30, 0x74, 0xd5, 0xff, 0x30, 0x74, 0xd5, 0xff, 0x30, 0x74, 0xd5, 0xff, 0x30, 0x74, 0xd5, 0xff, 0x30, 0x74, 0xd5, 0xff, 
    0x30, 0x74, 0xd5, 0xff, 0x30, 0x74, 0xd5, 0xff, 0x30, 0x74, 0xd5, 0xff, 0x30, 0x74, 0xd5, 0xff, 0x30, 0x74, 0xd5, 0xff, 0x30, 0x74, 0xd5, 0xff, 0x30, 0x74, 0xd5, 0xff, 0x30, 0x74, 0xd5, 0xff, 
    0x30, 0x74, 0xd5, 0xff, 0x30, 0x74, 0xd5, 0xff, 0x30, 0x74, 0xd5, 0xff, 0x30, 0x74, 0xd5, 0xff, 0x30, 0x74, 0xd5, 0xff, 0x30, 0x74, 0xd5, 0xff, 0x30, 0x74, 0xd5, 0xff, 0x30, 0x74, 0xd5, 0xff, 
    0x30, 0x74, 0xd5, 0xff, 0x30, 0x74, 0xd5, 0xff, 0x0a, 0x28, 0x64, 0xff, 0x0a, 0x28, 0x64, 0xff, 0x00, 0x00, 0x00, 0x00, 0x00, 0x00, 0x00, 0x00, 0x00, 0x00, 0x00, 0x00, 0x00, 0x00, 0x00, 0x00, 
    0x00, 0x00, 0x00, 0x00, 0x00, 0x00, 0x00, 0x00, 0x00, 0x00, 0x00, 0x00, 0x00, 0x00, 0x00, 0x00, 0x00, 0x00, 0x00, 0x00, 0x00, 0x00, 0x00, 0x00, 0x0a, 0x28, 0x64, 0xff, 0x0a, 0x28, 0x64, 0xff, 
    0x2f, 0x72, 0xd3, 0xff, 0x2f, 0x72, 0xd3, 0xff, 0x2f, 0x72, 0xd3, 0xff, 0x2f, 0x72, 0xd3, 0xff, 0x2f, 0x72, 0xd3, 0xff, 0x2f, 0x72, 0xd3, 0xff, 0xb4, 0xb4, 0xb4, 0xff, 0xfa, 0xfa, 0xfa, 0xff, 
    0xfa, 0xfa, 0xfa, 0xff, 0x96, 0x96, 0x96, 0xff, 0x96, 0x96, 0x96, 0xff, 0x96, 0x96, 0x96, 0xff, 0x96, 0x96, 0x96, 0xff, 0x96, 0x96, 0x96, 0xff, 0x96, 0x96, 0x96, 0xff, 0x96, 0x96, 0x96, 0xff, 
    0x96, 0x96, 0x96, 0xff, 0x96, 0x96, 0x96, 0xff, 0x96, 0x96, 0x96, 0xff, 0x96, 0x96, 0x96, 0xff, 0x96, 0x96, 0x96, 0xff, 0x96, 0x96, 0x96, 0xff, 0x96, 0x96, 0x96, 0xff, 0x96, 0x96, 0x96, 0xff, 
    0xfa, 0xfa, 0xfa, 0xff, 0xfa, 0xfa, 0xfa, 0xff, 0xb4, 0xb4, 0xb4, 0xff, 0x2f, 0x72, 0xd3, 0xff, 0x2f, 0x72, 0xd3, 0xff, 0x2f, 0x72, 0xd3, 0xff, 0x2f, 0x72, 0xd3, 0xff, 0x2f, 0x72, 0xd3, 0xff, 
    0x2f, 0x72, 0xd3, 0xff, 0x2f, 0x72, 0xd3, 0xff, 0x2f, 0x72, 0xd3, 0xff, 0x2f, 0x72, 0xd3, 0xff, 0x2f, 0x72, 0xd3, 0xff, 0x2f, 0x72, 0xd3, 0xff, 0x2f, 0x72, 0xd3, 0xff, 0x2f, 0x72, 0xd3, 0xff, 
    0x2f, 0x72, 0xd3, 0xff, 0x2f, 0x72, 0xd3, 0xff, 0x2f, 0x72, 0xd3, 0xff, 0x2f, 0x72, 0xd3, 0xff, 0x2f, 0x72, 0xd3, 0xff, 0x2f, 0x72, 0xd3, 0xff, 0x2f, 0x72, 0xd3, 0xff, 0x2f, 0x72, 0xd3, 0xff, 
    0x2f, 0x72, 0xd3, 0xff, 0x2f, 0x72, 0xd3, 0xff, 0x0a, 0x28, 0x64, 0xff, 0x0a, 0x28, 0x64, 0xff, 0x00, 0x00, 0x00, 0x00, 0x00, 0x00, 0x00, 0x00, 0x00, 0x00, 0x00, 0x00, 0x00, 0x00, 0x00, 0x00, 
    0x00, 0x00, 0x00, 0x00, 0x00, 0x00, 0x00, 0x00, 0x00, 0x00, 0x00, 0x00, 0x00, 0x00, 0x00, 0x00, 0x00, 0x00, 0x00, 0x00, 0x00, 0x00, 0x00, 0x00, 0x0a, 0x28, 0x64, 0xff, 0x0a, 0x28, 0x64, 0xff, 
    0x2e, 0x70, 0xd1, 0xff, 0x2e, 0x70, 0xd1, 0xff, 0x2e, 0x70, 0xd1, 0xff, 0x2e, 0x70, 0xd1, 0xff, 0x2e, 0x70, 0xd1, 0xff, 0x2e, 0x70, 0xd1, 0xff, 0xb4, 0xb4, 0xb4, 0xff, 0xfa, 0xfa, 0xfa, 0xff, 
    0xfa, 0xfa, 0xfa, 0xff, 0xfa, 0xfa, 0xfa, 0xff, 0xfa, 0xfa, 0xfa, 0xff, 0xfa, 0xfa, 0xfa, 0xff, 0xfa, 0xfa, 0xfa, 0xff, 0xfa, 0xfa, 0xfa, 0xff, 0xfa, 0xfa, 0xfa, 0xff, 0xfa, 0xfa, 0xfa, 0xff, 
    0xfa, 0xfa, 0xfa, 0xff, 0xfa, 0xfa, 0xfa, 0xff, 0xfa, 0xfa, 0xfa, 0xff, 0xfa, 0xfa, 0xfa, 0xff, 0xfa, 0xfa, 0xfa, 0xff, 0xfa, 0xfa, 0xfa, 0xff, 0xfa, 0xfa, 0xfa, 0xff, 0xfa, 0xfa, 0xfa, 0xff, 
    0xfa, 0xfa, 0xfa, 0xff, 0xfa, 0xfa, 0xfa, 0xff, 0xb4, 0xb4, 0xb4, 0xff, 0x2e, 0x70, 0xd1, 0xff, 0x2e, 0x70, 0xd1, 0xff, 0x2e, 0x70, 0xd1, 0xff, 0x2e, 0x70, 0xd1, 0xff, 0x2e, 0x70, 0xd1, 0xff, 
    0x2e, 0x70, 0xd1, 0xff, 0x2e, 0x70, 0xd1, 0xff, 0x2e, 0x70, 0xd1, 0xff, 0x2e, 0x70, 0xd1, 0xff, 0x2e, 0x70, 0xd1, 0xff, 0x2e, 0x70, 0xd1, 0xff, 0x2e, 0x70, 0xd1, 0xff, 0x2e, 0x70, 0xd1, 0xff, 
    0x2e, 0x70, 0xd1, 0xff, 0x2e, 0x70, 0xd1, 0xff, 0x2e, 0x70, 0xd1, 0xff, 0x2e, 0x70, 0xd1, 0xff, 0x2e, 0x70, 0xd1, 0xff, 0x2e, 0x70, 0xd1, 0xff, 0x2e, 0x70, 0xd1, 0xff, 0x2e, 0x70, 0xd1, 0xff, 
    0x2e, 0x70, 0xd1, 0xff, 0x2e, 0x70, 0xd1, 0xff, 0x0a, 0x28, 0x64, 0xff, 0x0a, 0x28, 0x64, 0xff, 0x00, 0x00, 0x00, 0x00, 0x00, 0x00, 0x00, 0x00, 0x00, 0x00, 0x00, 0x00, 0x00, 0x00, 0x00, 0x00, 
    0x00, 0x00, 0x00, 0x00, 0x00, 0x00, 0x00, 0x00, 0x00, 0x00, 0x00, 0x00, 0x00, 0x00, 0x00, 0x00, 0x00, 0x00, 0x00, 0x00, 0x00, 0x00, 0x00, 0x00, 0x0a, 0x28, 0x64, 0xff, 0x0a, 0x28, 0x64, 0xff, 
    0x2d, 0x6e, 0xce, 0xff, 0x2d, 0x6e, 0xce, 0xff, 0x2d, 0x6e, 0xce, 0xff, 0x2d, 0x6e, 0xce, 0xff, 0x2d, 0x6e, 0xce, 0xff, 0x2d, 0x6e, 0xce, 0xff, 0xb4, 0xb4, 0xb4, 0xff, 0xfa, 0xfa, 0xfa, 0xff, 
    0xfa, 0xfa, 0xfa, 0xff, 0xfa, 0xfa, 0xfa, 0xff, 0xfa, 0xfa, 0xfa, 0xff, 0xfa, 0xfa, 0xfa, 0xff, 0xfa, 0xfa, 0xfa, 0xff, 0xfa, 0xfa, 0xfa, 0xff, 0xfa, 0xfa, 0xfa, 0xff, 0xfa, 0xfa, 0xfa, 0xff, 
    0xfa, 0xfa, 0xfa, 0xff, 0xfa, 0xfa, 0xfa, 0xff, 0xfa, 0xfa, 0xfa, 0xff, 0xfa, 0xfa, 0xfa, 0xff, 0xfa, 0xfa, 0xfa, 0xff, 0xfa, 0xfa, 0xfa, 0xff, 0xfa, 0xfa, 0xfa, 0xff, 0xfa, 0xfa, 0xfa, 0xff, 
    0xfa, 0xfa, 0xfa, 0xff, 0xfa, 0xfa, 0xfa, 0xff, 0xb4, 0xb4, 0xb4, 0xff, 0x2d, 0x6e, 0xce, 0xff, 0x2d, 0x6e, 0xce, 0xff, 0x2d, 0x6e, 0xce, 0xff, 0x2d, 0x6e, 0xce, 0xff, 0x2d, 0x6e, 0xce, 0xff, 
    0x2d, 0x6e, 0xce, 0xff, 0x2d, 0x6e, 0xce, 0xff, 0x2d, 0x6e, 0xce, 0xff, 0x2d, 0x6e, 0xce, 0xff, 0x2d, 0x6e, 0xce, 0xff, 0x2d, 0x6e, 0xce, 0xff, 0x2d, 0x6e, 0xce, 0xff, 0x2d, 0x6e, 0xce, 0xff, 
    0x2d, 0x6e, 0xce, 0xff, 0x2d, 0x6e, 0xce, 0xff, 0x2d, 0x6e, 0xce, 0xff, 0x2d, 0x6e, 0xce, 0xff, 0x2d, 0x6e, 0xce, 0xff, 0x2d, 0x6e, 0xce, 0xff, 0x2d, 0x6e, 0xce, 0xff, 0x2d, 0x6e, 0xce, 0xff, 
    0x2d, 0x6e, 0xce, 0xff, 0x2d, 0x6e, 0xce, 0xff, 0x0a, 0x28, 0x64, 0xff, 0x0a, 0x28, 0x64, 0xff, 0x00, 0x00, 0x00, 0x00, 0x00, 0x00, 0x00, 0x00, 0x00, 0x00, 0x00, 0x00, 0x00, 0x00, 0x00, 0x00, 
    0x00, 0x00, 0x00, 0x00, 0x00, 0x00, 0x00, 0x00, 0x00, 0x00, 0x00, 0x00, 0x00, 0x00, 0x00, 0x00, 0x00, 0x00, 0x00, 0x00, 0x00, 0x00, 0x00, 0x00, 0x0a, 0x28, 0x64, 0xff, 0x0a, 0x28, 0x64, 0xff, 
    0x2c, 0x6c, 0xcc, 0xff, 0x2c, 0x6c, 0xcc, 0xff, 0x2c, 0x6c, 0xcc, 0xff, 0x2c, 0x6c, 0xcc, 0xff, 0x2c, 0x6c, 0xcc, 0xff, 0x2c, 0x6c, 0xcc, 0xff, 0xb4, 0xb4, 0xb4, 0xff, 0xfa, 0xfa, 0xfa, 0xff, 
    0xfa, 0xfa, 0xfa, 0xff, 0xfa, 0xfa, 0xfa, 0xff, 0xfa, 0xfa, 0xfa, 0xff, 0xfa, 0xfa, 0xfa, 0xff, 0xfa, 0xfa, 0xfa, 0xff, 0xfa, 0xfa, 0xfa, 0xff, 0xfa, 0xfa, 0xfa, 0xff, 0xfa, 0xfa, 0xfa, 0xff, 
    0xfa, 0xfa, 0xfa, 0xff, 0xfa, 0xfa, 0xfa, 0xff, 0xfa, 0xfa, 0xfa, 0xff, 0xfa, 0xfa, 0xfa, 0xff, 0xfa, 0xfa, 0xfa, 0xff, 0xfa, 0xfa, 0xfa, 0xff, 0xfa, 0xfa, 0xfa, 0xff, 0xfa, 0xfa, 0xfa, 0xff, 
    0xfa, 0xfa, 0xfa, 0xff, 0xfa, 0xfa, 0xfa, 0xff, 0xb4, 0xb4, 0xb4, 0xff, 0x2c, 0x6c, 0xcc, 0xff, 0x2c, 0x6c, 0xcc, 0xff, 0x2c, 0x6c, 0xcc, 0xff, 0x2c, 0x6c, 0xcc, 0xff, 0x2c, 0x6c, 0xcc, 0xff, 
    0x2c, 0x6c, 0xcc, 0xff, 0x2c, 0x6c, 0xcc, 0xff, 0x2c, 0x6c, 0xcc, 0xff, 0x2c, 0x6c, 0xcc, 0xff, 0x2c, 0x6c, 0xcc, 0xff, 0x2c, 0x6c, 0xcc, 0xff, 0x2c, 0x6c, 0xcc, 0xff, 0x2c, 0x6c, 0xcc, 0xff, 
    0x2c, 0x6c, 0xcc, 0xff, 0x2c, 0x6c, 0xcc, 0xff, 0x2c, 0x6c, 0xcc, 0xff, 0x2c, 0x6c, 0xcc, 0xff, 0x2c, 0x6c, 0xcc, 0xff, 0x2c, 0x6c, 0xcc, 0xff, 0x2c, 0x6c, 0xcc, 0xff, 0x2c, 0x6c, 0xcc, 0xff, 
    0x2c, 0x6c, 0xcc, 0xff, 0x2c, 0x6c, 0xcc, 0xff, 0x0a, 0x28, 0x64, 0xff, 0x0a, 0x28, 0x64, 0xff, 0x00, 0x00, 0x00, 0x00, 0x00, 0x00, 0x00, 0x00, 0x00, 0x00, 0x00, 0x00, 0x00, 0x00, 0x00, 0x00, 
    0x00, 0x00, 0x00, 0x00, 0x00, 0x00, 0x00, 0x00, 0x00, 0x00, 0x00, 0x00, 0x00, 0x00, 0x00, 0x00, 0x00, 0x00, 0x00, 0x00, 0x00, 0x00, 0x00, 0x00, 0x0a, 0x28, 0x64, 0xff, 0x0a, 0x28, 0x64, 0xff, 
    0x2b, 0x6a, 0xca, 0xff, 0x2b, 0x6a, 0xca, 0xff, 0x2b, 0x6a, 0xca, 0xff, 0x2b, 0x6a, 0xca, 0xff, 0x2b, 0x6a, 0xca, 0xff, 0x2b, 0x6a, 0xca, 0xff, 0xb4, 0xb4, 0xb4, 0xff, 0xfa, 0xfa, 0xfa, 0xff, 
    0xfa, 0xfa, 0xfa, 0xff, 0xfa, 0xfa, 0xfa, 0xff, 0xfa, 0xfa, 0xfa, 0xff, 0xfa, 0xfa, 0xfa, 0xff, 0xfa, 0xfa, 0xfa, 0xff, 0xfa, 0xfa, 0xfa, 0xff, 0xfa, 0xfa, 0xfa, 0xff, 0xfa, 0xfa, 0xfa, 0xff, 
    0xfa, 0xfa, 0xfa, 0xff, 0xfa, 0xfa, 0xfa, 0xff, 0xfa, 0xfa, 0xfa, 0xff, 0xfa, 0xfa, 0xfa, 0xff, 0xfa, 0xfa, 0xfa, 0xff, 0xfa, 0xfa, 0xfa, 0xff, 0xfa, 0xfa, 0xfa, 0xff, 0xfa, 0xfa, 0xfa, 0xff, 
    0xfa, 0xfa, 0xfa, 0xff, 0xfa, 0xfa, 0xfa, 0xff, 0xb4, 0xb4, 0xb4, 0xff, 0x2b, 0x6a, 0xca, 0xff, 0x2b, 0x6a, 0xca, 0xff, 0x2b, 0x6a, 0xca, 0xff, 0x2b, 0x6a, 0xca, 0xff, 0x2b, 0x6a, 0xca, 0xff, 
    0x2b, 0x6a, 0xca, 0xff, 0x2b, 0x6a, 0xca, 0xff, 0x2b, 0x6a, 0xca, 0xff, 0x2b, 0x6a, 0xca, 0xff, 0x2b, 0x6a, 0xca, 0xff, 0x2b, 0x6a, 0xca, 0xff, 0x2b, 0x6a, 0xca, 0xff, 0x2b, 0x6a, 0xca, 0xff, 
    0x2b, 0x6a, 0xca, 0xff, 0x2b, 0x6a, 0xca, 0xff, 0x2b, 0x6a, 0xca, 0xff, 0x2b, 0x6a, 0xca, 0xff, 0x2b, 0x6a, 0xca, 0xff, 0x2b, 0x6a, 0xca, 0xff, 0x2b, 0x6a, 0xca, 0xff, 0x2b, 0x6a, 0xca, 0xff, 
    0x2b, 0x6a, 0xca, 0xff, 0x2b, 0x6a, 0xca, 0xff, 0x0a, 0x28, 0x64, 0xff, 0x0a, 0x28, 0x64, 0xff, 0x00, 0x00, 0x00, 0x00, 0x00, 0x00, 0x00, 0x00, 0x00, 0x00, 0x00, 0x00, 0x00, 0x00, 0x00, 0x00, 
    0x00, 0x00, 0x00, 0x00, 0x00, 0x00, 0x00, 0x00, 0x00, 0x00, 0x00, 0x00, 0x00, 0x00, 0x00, 0x00, 0x00, 0x00, 0x00, 0x00, 0x00, 0x00, 0x00, 0x00, 0x0a, 0x28, 0x64, 0xff, 0x0a, 0x28, 0x64, 0xff, 
    0x2a, 0x68, 0xc7, 0xff, 0x2a, 0x68, 0xc7, 0xff, 0x2a, 0x68, 0xc7, 0xff, 0x2a, 0x68, 0xc7, 0xff, 0x2a, 0x68, 0xc7, 0xff, 0x2a, 0x68, 0xc7, 0xff, 0xb4, 0xb4, 0xb4, 0xff, 0xfa, 0xfa, 0xfa, 0xff, 
    0xfa, 0xfa, 0xfa, 0xff, 0xfa, 0xfa, 0xfa, 0xff, 0xfa, 0xfa, 0xfa, 0xff, 0xfa, 0xfa, 0xfa, 0xff, 0xfa, 0xfa, 0xfa, 0xff, 0xfa, 0xfa, 0xfa, 0xff, 0xfa, 0xfa, 0xfa, 0xff, 0xfa, 0xfa, 0xfa, 0xff, 
    0xfa, 0xfa, 0xfa, 0xff, 0xfa, 0xfa, 0xfa, 0xff, 0xfa, 0xfa, 0xfa, 0xff, 0xfa, 0xfa, 0xfa, 0xff, 0xfa, 0xfa, 0xfa, 0xff, 0xfa, 0xfa, 0xfa, 0xff, 0xfa, 0xfa, 0xfa, 0xff, 0xfa, 0xfa, 0xfa, 0xff, 
    0xfa, 0xfa, 0xfa, 0xff, 0xfa, 0xfa, 0xfa, 0xff, 0xb4, 0xb4, 0xb4, 0xff, 0x2a, 0x68, 0xc7, 0xff, 0x2a, 0x68, 0xc7, 0xff, 0x2a, 0x68, 0xc7, 0xff, 0x2a, 0x68, 0xc7, 0xff, 0x2a, 0x68, 0xc7, 0xff, 
    0x2a, 0x68, 0xc7, 0xff, 0x2a, 0x68, 0xc7, 0xff, 0x2a, 0x68, 0xc7, 0xff, 0x2a, 0x68, 0xc7, 0xff, 0x2a, 0x68, 0xc7, 0xff, 0x2a, 0x68, 0xc7, 0xff, 0x2a, 0x68, 0xc7, 0xff, 0x2a, 0x68, 0xc7, 0xff, 
    0x2a, 0x68, 0xc7, 0xff, 0x2a, 0x68, 0xc7, 0xff, 0x2a, 0x68, 0xc7, 0xff, 0x2a, 0x68, 0xc7, 0xff, 0x2a, 0x68, 0xc7, 0xff, 0x2a, 0x68, 0xc7, 0xff, 0x2a, 0x68, 0xc7, 0xff, 0x2a, 0x68, 0xc7, 0xff, 
    0x2a, 0x68, 0xc7, 0xff, 0x2a, 0x68, 0xc7, 0xff, 0x0a, 0x28, 0x64, 0xff, 0x0a, 0x28, 0x64, 0xff, 0x00, 0x00, 0x00, 0x00, 0x00, 0x00, 0x00, 0x00, 0x00, 0x00, 0x00, 0x00, 0x00, 0x00, 0x00, 0x00, 
    0x00, 0x00, 0x00, 0x00, 0x00, 0x00, 0x00, 0x00, 0x00, 0x00, 0x00, 0x00, 0x00, 0x00, 0x00, 0x00, 0x00, 0x00, 0x00, 0x00, 0x00, 0x00, 0x00, 0x00, 0x0a, 0x28, 0x64, 0xff, 0x0a, 0x28, 0x64, 0xff, 
    0x29, 0x66, 0xc5, 0xff, 0x29, 0x66, 0xc5, 0xff, 0x29, 0x66, 0xc5, 0xff, 0x29, 0x66, 0xc5, 0xff, 0x29, 0x66, 0xc5, 0xff, 0x29, 0x66, 0xc5, 0xff, 0xb4, 0xb4, 0xb4, 0xff, 0xfa, 0xfa, 0xfa, 0xff, 
    0xfa, 0xfa, 0xfa, 0xff, 0xfa, 0xfa, 0xfa, 0xff, 0xfa, 0xfa, 0xfa, 0xff, 0xfa, 0xfa, 0xfa, 0xff, 0xfa, 0xfa, 0xfa, 0xff, 0xfa, 0xfa, 0xfa, 0xff, 0xfa, 0xfa, 0xfa, 0xff, 0xfa, 0xfa, 0xfa, 0xff, 
    0xfa, 0xfa, 0xfa, 0xff, 0xfa, 0xfa, 0xfa, 0xff, 0xfa, 0xfa, 0xfa, 0xff, 0xfa, 0xfa, 0xfa, 0xff, 0xfa, 0xfa, 0xfa, 0xff, 0xfa, 0xfa, 0xfa, 0xff, 0xfa, 0xfa, 0xfa, 0xff, 0xfa, 0xfa, 0xfa, 0xff, 
    0xfa, 0xfa, 0xfa, 0xff, 0xfa, 0xfa, 0xfa, 0xff, 0xb4, 0xb4, 0xb4, 0xff, 0x29, 0x66, 0xc5, 0xff, 0x29, 0x66, 0xc5, 0xff, 0x29, 0x66, 0xc5, 0xff, 0x29, 0x66, 0xc5, 0xff, 0x29, 0x66, 0xc5, 0xff, 
    0x29, 0x66, 0xc5, 0xff, 0x29, 0x66, 0xc5, 0xff, 0x29, 0x66, 0xc5, 0xff, 0x29, 0x66, 0xc5, 0xff, 0x29, 0x66, 0xc5, 0xff, 0x29, 0x66, 0xc5, 0xff, 0x29, 0x66, 0xc5, 0xff, 0x29, 0x66, 0xc5, 0xff, 
    0x29, 0x66, 0xc5, 0xff, 0x29, 0x66, 0xc5, 0xff, 0x29, 0x66, 0xc5, 0xff, 0x29, 0x66, 0xc5, 0xff, 0x29, 0x66, 0xc5, 0xff, 0x29, 0x66, 0xc5, 0xff, 0x29, 0x66, 0xc5, 0xff, 0x29, 0x66, 0xc5, 0xff, 
    0x29, 0x66, 0xc5, 0xff, 0x29, 0x66, 0xc5, 0xff, 0x0a, 0x28, 0x64, 0xff, 0x0a, 0x28, 0x64, 0xff, 0x00, 0x00, 0x00, 0x00, 0x00, 0x00, 0x00, 0x00, 0x00, 0x00, 0x00, 0x00, 0x00, 0x00, 0x00, 0x00, 
    0x00, 0x00, 0x00, 0x00, 0x00, 0x00, 0x00, 0x00, 0x00, 0x00, 0x00, 0x00, 0x00, 0x00, 0x00, 0x00, 0x00, 0x00, 0x00, 0x00, 0x00, 0x00, 0x00, 0x00, 0x0a, 0x28, 0x64, 0xff, 0x0a, 0x28, 0x64, 0xff, 
    0x28, 0x64, 0xc3, 0xff, 0x28, 0x64, 0xc3, 0xff, 0x28, 0x64, 0xc3, 0xff, 0x28, 0x64, 0xc3, 0xff, 0x28, 0x64, 0xc3, 0xff, 0x28, 0x64, 0xc3, 0xff, 0xb4, 0xb4, 0xb4, 0xff, 0xfa, 0xfa, 0xfa, 0xff, 
    0xfa, 0xfa, 0xfa, 0xff, 0xfa, 0xfa, 0xfa, 0xff, 0xfa, 0xfa, 0xfa, 0xff, 0xfa, 0xfa, 0xfa, 0xff, 0xfa, 0xfa, 0xfa, 0xff, 0xfa, 0xfa, 0xfa, 0xff, 0xfa, 0xfa, 0xfa, 0xff, 0xfa, 0xfa, 0xfa, 0xff, 
    0xfa, 0xfa, 0xfa, 0xff, 0xfa, 0xfa, 0xfa, 0xff, 0xfa, 0xfa, 0xfa, 0xff, 0xfa, 0xfa, 0xfa, 0xff, 0xfa, 0xfa, 0xfa, 0xff, 0xfa, 0xfa, 0xfa, 0xff, 0xfa, 0xfa, 0xfa, 0xff, 0xfa, 0xfa, 0xfa, 0xff, 
    0xfa, 0xfa, 0xfa, 0xff, 0xfa, 0xfa, 0xfa, 0xff, 0xb4, 0xb4, 0xb4, 0xff, 0x28, 0x64, 0xc3, 0xff, 0x28, 0x64, 0xc3, 0xff, 0x28, 0x64, 0xc3, 0xff, 0x28, 0x64, 0xc3, 0xff, 0x28, 0x64, 0xc3, 0xff, 
    0x28, 0x64, 0xc3, 0xff, 0x28, 0x64, 0xc3, 0xff, 0x28, 0x64, 0xc3, 0xff, 0x28, 0x64, 0xc3, 0xff, 0x28, 0x64, 0xc3, 0xff, 0x28, 0x64, 0xc3, 0xff, 0x28, 0x64, 0xc3, 0xff, 0x28, 0x64, 0xc3, 0xff, 
    0x28, 0x64, 0xc3, 0xff, 0x28, 0x64, 0xc3, 0xff, 0x28, 0x64, 0xc3, 0xff, 0x28, 0x64, 0xc3, 0xff, 0x28, 0x64, 0xc3, 0xff, 0x28, 0x64, 0xc3, 0xff, 0x28, 0x64, 0xc3, 0xff, 0x28, 0x64, 0xc3, 0xff, 
    0x28, 0x64, 0xc3, 0xff, 0x28, 0x64, 0xc3, 0xff, 0x0a, 0x28, 0x64, 0xff, 0x0a, 0x28, 0x64, 0xff, 0x00, 0x00, 0x00, 0x00, 0x00, 0x00, 0x00, 0x00, 0x00, 0x00, 0x00, 0x00, 0x00, 0x00, 0x00, 0x00, 
    0x00, 0x00, 0x00, 0x00, 0x00, 0x00, 0x00, 0x00, 0x00, 0x00, 0x00, 0x00, 0x00, 0x00, 0x00, 0x00, 0x00, 0x00, 0x00, 0x00, 0x00, 0x00, 0x00, 0x00, 0x0a, 0x28, 0x64, 0xff, 0x0a, 0x28, 0x64, 0xff, 
    0x26, 0x61, 0xc0, 0xff, 0x26, 0x61, 0xc0, 0xff, 0x26, 0x61, 0xc0, 0xff, 0x26, 0x61, 0xc0, 0xff, 0x26, 0x61, 0xc0, 0xff, 0x26, 0x61, 0xc0, 0xff, 0xb4, 0xb4, 0xb4, 0xff, 0xb4, 0xb4, 0xb4, 0xff, 
    0xb4, 0xb4, 0xb4, 0xff, 0xb4, 0xb4, 0xb4, 0xff, 0xb4, 0xb4, 0xb4, 0xff, 0xb4, 0xb4, 0xb4, 0xff, 0xb4, 0xb4, 0xb4, 0xff, 0xb4, 0xb4, 0xb4, 0xff, 0xb4, 0xb4, 0xb4, 0xff, 0xb4, 0xb4, 0xb4, 0xff, 
    0xb4, 0xb4, 0xb4, 0xff, 0xb4, 0xb4, 0xb4, 0xff, 0xb4, 0xb4, 0xb4, 0xff, 0xb4, 0xb4, 0xb4, 0xff, 0xb4, 0xb4, 0xb4, 0xff, 0xb4, 0xb4, 0xb4, 0xff, 0xb4, 0xb4, 0xb4, 0xff, 0xb4, 0xb4, 0xb4, 0xff, 
    0xb4, 0xb4, 0xb4, 0xff, 0xb4, 0xb4, 0xb4, 0xff, 0xb4, 0xb4, 0xb4, 0xff, 0x26, 0x61, 0xc0, 0xff, 0x26, 0x61, 0xc0, 0xff, 0x26, 0x61, 0xc0, 0xff, 0x26, 0x61, 0xc0, 0xff, 0x26, 0x61, 0xc0, 0xff, 
    0x26, 0x61, 0xc0, 0xff, 0x26, 0x61, 0xc0, 0xff, 0x26, 0x61, 0xc0, 0xff, 0x26, 0x61, 0xc0, 0xff, 0x26, 0x61, 0xc0, 0xff, 0x26, 0x61, 0xc0, 0xff, 0x26, 0x61, 0xc0, 0xff, 0x26, 0x61, 0xc0, 0xff, 
    0x26, 0x61, 0xc0, 0xff, 0x26, 0x61, 0xc0, 0xff, 0x26, 0x61, 0xc0, 0xff, 0x26, 0x61, 0xc0, 0xff, 0x26, 0x61, 0xc0, 0xff, 0x26, 0x61, 0xc0, 0xff, 0x26, 0x61, 0xc0, 0xff, 0x26, 0x61, 0xc0, 0xff, 
    0x26, 0x61, 0xc0, 0xff, 0x26, 0x61, 0xc0, 0xff, 0x0a, 0x28, 0x64, 0xff, 0x0a, 0x28, 0x64, 0xff, 0x00, 0x00, 0x00, 0x00, 0x00, 0x00, 0x00, 0x00, 0x00, 0x00, 0x00, 0x00, 0x00, 0x00, 0x00, 0x00, 
    0x00, 0x00, 0x00, 0x00, 0x00, 0x00, 0x00, 0x00, 0x00, 0x00, 0x00, 0x00, 0x00, 0x00, 0x00, 0x00, 0x00, 0x00, 0x00, 0x00, 0x00, 0x00, 0x00, 0x00, 0x0a, 0x28, 0x64, 0xff, 0x0a, 0x28, 0x64, 0xff, 
    0x25, 0x5f, 0xbe, 0xff, 0x25, 0x5f, 0xbe, 0xff, 0x25, 0x5f, 0xbe, 0xff, 0x25, 0x5f, 0xbe, 0xff, 0x25, 0x5f, 0xbe, 0xff, 0x25, 0x5f, 0xbe, 0xff, 0x25, 0x5f, 0xbe, 0xff, 0x25, 0x5f, 0xbe, 0xff, 
    0x25, 0x5f, 0xbe, 0xff, 0x25, 0x5f, 0xbe, 0xff, 0x25, 0x5f, 0xbe, 0xff, 0x25, 0x5f, 0xbe, 0xff, 0x25, 0x5f, 0xbe, 0xff, 0x25, 0x5f, 0xbe, 0xff, 0x25, 0x5f, 0xbe, 0xff, 0x25, 0x5f, 0xbe, 0xff, 
    0x25, 0x5f, 0xbe, 0xff, 0x25, 0x5f, 0xbe, 0xff, 0x25, 0x5f, 0xbe, 0xff, 0x25, 0x5f, 0xbe, 0xff, 0x25, 0x5f, 0xbe, 0xff, 0x25, 0x5f, 0xbe, 0xff, 0x25, 0x5f, 0xbe, 0xff, 0x25, 0x5f, 0xbe, 0xff, 
    0x25, 0x5f, 0xbe, 0xff, 0x25, 0x5f, 0xbe, 0xff, 0x25, 0x5f, 0xbe, 0xff, 0x25, 0x5f, 0xbe, 0xff, 0x25, 0x5f, 0xbe, 0xff, 0x25, 0x5f, 0xbe, 0xff, 0x25, 0x5f, 0xbe, 0xff, 0x25, 0x5f, 0xbe, 0xff, 
    0x25, 0x5f, 0xbe, 0xff, 0x25, 0x5f, 0xbe, 0xff, 0x25, 0x5f, 0xbe, 0xff, 0x25, 0x5f, 0xbe, 0xff, 0x25, 0x5f, 0xbe, 0xff, 0x25, 0x5f, 0xbe, 0xff, 0x25, 0x5f, 0xbe, 0xff, 0x25, 0x5f, 0xbe, 0xff, 
    0x25, 0x5f, 0xbe, 0xff, 0x25, 0x5f, 0xbe, 0xff, 0x25, 0x5f, 0xbe, 0xff, 0x25, 0x5f, 0xbe, 0xff, 0x25, 0x5f, 0xbe, 0xff, 0x25, 0x5f, 0xbe, 0xff, 0x25, 0x5f, 0xbe, 0xff, 0x25, 0x5f, 0xbe, 0xff, 
    0x25, 0x5f, 0xbe, 0xff, 0x25, 0x5f, 0xbe, 0xff, 0x0a, 0x28, 0x64, 0xff, 0x0a, 0x28, 0x64, 0xff, 0x00, 0x00, 0x00, 0x00, 0x00, 0x00, 0x00, 0x00, 0x00, 0x00, 0x00, 0x00, 0x00, 0x00, 0x00, 0x00, 
    0x00, 0x00, 0x00, 0x00, 0x00, 0x00, 0x00, 0x00, 0x00, 0x00, 0x00, 0x00, 0x00, 0x00, 0x00, 0x00, 0x00, 0x00, 0x00, 0x00, 0x00, 0x00, 0x00, 0x00, 0x0a, 0x28, 0x64, 0xff, 0x0a, 0x28, 0x64, 0xff, 
    0x24, 0x5d, 0xbb, 0xff, 0x24, 0x5d, 0xbb, 0xff, 0x24, 0x5d, 0xbb, 0xff, 0x24, 0x5d, 0xbb, 0xff, 0x24, 0x5d, 0xbb, 0xff, 0x24, 0x5d, 0xbb, 0xff, 0x24, 0x5d, 0xbb, 0xff, 0x24, 0x5d, 0xbb, 0xff, 
    0x24, 0x5d, 0xbb, 0xff, 0x24, 0x5d, 0xbb, 0xff, 0x24, 0x5d, 0xbb, 0xff, 0x24, 0x5d, 0xbb, 0xff, 0x24, 0x5d, 0xbb, 0xff, 0x24, 0x5d, 0xbb, 0xff, 0x24, 0x5d, 0xbb, 0xff, 0x24, 0x5d, 0xbb, 0xff, 
    0x24, 0x5d, 0xbb, 0xff, 0x24, 0x5d, 0xbb, 0xff, 0x24, 0x5d, 0xbb, 0xff, 0x24, 0x5d, 0xbb, 0xff, 0x24, 0x5d, 0xbb, 0xff, 0x24, 0x5d, 0xbb, 0xff, 0x24, 0x5d, 0xbb, 0xff, 0x24, 0x5d, 0xbb, 0xff, 
    0x24, 0x5d, 0xbb, 0xff, 0x24, 0x5d, 0xbb, 0xff, 0x24, 0x5d, 0xbb, 0xff, 0x24, 0x5d, 0xbb, 0xff, 0x24, 0x5d, 0xbb, 0xff, 0x24, 0x5d, 0xbb, 0xff, 0x24, 0x5d, 0xbb, 0xff, 0x24, 0x5d, 0xbb, 0xff, 
    0x24, 0x5d, 0xbb, 0xff, 0x24, 0x5d, 0xbb, 0xff, 0x24, 0x5d, 0xbb, 0xff, 0x24, 0x5d, 0xbb, 0xff, 0x24, 0x5d, 0xbb, 0xff, 0x24, 0x5d, 0xbb, 0xff, 0x24, 0x5d, 0xbb, 0xff, 0x24, 0x5d, 0xbb, 0xff, 
    0x24, 0x5d, 0xbb, 0xff, 0x24, 0x5d, 0xbb, 0xff, 0x24, 0x5d, 0xbb, 0xff, 0x24, 0x5d, 0xbb, 0xff, 0x24, 0x5d, 0xbb, 0xff, 0x24, 0x5d, 0xbb, 0xff, 0x24, 0x5d, 0xbb, 0xff, 0x24, 0x5d, 0xbb, 0xff, 
    0x24, 0x5d, 0xbb, 0xff, 0x24, 0x5d, 0xbb, 0xff, 0x0a, 0x28, 0x64, 0xff, 0x0a, 0x28, 0x64, 0xff, 0x00, 0x00, 0x00, 0x00, 0x00, 0x00, 0x00, 0x00, 0x00, 0x00, 0x00, 0x00, 0x00, 0x00, 0x00, 0x00, 
    0x00, 0x00, 0x00, 0x00, 0x00, 0x00, 0x00, 0x00, 0x00, 0x00, 0x00, 0x00, 0x00, 0x00, 0x00, 0x00, 0x00, 0x00, 0x00, 0x00, 0x00, 0x00, 0x00, 0x00, 0x0a, 0x28, 0x64, 0xff, 0x0a, 0x28, 0x64, 0xff, 
    0x23, 0x5b, 0xb9, 0xff, 0x23, 0x5b, 0xb9, 0xff, 0x23, 0x5b, 0xb9, 0xff, 0x23, 0x5b, 0xb9, 0xff, 0x23, 0x5b, 0xb9, 0xff, 0x23, 0x5b, 0xb9, 0xff, 0x23, 0x5b, 0xb9, 0xff, 0x23, 0x5b, 0xb9, 0xff, 
    0x23, 0x5b, 0xb9, 0xff, 0x23, 0x5b, 0xb9, 0xff, 0x23, 0x5b, 0xb9, 0xff, 0x23, 0x5b, 0xb9, 0xff, 0x23, 0x5b, 0xb9, 0xff, 0x23, 0x5b, 0xb9, 0xff, 0x23, 0x5b, 0xb9, 0xff, 0x23, 0x5b, 0xb9, 0xff, 
    0x23, 0x5b, 0xb9, 0xff, 0x23, 0x5b, 0xb9, 0xff, 0x23, 0x5b, 0xb9, 0xff, 0x23, 0x5b, 0xb9, 0xff, 0x23, 0x5b, 0xb9, 0xff, 0x23, 0x5b, 0xb9, 0xff, 0x23, 0x5b, 0xb9, 0xff, 0x23, 0x5b, 0xb9, 0xff, 
    0x23, 0x5b, 0xb9, 0xff, 0x23, 0x5b, 0xb9, 0xff, 0x23, 0x5b, 0xb9, 0xff, 0x23, 0x5b, 0xb9, 0xff, 0x23, 0x5b, 0xb9, 0xff, 0x23, 0x5b, 0xb9, 0xff, 0x23, 0x5b, 0xb9, 0xff, 0x23, 0x5b, 0xb9, 0xff, 
    0x23, 0x5b, 0xb9, 0xff, 0x23, 0x5b, 0xb9, 0xff, 0x23, 0x5b, 0xb9, 0xff, 0x23, 0x5b, 0xb9, 0xff, 0x23, 0x5b, 0xb9, 0xff, 0x23, 0x5b, 0xb9, 0xff, 0x23, 0x5b, 0xb9, 0xff, 0x23, 0x5b, 0xb9, 0xff, 
    0x23, 0x5b, 0xb9, 0xff, 0x23, 0x5b, 0xb9, 0xff, 0x23, 0x5b, 0xb9, 0xff, 0x23, 0x5b, 0xb9, 0xff, 0x23, 0x5b, 0xb9, 0xff, 0x23, 0x5b, 0xb9, 0xff, 0x23, 0x5b, 0xb9, 0xff, 0x23, 0x5b, 0xb9, 0xff, 
    0x23, 0x5b, 0xb9, 0xff, 0x23, 0x5b, 0xb9, 0xff, 0x0a, 0x28, 0x64, 0xff, 0x0a, 0x28, 0x64, 0xff, 0x00, 0x00, 0x00, 0x00, 0x00, 0x00, 0x00, 0x00, 0x00, 0x00, 0x00, 0x00, 0x00, 0x00, 0x00, 0x00, 
    0x00, 0x00, 0x00, 0x00, 0x00, 0x00, 0x00, 0x00, 0x00, 0x00, 0x00, 0x00, 0x00, 0x00, 0x00, 0x00, 0x00, 0x00, 0x00, 0x00, 0x00, 0x00, 0x00, 0x00, 0x0a, 0x28, 0x64, 0xff, 0x0a, 0x28, 0x64, 0xff, 
    0x22, 0x59, 0xb7, 0xff, 0x22, 0x59, 0xb7, 0xff, 0x22, 0x59, 0xb7, 0xff, 0x22, 0x59, 0xb7, 0xff, 0x22, 0x59, 0xb7, 0xff, 0x22, 0x59, 0xb7, 0xff, 0x22, 0x59, 0xb7, 0xff, 0x22, 0x59, 0xb7, 0xff, 
    0x22, 0x59, 0xb7, 0xff, 0x22, 0x59, 0xb7, 0xff, 0x22, 0x59, 0xb7, 0xff, 0x22, 0x59, 0xb7, 0xff, 0x22, 0x59, 0xb7, 0xff, 0x22, 0x59, 0xb7, 0xff, 0x22, 0x59, 0xb7, 0xff, 0x22, 0x59, 0xb7, 0xff, 
    0x22, 0x59, 0xb7, 0xff, 0x22, 0x59, 0xb7, 0xff, 0x22, 0x59, 0xb7, 0xff, 0x22, 0x59, 0xb7, 0xff, 0x22, 0x59, 0xb7, 0xff, 0x22, 0x59, 0xb7, 0xff, 0x22, 0x59, 0xb7, 0xff, 0x22, 0x59, 0xb7, 0xff, 
    0x22, 0x59, 0xb7, 0xff, 0x22, 0x59, 0xb7, 0xff, 0x22, 0x59, 0xb7, 0xff, 0x22, 0x59, 0xb7, 0xff, 0x22, 0x59, 0xb7, 0xff, 0x22, 0x59, 0xb7, 0xff, 0x22, 0x59, 0xb7, 0xff, 0x22, 0x59, 0xb7, 0xff, 
    0x22, 0x59, 0xb7, 0xff, 0x22, 0x59, 0xb7, 0xff, 0x22, 0x59, 0xb7, 0xff, 0x22, 0x59, 0xb7, 0xff, 0x22, 0x59, 0xb7, 0xff, 0x22, 0x59, 0xb7, 0xff, 0x22, 0x59, 0xb7, 0xff, 0x22, 0x59, 0xb7, 0xff, 
    0x22, 0x59, 0xb7, 0xff, 0x22, 0x59, 0xb7, 0xff, 0x22, 0x59, 0xb7, 0xff, 0x22, 0x59, 0xb7, 0xff, 0x22, 0x59, 0xb7, 0xff, 0x22, 0x59, 0xb7, 0xff, 0x22, 0x59, 0xb7, 0xff, 0x22, 0x59, 0xb7, 0xff, 
    0x22, 0x59, 0xb7, 0xff, 0x22, 0x59, 0xb7, 0xff, 0x0a, 0x28, 0x64, 0xff, 0x0a, 0x28, 0x64, 0xff, 0x00, 0x00, 0x00, 0x00, 0x00, 0x00, 0x00, 0x00, 0x00, 0x00, 0x00, 0x00, 0x00, 0x00, 0x00, 0x00, 
    0x00, 0x00, 0x00, 0x00, 0x00, 0x00, 0x00, 0x00, 0x00, 0x00, 0x00, 0x00, 0x00, 0x00, 0x00, 0x00, 0x00, 0x00, 0x00, 0x00, 0x00, 0x00, 0x00, 0x00, 0x0a, 0x28, 0x64, 0xff, 0x0a, 0x28, 0x64, 0xff, 
    0x21, 0x57, 0xb4, 0xff, 0x21, 0x57, 0xb4, 0xff, 0x21, 0x57, 0xb4, 0xff, 0x21, 0x57, 0xb4, 0xff, 0x21, 0x57, 0xb4, 0xff, 0x21, 0x57, 0xb4, 0xff, 0x21, 0x57, 0xb4, 0xff, 0x21, 0x57, 0xb4, 0xff, 
    0x21, 0x57, 0xb4, 0xff, 0x21, 0x57, 0xb4, 0xff, 0x21, 0x57, 0xb4, 0xff, 0x21, 0x57, 0xb4, 0xff, 0x21, 0x57, 0xb4, 0xff, 0x21, 0x57, 0xb4, 0xff, 0x21, 0x57, 0xb4, 0xff, 0x21, 0x57, 0xb4, 0xff, 
    0x21, 0x57, 0xb4, 0xff, 0x21, 0x57, 0xb4, 0xff, 0x21, 0x57, 0xb4, 0xff, 0x21, 0x57, 0xb4, 0xff, 0x21, 0x57, 0xb4, 0xff, 0x21, 0x57, 0xb4, 0xff, 0x21, 0x57, 0xb4, 0xff, 0x21, 0x57, 0xb4, 0xff, 
    0x21, 0x57, 0xb4, 0xff, 0x21, 0x57, 0xb4, 0xff, 0x21, 0x57, 0xb4, 0xff, 0x21, 0x57, 0xb4, 0xff, 0x21, 0x57, 0xb4, 0xff, 0x21, 0x57, 0xb4, 0xff, 0x21, 0x57, 0xb4, 0xff, 0x21, 0x57, 0xb4, 0xff, 
    0x21, 0x57, 0xb4, 0xff, 0x21, 0x57, 0xb4, 0xff, 0x21, 0x57, 0xb4, 0xff, 0x21, 0x57, 0xb4, 0xff, 0x21, 0x57, 0xb4, 0xff, 0x21, 0x57, 0xb4, 0xff, 0x21, 0x57, 0xb4, 0xff, 0x21, 0x57, 0xb4, 0xff, 
    0x21, 0x57, 0xb4, 0xff, 0x21, 0x57, 0xb4, 0xff, 0x21, 0x57, 0xb4, 0xff, 0x21, 0x57, 0xb4, 0xff, 0x21, 0x57, 0xb4, 0xff, 0x21, 0x57, 0xb4, 0xff, 0x21, 0x57, 0xb4, 0xff, 0x21, 0x57, 0xb4, 0xff, 
    0x21, 0x57, 0xb4, 0xff, 0x21, 0x57, 0xb4, 0xff, 0x0a, 0x28, 0x64, 0xff, 0x0a, 0x28, 0x64, 0xff, 0x00, 0x00, 0x00, 0x00, 0x00, 0x00, 0x00, 0x00, 0x00, 0x00, 0x00, 0x00, 0x00, 0x00, 0x00, 0x00, 
    0x00, 0x00, 0x00, 0x00, 0x00, 0x00, 0x00, 0x00, 0x00, 0x00, 0x00, 0x00, 0x00, 0x00, 0x00, 0x00, 0x00, 0x00, 0x00, 0x00, 0x00, 0x00, 0x00, 0x00, 0x0a, 0x28, 0x64, 0xff, 0x0a, 0x28, 0x64, 0xff, 
    0x20, 0x55, 0xb2, 0xff, 0x20, 0x55, 0xb2, 0xff, 0x20, 0x55, 0xb2, 0xff, 0x20, 0x55, 0xb2, 0xff, 0x20, 0x55, 0xb2, 0xff, 0x20, 0x55, 0xb2, 0xff, 0x20, 0x55, 0xb2, 0xff, 0x20, 0x55, 0xb2, 0xff, 
    0x20, 0x55, 0xb2, 0xff, 0x20, 0x55, 0xb2, 0xff, 0x20, 0x55, 0xb2, 0xff, 0x20, 0x55, 0xb2, 0xff, 0x20, 0x55, 0xb2, 0xff, 0x20, 0x55, 0xb2, 0xff, 0x20, 0x55, 0xb2, 0xff, 0x20, 0x55, 0xb2, 0xff, 
    0x20, 0x55, 0xb2, 0xff, 0x20, 0x55, 0xb2, 0xff, 0x20, 0x55, 0xb2, 0xff, 0x20, 0x55, 0xb2, 0xff, 0x20, 0x55, 0xb2, 0xff, 0x20, 0x55, 0xb2, 0xff, 0x20, 0x55, 0xb2, 0xff, 0x20, 0x55, 0xb2, 0xff, 
    0x20, 0x55, 0xb2, 0xff, 0x20, 0x55, 0xb2, 0xff, 0x20, 0x55, 0xb2, 0xff, 0x20, 0x55, 0xb2, 0xff, 0x20, 0x55, 0xb2, 0xff, 0x20, 0x55, 0xb2, 0xff, 0x20, 0x55, 0xb2, 0xff, 0x20, 0x55, 0xb2, 0xff, 
    0x20, 0x55, 0xb2, 0xff, 0x20, 0x55, 0xb2, 0xff, 0x20, 0x55, 0xb2, 0xff, 0x20, 0x55, 0xb2, 0xff, 0x20, 0x55, 0xb2, 0xff, 0x20, 0x55, 0xb2, 0xff, 0x20, 0x55, 0xb2, 0xff, 0x20, 0x55, 0xb2, 0xff, 
    0x20, 0x55, 0xb2, 0xff, 0x20, 0x55, 0xb2, 0xff, 0x20, 0x55, 0xb2, 0xff, 0x20, 0x55, 0xb2, 0xff, 0x20, 0x55, 0xb2, 0xff, 0x20, 0x55, 0xb2, 0xff, 0x20, 0x55, 0xb2, 0xff, 0x20, 0x55, 0xb2, 0xff, 
    0x20, 0x55, 0xb2, 0xff, 0x20, 0x55, 0xb2, 0xff, 0x0a, 0x28, 0x64, 0xff, 0x0a, 0x28, 0x64, 0xff, 0x00, 0x00, 0x00, 0x00, 0x00, 0x00, 0x00, 0x00, 0x00, 0x00, 0x00, 0x00, 0x00, 0x00, 0x00, 0x00, 
    0x00, 0x00, 0x00, 0x00, 0x00, 0x00, 0x00, 0x00, 0x00, 0x00, 0x00, 0x00, 0x00, 0x00, 0x00, 0x00, 0x00, 0x00, 0x00, 0x00, 0x00, 0x00, 0x00, 0x00, 0x0a, 0x28, 0x64, 0xff, 0x0a, 0x28, 0x64, 0xff, 
    0x1f, 0x53, 0xb0, 0xff, 0x1f, 0x53, 0xb0, 0xff, 0x1f, 0x53, 0xb0, 0xff, 0x1f, 0x53, 0xb0, 0xff, 0x1f, 0x53, 0xb0, 0xff, 0x1f, 0x53, 0xb0, 0xff, 0x1f, 0x53, 0xb0, 0xff, 0x1f, 0x53, 0xb0, 0xff, 
    0x1f, 0x53, 0xb0, 0xff, 0x1f, 0x53, 0xb0, 0xff, 0x1f, 0x53, 0xb0, 0xff, 0x1f, 0x53, 0xb0, 0xff, 0x1f, 0x53, 0xb0, 0xff, 0x1f, 0x53, 0xb0, 0xff, 0x1f, 0x53, 0xb0, 0xff, 0x1f, 0x53, 0xb0, 0xff, 
    0x1f, 0x53, 0xb0, 0xff, 0x1f, 0x53, 0xb0, 0xff, 0x1f, 0x53, 0xb0, 0xff, 0x1f, 0x53, 0xb0, 0xff, 0x1f, 0x53, 0xb0, 0xff, 0x1f, 0x53, 0xb0, 0xff, 0x1f, 0x53, 0xb0, 0xff, 0x1f, 0x53, 0xb0, 0xff, 
    0x1f, 0x53, 0xb0, 0xff, 0x1f, 0x53, 0xb0, 0xff, 0x1f, 0x53, 0xb0, 0xff, 0x1f, 0x53, 0xb0, 0xff, 0x1f, 0x53, 0xb0, 0xff, 0x1f, 0x53, 0xb0, 0xff, 0x1f, 0x53, 0xb0, 0xff, 0x1f, 0x53, 0xb0, 0xff, 
    0x1f, 0x53, 0xb0, 0xff, 0x1f, 0x53, 0xb0, 0xff, 0x1f, 0x53, 0xb0, 0xff, 0x1f, 0x53, 0xb0, 0xff, 0x1f, 0x53, 0xb0, 0xff, 0x1f, 0x53, 0xb0, 0xff, 0x1f, 0x53, 0xb0, 0xff, 0x1f, 0x53, 0xb0, 0xff, 
    0x1f, 0x53, 0xb0, 0xff, 0x1f, 0x53, 0xb0, 0xff, 0x1f, 0x53, 0xb0, 0xff, 0x1f, 0x53, 0xb0, 0xff, 0x1f, 0x53, 0xb0, 0xff, 0x1f, 0x53, 0xb0, 0xff, 0x1f, 0x53, 0xb0, 0xff, 0x1f, 0x53, 0xb0, 0xff, 
    0x1f, 0x53, 0xb0, 0xff, 0x1f, 0x53, 0xb0, 0xff, 0x0a, 0x28, 0x64, 0xff, 0x0a, 0x28, 0x64, 0xff, 0x00, 0x00, 0x00, 0x00, 0x00, 0x00, 0x00, 0x00, 0x00, 0x00, 0x00, 0x00, 0x00, 0x00, 0x00, 0x00, 
    0x00, 0x00, 0x00, 0x00, 0x00, 0x00, 0x00, 0x00, 0x00, 0x00, 0x00, 0x00, 0x00, 0x00, 0x00, 0x00, 0x00, 0x00, 0x00, 0x00, 0x00, 0x00, 0x00, 0x00, 0x0a, 0x28, 0x64, 0xff, 0x0a, 0x28, 0x64, 0xff, 
    0x1e, 0x51, 0xad, 0xff, 0x1e, 0x51, 0xad, 0xff, 0x1e, 0x51, 0xad, 0xff, 0x1e, 0x51, 0xad, 0xff, 0x1e, 0x51, 0xad, 0xff, 0x1e, 0x51, 0xad, 0xff, 0x1e, 0x51, 0xad, 0xff, 0x1e, 0x51, 0xad, 0xff, 
    0x1e, 0x51, 0xad, 0xff, 0x1e, 0x51, 0xad, 0xff, 0x1e, 0x51, 0xad, 0xff, 0x1e, 0x51, 0xad, 0xff, 0x1e, 0x51, 0xad, 0xff, 0x1e, 0x51, 0xad, 0xff, 0x1e, 0x51, 0xad, 0xff, 0x1e, 0x51, 0xad, 0xff, 
    0x1e, 0x51, 0xad, 0xff, 0x1e, 0x51, 0xad, 0xff, 0x1e, 0x51, 0xad, 0xff, 0x1e, 0x51, 0xad, 0xff, 0x1e, 0x51, 0xad, 0xff, 0x1e, 0x51, 0xad, 0xff, 0x1e, 0x51, 0xad, 0xff, 0x1e, 0x51, 0xad, 0xff, 
    0x1e, 0x51, 0xad, 0xff, 0x1e, 0x51, 0xad, 0xff, 0x1e, 0x51, 0xad, 0xff, 0x1e, 0x51, 0xad, 0xff, 0x1e, 0x51, 0xad, 0xff, 0x1e, 0x51, 0xad, 0xff, 0x1e, 0x51, 0xad, 0xff, 0x1e, 0x51, 0xad, 0xff, 
    0x1e, 0x51, 0xad, 0xff, 0x1e, 0x51, 0xad, 0xff, 0x1e, 0x51, 0xad, 0xff, 0x1e, 0x51, 0xad, 0xff, 0x1e, 0x51, 0xad, 0xff, 0x1e, 0x51, 0xad, 0xff, 0x1e, 0x51, 0xad, 0xff, 0x1e, 0x51, 0xad, 0xff, 
    0x1e, 0x51, 0xad, 0xff, 0x1e, 0x51, 0xad, 0xff, 0x1e, 0x51, 0xad, 0xff, 0x1e, 0x51, 0xad, 0xff, 0x1e, 0x51, 0xad, 0xff, 0x1e, 0x51, 0xad, 0xff, 0x1e, 0x51, 0xad, 0xff, 0x1e, 0x51, 0xad, 0xff, 
    0x1e, 0x51, 0xad, 0xff, 0x1e, 0x51, 0xad, 0xff, 0x0a, 0x28, 0x64, 0xff, 0x0a, 0x28, 0x64, 0xff, 0x00, 0x00, 0x00, 0x00, 0x00, 0x00, 0x00, 0x00, 0x00, 0x00, 0x00, 0x00, 0x00, 0x00, 0x00, 0x00, 
    0x00, 0x00, 0x00, 0x00, 0x00, 0x00, 0x00, 0x00, 0x00, 0x00, 0x00, 0x00, 0x00, 0x00, 0x00, 0x00, 0x00, 0x00, 0x00, 0x00, 0x00, 0x00, 0x00, 0x00, 0x0a, 0x28, 0x64, 0xff, 0x0a, 0x28, 0x64, 0xff, 
    0x1d, 0x4e, 0xab, 0xff, 0x1d, 0x4e, 0xab, 0xff, 0x1d, 0x4e, 0xab, 0xff, 0x1d, 0x4e, 0xab, 0xff, 0x1d, 0x4e, 0xab, 0xff, 0x1d, 0x4e, 0xab, 0xff, 0x1d, 0x4e, 0xab, 0xff, 0x1d, 0x4e, 0xab, 0xff, 
    0x1d, 0x4e, 0xab, 0xff, 0x1d, 0x4e, 0xab, 0xff, 0x1d, 0x4e, 0xab, 0xff, 0x1d, 0x4e, 0xab, 0xff, 0x1d, 0x4e, 0xab, 0xff, 0x1d, 0x4e, 0xab, 0xff, 0x1d, 0x4e, 0xab, 0xff, 0x1d, 0x4e, 0xab, 0xff, 
    0x1d, 0x4e, 0xab, 0xff, 0x1d, 0x4e, 0xab, 0xff, 0x1d, 0x4e, 0xab, 0xff, 0x1d, 0x4e, 0xab, 0xff, 0x1d, 0x4e, 0xab, 0xff, 0x1d, 0x4e, 0xab, 0xff, 0x1d, 0x4e, 0xab, 0xff, 0x1d, 0x4e, 0xab, 0xff, 
    0x1d, 0x4e, 0xab, 0xff, 0x1d, 0x4e, 0xab, 0xff, 0x1d, 0x4e, 0xab, 0xff, 0x1d, 0x4e, 0xab, 0xff, 0x1d, 0x4e, 0xab, 0xff, 0x1d, 0x4e, 0xab, 0xff, 0x1d, 0x4e, 0xab, 0xff, 0x1d, 0x4e, 0xab, 0xff, 
    0x1d, 0x4e, 0xab, 0xff, 0x1d, 0x4e, 0xab, 0xff, 0x1d, 0x4e, 0xab, 0xff, 0x1d, 0x4e, 0xab, 0xff, 0x1d, 0x4e, 0xab, 0xff, 0x1d, 0x4e, 0xab, 0xff, 0x1d, 0x4e, 0xab, 0xff, 0x1d, 0x4e, 0xab, 0xff, 
    0x1d, 0x4e, 0xab, 0xff, 0x1d, 0x4e, 0xab, 0xff, 0x1d, 0x4e, 0xab, 0xff, 0x1d, 0x4e, 0xab, 0xff, 0x1d, 0x4e, 0xab, 0xff, 0x1d, 0x4e, 0xab, 0xff, 0x1d, 0x4e, 0xab, 0xff, 0x1d, 0x4e, 0xab, 0xff, 
    0x1d, 0x4e, 0xab, 0xff, 0x1d, 0x4e, 0xab, 0xff, 0x0a, 0x28, 0x64, 0xff, 0x0a, 0x28, 0x64, 0xff, 0x00, 0x00, 0x00, 0x00, 0x00, 0x00, 0x00, 0x00, 0x00, 0x00, 0x00, 0x00, 0x00, 0x00, 0x00, 0x00, 
    0x00, 0x00, 0x00, 0x00, 0x00, 0x00, 0x00, 0x00, 0x00, 0x00, 0x00, 0x00, 0x00, 0x00, 0x00, 0x00, 0x00, 0x00, 0x00, 0x00, 0x00, 0x00, 0x00, 0x00, 0x0a, 0x28, 0x64, 0xff, 0x0a, 0x28, 0x64, 0xff, 
    0x1c, 0x4c, 0xa8, 0xff, 0x1c, 0x4c, 0xa8, 0xff, 0x1c, 0x4c, 0xa8, 0xff, 0x1c, 0x4c, 0xa8, 0xff, 0x1c, 0x4c, 0xa8, 0xff, 0x1c, 0x4c, 0xa8, 0xff, 0x1c, 0x4c, 0xa8, 0xff, 0x1c, 0x4c, 0xa8, 0xff, 
    0x1c, 0x4c, 0xa8, 0xff, 0x1c, 0x4c, 0xa8, 0xff, 0x1c, 0x4c, 0xa8, 0xff, 0x1c, 0x4c, 0xa8, 0xff, 0x1c, 0x4c, 0xa8, 0xff, 0x1c, 0x4c, 0xa8, 0xff, 0x1c, 0x4c, 0xa8, 0xff, 0x1c, 0x4c, 0xa8, 0xff, 
    0x1c, 0x4c, 0xa8, 0xff, 0x1c, 0x4c, 0xa8, 0xff, 0x1c, 0x4c, 0xa8, 0xff, 0x1c, 0x4c, 0xa8, 0xff, 0x1c, 0x4c, 0xa8, 0xff, 0x1c, 0x4c, 0xa8, 0xff, 0x1c, 0x4c, 0xa8, 0xff, 0x1c, 0x4c, 0xa8, 0xff, 
    0x1c, 0x4c, 0xa8, 0xff, 0x1c, 0x4c, 0xa8, 0xff, 0x1c, 0x4c, 0xa8, 0xff, 0x1c, 0x4c, 0xa8, 0xff, 0x1c, 0x4c, 0xa8, 0xff, 0x1c, 0x4c, 0xa8, 0xff, 0x1c, 0x4c, 0xa8, 0xff, 0x1c, 0x4c, 0xa8, 0xff, 
    0x1c, 0x4c, 0xa8, 0xff, 0x1c, 0x4c, 0xa8, 0xff, 0x1c, 0x4c, 0xa8, 0xff, 0x1c, 0x4c, 0xa8, 0xff, 0x1c, 0x4c, 0xa8, 0xff, 0x1c, 0x4c, 0xa8, 0xff, 0x1c, 0x4c, 0xa8, 0xff, 0x1c, 0x4c, 0xa8, 0xff, 
    0x1c, 0x4c, 0xa8, 0xff, 0x1c, 0x4c, 0xa8, 0xff, 0x1c, 0x4c, 0xa8, 0xff, 0x1c, 0x4c, 0xa8, 0xff, 0x1c, 0x4c, 0xa8, 0xff, 0x1c, 0x4c, 0xa8, 0xff, 0x1c, 0x4c, 0xa8, 0xff, 0x1c, 0x4c, 0xa8, 0xff, 
    0x1c, 0x4c, 0xa8, 0xff, 0x00, 0x00, 0x00, 0x00, 0x0a, 0x28, 0x64, 0xff, 0x0a, 0x28, 0x64, 0xff, 0x00, 0x00, 0x00, 0x00, 0x00, 0x00, 0x00, 0x00, 0x00, 0x00, 0x00, 0x00, 0x00, 0x00, 0x00, 0x00, 
    0x00, 0x00, 0x00, 0x00, 0x00, 0x00, 0x00, 0x00, 0x00, 0x00, 0x00, 0x00, 0x00, 0x00, 0x00, 0x00, 0x00, 0x00, 0x00, 0x00, 0x00, 0x00, 0x00, 0x00, 0x0a, 0x28, 0x64, 0xff, 0x0a, 0x28, 0x64, 0xff, 
    0x1b, 0x4a, 0xa6, 0xff, 0x1b, 0x4a, 0xa6, 0xff, 0x1b, 0x4a, 0xa6, 0xff, 0x1b, 0x4a, 0xa6, 0xff, 0x1b, 0x4a, 0xa6, 0xff, 0x1b, 0x4a, 0xa6, 0xff, 0x1b, 0x4a, 0xa6, 0xff, 0x1b, 0x4a, 0xa6, 0xff, 
    0x1b, 0x4a, 0xa6, 0xff, 0x1b, 0x4a, 0xa6, 0xff, 0x1b, 0x4a, 0xa6, 0xff, 0x1b, 0x4a, 0xa6, 0xff, 0x1b, 0x4a, 0xa6, 0xff, 0x1b, 0x4a, 0xa6, 0xff, 0x1b, 0x4a, 0xa6, 0xff, 0x1b, 0x4a, 0xa6, 0xff, 
    0x1b, 0x4a, 0xa6, 0xff, 0x1b, 0x4a, 0xa6, 0xff, 0x1b, 0x4a, 0xa6, 0xff, 0x1b, 0x4a, 0xa6, 0xff, 0x1b, 0x4a, 0xa6, 0xff, 0x1b, 0x4a, 0xa6, 0xff, 0x1b, 0x4a, 0xa6, 0xff, 0x1b, 0x4a, 0xa6, 0xff, 
    0x1b, 0x4a, 0xa6, 0xff, 0x1b, 0x4a, 0xa6, 0xff, 0x1b, 0x4a, 0xa6, 0xff, 0x1b, 0x4a, 0xa6, 0xff, 0x1b, 0x4a, 0xa6, 0xff, 0x1b, 0x4a, 0xa6, 0xff, 0x1b, 0x4a, 0xa6, 0xff, 0x1b, 0x4a, 0xa6, 0xff, 
    0x1b, 0x4a, 0xa6, 0xff, 0x1b, 0x4a, 0xa6, 0xff, 0x1b, 0x4a, 0xa6, 0xff, 0x1b, 0x4a, 0xa6, 0xff, 0x1b, 0x4a, 0xa6, 0xff, 0x1b, 0x4a, 0xa6, 0xff, 0x1b, 0x4a, 0xa6, 0xff, 0x1b, 0x4a, 0xa6, 0xff, 
    0x1b, 0x4a, 0xa6, 0xff, 0x1b, 0x4a, 0xa6, 0xff, 0x1b, 0x4a, 0xa6, 0xff, 0x1b, 0x4a, 0xa6, 0xff, 0x1b, 0x4a, 0xa6, 0xff, 0x1b, 0x4a, 0xa6, 0xff, 0x1b, 0x4a, 0xa6, 0xff, 0x1b, 0x4a, 0xa6, 0xff, 
    0x1b, 0x4a, 0xa6, 0xff, 0x00, 0x00, 0x00, 0x00, 0x0a, 0x28, 0x64, 0xff, 0x0a, 0x28, 0x64, 0xff, 0x00, 0x00, 0x00, 0x00, 0x00, 0x00, 0x00, 0x00, 0x00, 0x00, 0x00, 0x00, 0x00, 0x00, 0x00, 0x00, 
    0x00, 0x00, 0x00, 0x00, 0x00, 0x00, 0x00, 0x00, 0x00, 0x00, 0x00, 0x00, 0x00, 0x00, 0x00, 0x00, 0x00, 0x00, 0x00, 0x00, 0x00, 0x00, 0x00, 0x00, 0x0a, 0x28, 0x64, 0xff, 0x0a, 0x28, 0x64, 0xff, 
    0x1a, 0x48, 0xa4, 0xff, 0x1a, 0x48, 0xa4, 0xff, 0x1a, 0x48, 0xa4, 0xff, 0x1a, 0x48, 0xa4, 0xff, 0x1a, 0x48, 0xa4, 0xff, 0x1a, 0x48, 0xa4, 0xff, 0x1a, 0x48, 0xa4, 0xff, 0x1a, 0x48, 0xa4, 0xff, 
    0x1a, 0x48, 0xa4, 0xff, 0x1a, 0x48, 0xa4, 0xff, 0x1a, 0x48, 0xa4, 0xff, 0x1a, 0x48, 0xa4, 0xff, 0x1a, 0x48, 0xa4, 0xff, 0x1a, 0x48, 0xa4, 0xff, 0x1a, 0x48, 0xa4, 0xff, 0x1a, 0x48, 0xa4, 0xff, 
    0x1a, 0x48, 0xa4, 0xff, 0x1a, 0x48, 0xa4, 0xff, 0x1a, 0x48, 0xa4, 0xff, 0x1a, 0x48, 0xa4, 0xff, 0x1a, 0x48, 0xa4, 0xff, 0x1a, 0x48, 0xa4, 0xff, 0x1a, 0x48, 0xa4, 0xff, 0x1a, 0x48, 0xa4, 0xff, 
    0x1a, 0x48, 0xa4, 0xff, 0x1a, 0x48, 0xa4, 0xff, 0x1a, 0x48, 0xa4, 0xff, 0x1a, 0x48, 0xa4, 0xff, 0x1a, 0x48, 0xa4, 0xff, 0x1a, 0x48, 0xa4, 0xff, 0x1a, 0x48, 0xa4, 0xff, 0x1a, 0x48, 0xa4, 0xff, 
    0x1a, 0x48, 0xa4, 0xff, 0x1a, 0x48, 0xa4, 0xff, 0x1a, 0x48, 0xa4, 0xff, 0x1a, 0x48, 0xa4, 0xff, 0x1a, 0x48, 0xa4, 0xff, 0x1a, 0x48, 0xa4, 0xff, 0x1a, 0x48, 0xa4, 0xff, 0x1a, 0x48, 0xa4, 0xff, 
    0x1a, 0x48, 0xa4, 0xff, 0x1a, 0x48, 0xa4, 0xff, 0x1a, 0x48, 0xa4, 0xff, 0x1a, 0x48, 0xa4, 0xff, 0x1a, 0x48, 0xa4, 0xff, 0x1a, 0x48, 0xa4, 0xff, 0x1a, 0x48, 0xa4, 0xff, 0x1a, 0x48, 0xa4, 0xff, 
    0x1a, 0x48, 0xa4, 0xff, 0x00, 0x00, 0x00, 0x00, 0x0a, 0x28, 0x64, 0xff, 0x0a, 0x28, 0x64, 0xff, 0x00, 0x00, 0x00, 0x00, 0x00, 0x00, 0x00, 0x00, 0x00, 0x00, 0x00, 0x00, 0x00, 0x00, 0x00, 0x00, 
    0x00, 0x00, 0x00, 0x00, 0x00, 0x00, 0x00, 0x00, 0x00, 0x00, 0x00, 0x00, 0x00, 0x00, 0x00, 0x00, 0x00, 0x00, 0x00, 0x00, 0x00, 0x00, 0x00, 0x00, 0x0a, 0x28, 0x64, 0xff, 0x0a, 0x28, 0x64, 0xff, 
    0x19, 0x46, 0xa1, 0xff, 0x19, 0x46, 0xa1, 0xff, 0x19, 0x46, 0xa1, 0xff, 0x19, 0x46, 0xa1, 0xff, 0x19, 0x46, 0xa1, 0xff, 0x19, 0x46, 0xa1, 0xff, 0x19, 0x46, 0xa1, 0xff, 0x19, 0x46, 0xa1, 0xff, 
    0x19, 0x46, 0xa1, 0xff, 0x19, 0x46, 0xa1, 0xff, 0x19, 0x46, 0xa1, 0xff, 0x19, 0x46, 0xa1, 0xff, 0x19, 0x46, 0xa1, 0xff, 0x19, 0x46, 0xa1, 0xff, 0x19, 0x46, 0xa1, 0xff, 0x19, 0x46, 0xa1, 0xff, 
    0x19, 0x46, 0xa1, 0xff, 0x19, 0x46, 0xa1, 0xff, 0x19, 0x46, 0xa1, 0xff, 0x19, 0x46, 0xa1, 0xff, 0x19, 0x46, 0xa1, 0xff, 0x19, 0x46, 0xa1, 0xff, 0x19, 0x46, 0xa1, 0xff, 0x19, 0x46, 0xa1, 0xff, 
    0x19, 0x46, 0xa1, 0xff, 0x19, 0x46, 0xa1, 0xff, 0x19, 0x46, 0xa1, 0xff, 0x19, 0x46, 0xa1, 0xff, 0x19, 0x46, 0xa1, 0xff, 0x19, 0x46, 0xa1, 0xff, 0x19, 0x46, 0xa1, 0xff, 0x19, 0x46, 0xa1, 0xff, 
    0x19, 0x46, 0xa1, 0xff, 0x19, 0x46, 0xa1, 0xff, 0x19, 0x46, 0xa1, 0xff, 0x19, 0x46, 0xa1, 0xff, 0x19, 0x46, 0xa1, 0xff, 0x19, 0x46, 0xa1, 0xff, 0x19, 0x46, 0xa1, 0xff, 0x19, 0x46, 0xa1, 0xff, 
    0x19, 0x46, 0xa1, 0xff, 0x19, 0x46, 0xa1, 0xff, 0x19, 0x46, 0xa1, 0xff, 0x19, 0x46, 0xa1, 0xff, 0x19, 0x46, 0xa1, 0xff, 0x19, 0x46, 0xa1, 0xff, 0x19, 0x46, 0xa1, 0xff, 0x19, 0x46, 0xa1, 0xff, 
    0x19, 0x46, 0xa1, 0xff, 0x00, 0x00, 0x00, 0x00, 0x0a, 0x28, 0x64, 0xff, 0x0a, 0x28, 0x64, 0xff, 0x00, 0x00, 0x00, 0x00, 0x00, 0x00, 0x00, 0x00, 0x00, 0x00, 0x00, 0x00, 0x00, 0x00, 0x00, 0x00, 
    0x00, 0x00, 0x00, 0x00, 0x00, 0x00, 0x00, 0x00, 0x00, 0x00, 0x00, 0x00, 0x00, 0x00, 0x00, 0x00, 0x00, 0x00, 0x00, 0x00, 0x00, 0x00, 0x00, 0x00, 0x0a, 0x28, 0x64, 0xff, 0x0a, 0x28, 0x64, 0xff, 
    0x18, 0x44, 0x9f, 0xff, 0x18, 0x44, 0x9f, 0xff, 0x18, 0x44, 0x9f, 0xff, 0x18, 0x44, 0x9f, 0xff, 0x18, 0x44, 0x9f, 0xff, 0x18, 0x44, 0x9f, 0xff, 0x18, 0x44, 0x9f, 0xff, 0x18, 0x44, 0x9f, 0xff, 
    0x18, 0x44, 0x9f, 0xff, 0x18, 0x44, 0x9f, 0xff, 0x18, 0x44, 0x9f, 0xff, 0x18, 0x44, 0x9f, 0xff, 0x18, 0x44, 0x9f, 0xff, 0x18, 0x44, 0x9f, 0xff, 0x18, 0x44, 0x9f, 0xff, 0x18, 0x44, 0x9f, 0xff, 
    0x18, 0x44, 0x9f, 0xff, 0x18, 0x44, 0x9f, 0xff, 0x18, 0x44, 0x9f, 0xff, 0x18, 0x44, 0x9f, 0xff, 0x18, 0x44, 0x9f, 0xff, 0x18, 0x44, 0x9f, 0xff, 0x18, 0x44, 0x9f, 0xff, 0x18, 0x44, 0x9f, 0xff, 
    0x18, 0x44, 0x9f, 0xff, 0x18, 0x44, 0x9f, 0xff, 0x18, 0x44, 0x9f, 0xff, 0x18, 0x44, 0x9f, 0xff, 0x18, 0x44, 0x9f, 0xff, 0x18, 0x44, 0x9f, 0xff, 0x18, 0x44, 0x9f, 0xff, 0x18, 0x44, 0x9f, 0xff, 
    0x18, 0x44, 0x9f, 0xff, 0x18, 0x44, 0x9f, 0xff, 0x18, 0x44, 0x9f, 0xff, 0x18, 0x44, 0x9f, 0xff, 0x18, 0x44, 0x9f, 0xff, 0x18, 0x44, 0x9f, 0xff, 0x18, 0x44, 0x9f, 0xff, 0x18, 0x44, 0x9f, 0xff, 
    0x18, 0x44, 0x9f, 0xff, 0x18, 0x44, 0x9f, 0xff, 0x18, 0x44, 0x9f, 0xff, 0x18, 0x44, 0x9f, 0xff, 0x18, 0x44, 0x9f, 0xff, 0x18, 0x44, 0x9f, 0xff, 0x18, 0x44, 0x9f, 0xff, 0x18, 0x44, 0x9f, 0xff, 
    0x18, 0x44, 0x9f, 0xff, 0x00, 0x00, 0x00, 0x00, 0x0a, 0x28, 0x64, 0xff, 0x0a, 0x28, 0x64, 0xff, 0x00, 0x00, 0x00, 0x00, 0x00, 0x00, 0x00, 0x00, 0x00, 0x00, 0x00, 0x00, 0x00, 0x00, 0x00, 0x00, 
    0x00, 0x00, 0x00, 0x00, 0x00, 0x00, 0x00, 0x00, 0x00, 0x00, 0x00, 0x00, 0x00, 0x00, 0x00, 0x00, 0x00, 0x00, 0x00, 0x00, 0x00, 0x00, 0x00, 0x00, 0x0a, 0x28, 0x64, 0xff, 0x0a, 0x28, 0x64, 0xff, 
    0x17, 0x42, 0x9d, 0xff, 0x17, 0x42, 0x9d, 0xff, 0x17, 0x42, 0x9d, 0xff, 0x17, 0x42, 0x9d, 0xff, 0x17, 0x42, 0x9d, 0xff, 0x17, 0x42, 0x9d, 0xff, 0x17, 0x42, 0x9d, 0xff, 0x17, 0x42, 0x9d, 0xff, 
    0x17, 0x42, 0x9d, 0xff, 0x17, 0x42, 0x9d, 0xff, 0x17, 0x42, 0x9d, 0xff, 0x17, 0x42, 0x9d, 0xff, 0x17, 0x42, 0x9d, 0xff, 0x17, 0x42, 0x9d, 0xff, 0x17, 0x42, 0x9d, 0xff, 0x17, 0x42, 0x9d, 0xff, 
    0x17, 0x42, 0x9d, 0xff, 0x17, 0x42, 0x9d, 0xff, 0x17, 0x42, 0x9d, 0xff, 0x17, 0x42, 0x9d, 0xff, 0x17, 0x42, 0x9d, 0xff, 0x17, 0x42, 0x9d, 0xff, 0x17, 0x42, 0x9d, 0xff, 0x17, 0x42, 0x9d, 0xff, 
    0x17, 0x42, 0x9d, 0xff, 0x17, 0x42, 0x9d, 0xff, 0x17, 0x42, 0x9d, 0xff, 0x17, 0x42, 0x9d, 0xff, 0x17, 0x42, 0x9d, 0xff, 0x17, 0x42, 0x9d, 0xff, 0x17, 0x42, 0x9d, 0xff, 0x17, 0x42, 0x9d, 0xff, 
    0x17, 0x42, 0x9d, 0xff, 0x17, 0x42, 0x9d, 0xff, 0x17, 0x42, 0x9d, 0xff, 0x17, 0x42, 0x9d, 0xff, 0x17, 0x42, 0x9d, 0xff, 0x17, 0x42, 0x9d, 0xff, 0x17, 0x42, 0x9d, 0xff, 0x17, 0x42, 0x9d, 0xff, 
    0x17, 0x42, 0x9d, 0xff, 0x17, 0x42, 0x9d, 0xff, 0x17, 0x42, 0x9d, 0xff, 0x17, 0x42, 0x9d, 0xff, 0x17, 0x42, 0x9d, 0xff, 0x17, 0x42, 0x9d, 0xff, 0x17, 0x42, 0x9d, 0xff, 0x17, 0x42, 0x9d, 0xff, 
    0x17, 0x42, 0x9d, 0xff, 0x00, 0x00, 0x00, 0x00, 0x0a, 0x28, 0x64, 0xff, 0x0a, 0x28, 0x64, 0xff, 0x00, 0x00, 0x00, 0x00, 0x00, 0x00, 0x00, 0x00, 0x00, 0x00, 0x00, 0x00, 0x00, 0x00, 0x00, 0x00, 
    0x00, 0x00, 0x00, 0x00, 0x00, 0x00, 0x00, 0x00, 0x00, 0x00, 0x00, 0x00, 0x00, 0x00, 0x00, 0x00, 0x00, 0x00, 0x00, 0x00, 0x00, 0x00, 0x00, 0x00, 0x0a, 0x28, 0x64, 0xff, 0x0a, 0x28, 0x64, 0xff, 
    0x16, 0x40, 0x9a, 0xff, 0x16, 0x40, 0x9a, 0xff, 0x16, 0x40, 0x9a, 0xff, 0x16, 0x40, 0x9a, 0xff, 0x16, 0x40, 0x9a, 0xff, 0x16, 0x40, 0x9a, 0xff, 0x16, 0x40, 0x9a, 0xff, 0x16, 0x40, 0x9a, 0xff, 
    0x16, 0x40, 0x9a, 0xff, 0x16, 0x40, 0x9a, 0xff, 0x16, 0x40, 0x9a, 0xff, 0x16, 0x40, 0x9a, 0xff, 0x16, 0x40, 0x9a, 0xff, 0x16, 0x40, 0x9a, 0xff, 0x16, 0x40, 0x9a, 0xff, 0x16, 0x40, 0x9a, 0xff, 
    0x16, 0x40, 0x9a, 0xff, 0x16, 0x40, 0x9a, 0xff, 0x16, 0x40, 0x9a, 0xff, 0x16, 0x40, 0x9a, 0xff, 0x16, 0x40, 0x9a, 0xff, 0x16, 0x40, 0x9a, 0xff, 0x16, 0x40, 0x9a, 0xff, 0x16, 0x40, 0x9a, 0xff, 
    0x16, 0x40, 0x9a, 0xff, 0x16, 0x40, 0x9a, 0xff, 0x16, 0x40, 0x9a, 0xff, 0x16, 0x40, 0x9a, 0xff, 0x16, 0x40, 0x9a, 0xff, 0x16, 0x40, 0x9a, 0xff, 0x16, 0x40, 0x9a, 0xff, 0x16, 0x40, 0x9a, 0xff, 
    0x16, 0x40, 0x9a, 0xff, 0x16, 0x40, 0x9a, 0xff, 0x16, 0x40, 0x9a, 0xff, 0x16, 0x40, 0x9a, 0xff, 0x16, 0x40, 0x9a, 0xff, 0x16, 0x40, 0x9a, 0xff, 0x16, 0x40, 0x9a, 0xff, 0x16, 0x40, 0x9a, 0xff, 
    0x16, 0x40, 0x9a, 0xff, 0x16, 0x40, 0x9a, 0xff, 0x16, 0x40, 0x9a, 0xff, 0x16, 0x40, 0x9a, 0xff, 0x16, 0x40, 0x9a, 0xff, 0x16, 0x40, 0x9a, 0xff, 0x16, 0x40, 0x9a, 0xff, 0x16, 0x40, 0x9a, 0xff, 
    0x16, 0x40, 0x9a, 0xff, 0x00, 0x00, 0x00, 0x00, 0x0a, 0x28, 0x64, 0xff, 0x0a, 0x28, 0x64, 0xff, 0x00, 0x00, 0x00, 0x00, 0x00, 0x00, 0x00, 0x00, 0x00, 0x00, 0x00, 0x00, 0x00, 0x00, 0x00, 0x00, 
    0x00, 0x00, 0x00, 0x00, 0x00, 0x00, 0x00, 0x00, 0x00, 0x00, 0x00, 0x00, 0x00, 0x00, 0x00, 0x00, 0x00, 0x00, 0x00, 0x00, 0x00, 0x00, 0x00, 0x00, 0x0a, 0x28, 0x64, 0xff, 0x0a, 0x28, 0x64, 0xff, 
    0x15, 0x3e, 0x98, 0xff, 0x15, 0x3e, 0x98, 0xff, 0x15, 0x3e, 0x98, 0xff, 0x15, 0x3e, 0x98, 0xff, 0x15, 0x3e, 0x98, 0xff, 0x15, 0x3e, 0x98, 0xff, 0x15, 0x3e, 0x98, 0xff, 0x15, 0x3e, 0x98, 0xff, 
    0x15, 0x3e, 0x98, 0xff, 0x15, 0x3e, 0x98, 0xff, 0x15, 0x3e, 0x98, 0xff, 0x15, 0x3e, 0x98, 0xff, 0x15, 0x3e, 0x98, 0xff, 0x15, 0x3e, 0x98, 0xff, 0x15, 0x3e, 0x98, 0xff, 0x15, 0x3e, 0x98, 0xff, 
    0x15, 0x3e, 0x98, 0xff, 0x15, 0x3e, 0x98, 0xff, 0x15, 0x3e, 0x98, 0xff, 0x15, 0x3e, 0x98, 0xff, 0x15, 0x3e, 0x98, 0xff, 0x15, 0x3e, 0x98, 0xff, 0x15, 0x3e, 0x98, 0xff, 0x15, 0x3e, 0x98, 0xff, 
    0x15, 0x3e, 0x98, 0xff, 0x15, 0x3e, 0x98, 0xff, 0x15, 0x3e, 0x98, 0xff, 0x15, 0x3e, 0x98, 0xff, 0x15, 0x3e, 0x98, 0xff, 0x15, 0x3e, 0x98, 0xff, 0x15, 0x3e, 0x98, 0xff, 0x15, 0x3e, 0x98, 0xff, 
    0x15, 0x3e, 0x98, 0xff, 0x15, 0x3e, 0x98, 0xff, 0x15, 0x3e, 0x98, 0xff, 0x15, 0x3e, 0x98, 0xff, 0x15, 0x3e, 0x98, 0xff, 0x15, 0x3e, 0x98, 0xff, 0x15, 0x3e, 0x98, 0xff, 0x15, 0x3e, 0x98, 0xff, 
    0x15, 0x3e, 0x98, 0xff, 0x15, 0x3e, 0x98, 0xff, 0x15, 0x3e, 0x98, 0xff, 0x15, 0x3e, 0x98, 0xff, 0x15, 0x3e, 0x98, 0xff, 0x15, 0x3e, 0x98, 0xff, 0x15, 0x3e, 0x98, 0xff, 0x15, 0x3e, 0x98, 0xff, 
    0x15, 0x3e, 0x98, 0xff, 0x00, 0x00, 0x00, 0x00, 0x0a, 0x28, 0x64, 0xff, 0x0a, 0x28, 0x64, 0xff, 0x00, 0x00, 0x00, 0x00, 0x00, 0x00, 0x00, 0x00, 0x00, 0x00, 0x00, 0x00, 0x00, 0x00, 0x00, 0x00, 
    0x00, 0x00, 0x00, 0x00, 0x00, 0x00, 0x00, 0x00, 0x00, 0x00, 0x00, 0x00, 0x00, 0x00, 0x00, 0x00, 0x00, 0x00, 0x00, 0x00, 0x00, 0x00, 0x00, 0x00, 0x0a, 0x28, 0x64, 0xff, 0x0a, 0x28, 0x64, 0xff, 
    0x0a, 0x28, 0x64, 0xff, 0x0a, 0x28, 0x64, 0xff, 0x0a, 0x28, 0x64, 0xff, 0x0a, 0x28, 0x64, 0xff, 0x0a, 0x28, 0x64, 0xff, 0x0a, 0x28, 0x64, 0xff, 0x0a, 0x28, 0x64, 0xff, 0x0a, 0x28, 0x64, 0xff, 
    0x0a, 0x28, 0x64, 0xff, 0x0a, 0x28, 0x64, 0xff, 0x0a, 0x28, 0x64, 0xff, 0x0a, 0x28, 0x64, 0xff, 0x0a, 0x28, 0x64, 0xff, 0x0a, 0x28, 0x64, 0xff, 0x0a, 0x28, 0x64, 0xff, 0x0a, 0x28, 0x64, 0xff, 
    0x0a, 0x28, 0x64, 0xff, 0x0a, 0x28, 0x64, 0xff, 0x0a, 0x28, 0x64, 0xff, 0x0a, 0x28, 0x64, 0xff, 0x0a, 0x28, 0x64, 0xff, 0x0a, 0x28, 0x64, 0xff, 0x0a, 0x28, 0x64, 0xff, 0x0a, 0x28, 0x64, 0xff, 
    0x0a, 0x28, 0x64, 0xff, 0x0a, 0x28, 0x64, 0xff, 0x0a, 0x28, 0x64, 0xff, 0x0a, 0x28, 0x64, 0xff, 0x0a, 0x28, 0x64, 0xff, 0x0a, 0x28, 0x64, 0xff, 0x0a, 0x28, 0x64, 0xff, 0x0a, 0x28, 0x64, 0xff, 
    0x0a, 0x28, 0x64, 0xff, 0x0a, 0x28, 0x64, 0xff, 0x0a, 0x28, 0x64, 0xff, 0x0a, 0x28, 0x64, 0xff, 0x0a, 0x28, 0x64, 0xff, 0x0a, 0x28, 0x64, 0xff, 0x0a, 0x28, 0x64, 0xff, 0x0a, 0x28, 0x64, 0xff, 
    0x0a, 0x28, 0x64, 0xff, 0x0a, 0x28, 0x64, 0xff, 0x0a, 0x28, 0x64, 0xff, 0x0a, 0x28, 0x64, 0xff, 0x0a, 0x28, 0x64, 0xff, 0x0a, 0x28, 0x64, 0xff, 0x0a, 0x28, 0x64, 0xff, 0x0a, 0x28, 0x64, 0xff, 
    0x0a, 0x28, 0x64, 0xff, 0x0a, 0x28, 0x64, 0xff, 0x0a, 0x28, 0x64, 0xff, 0x0a, 0x28, 0x64, 0xff, 0x00, 0x00, 0x00, 0x00, 0x00, 0x00, 0x00, 0x00, 0x00, 0x00, 0x00, 0x00, 0x00, 0x00, 0x00, 0x00, 
    0x00, 0x00, 0x00, 0x00, 0x00, 0x00, 0x00, 0x00, 0x00, 0x00, 0x00, 0x00, 0x00, 0x00, 0x00, 0x00, 0x00, 0x00, 0x00, 0x00, 0x00, 0x00, 0x00, 0x00, 0x0a, 0x28, 0x64, 0xff, 0x0a, 0x28, 0x64, 0xff, 
    0x0a, 0x28, 0x64, 0xff, 0x0a, 0x28, 0x64, 0xff, 0x0a, 0x28, 0x64, 0xff, 0x0a, 0x28, 0x64, 0xff, 0x0a, 0x28, 0x64, 0xff, 0x0a, 0x28, 0x64, 0xff, 0x0a, 0x28, 0x64, 0xff, 0x0a, 0x28, 0x64, 0xff, 
    0x0a, 0x28, 0x64, 0xff, 0x0a, 0x28, 0x64, 0xff, 0x0a, 0x28, 0x64, 0xff, 0x0a, 0x28, 0x64, 0xff, 0x0a, 0x28, 0x64, 0xff, 0x0a, 0x28, 0x64, 0xff, 0x0a, 0x28, 0x64, 0xff, 0x0a, 0x28, 0x64, 0xff, 
    0x0a, 0x28, 0x64, 0xff, 0x0a, 0x28, 0x64, 0xff, 0x0a, 0x28, 0x64, 0xff, 0x0a, 0x28, 0x64, 0xff, 0x0a, 0x28, 0x64, 0xff, 0x0a, 0x28, 0x64, 0xff, 0x0a, 0x28, 0x64, 0xff, 0x0a, 0x28, 0x64, 0xff, 
    0x0a, 0x28, 0x64, 0xff, 0x0a, 0x28, 0x64, 0xff, 0x0a, 0x28, 0x64, 0xff, 0x0a, 0x28, 0x64, 0xff, 0x0a, 0x28, 0x64, 0xff, 0x0a, 0x28, 0x64, 0xff, 0x0a, 0x28, 0x64, 0xff, 0x0a, 0x28, 0x64, 0xff, 
    0x0a, 0x28, 0x64, 0xff, 0x0a, 0x28, 0x64, 0xff, 0x0a, 0x28, 0x64, 0xff, 0x0a, 0x28, 0x64, 0xff, 0x0a, 0x28, 0x64, 0xff, 0x0a, 0x28, 0x64, 0xff, 0x0a, 0x28, 0x64, 0xff, 0x0a, 0x28, 0x64, 0xff, 
    0x0a, 0x28, 0x64, 0xff, 0x0a, 0x28, 0x64, 0xff, 0x0a, 0x28, 0x64, 0xff, 0x0a, 0x28, 0x64, 0xff, 0x0a, 0x28, 0x64, 0xff, 0x0a, 0x28, 0x64, 0xff, 0x0a, 0x28, 0x64, 0xff, 0x0a, 0x28, 0x64, 0xff, 
    0x0a, 0x28, 0x64, 0xff, 0x0a, 0x28, 0x64, 0xff, 0x0a, 0x28, 0x64, 0xff, 0x00, 0x00, 0x00, 0x00, 0x00, 0x00, 0x00, 0x00, 0x00, 0x00, 0x00, 0x00, 0x00, 0x00, 0x00, 0x00, 0x00, 0x00, 0x00, 0x00, 
    0x00, 0x00, 0x00, 0x00, 0x00, 0x00, 0x00, 0x00, 0x00, 0x00, 0x00, 0x00, 0x00, 0x00, 0x00, 0x00, 0x00, 0x00, 0x00, 0x00, 0x00, 0x00, 0x00, 0x00, 0x00, 0x00, 0x00, 0x00, 0x00, 0x00, 0x00, 0x00, 
    0x00, 0x00, 0x00, 0x00, 0x00, 0x00, 0x00, 0x00, 0x00, 0x00, 0x00, 0x00, 0x00, 0x00, 0x00, 0x00, 0x00, 0x00, 0x00, 0x00, 0x00, 0x00, 0x00, 0x00, 0x00, 0x00, 0x00, 0x00, 0x00, 0x00, 0x00, 0x00, 
    0x00, 0x00, 0x00, 0x00, 0x00, 0x00, 0x00, 0x00, 0x00, 0x00, 0x00, 0x00, 0x00, 0x00, 0x00, 0x00, 0x00, 0x00, 0x00, 0x00, 0x00, 0x00, 0x00, 0x00, 0x00, 0x00, 0x00, 0x00, 0x00, 0x00, 0x00, 0x00, 
    0x00, 0x00, 0x00, 0x00, 0x00, 0x00, 0x00, 0x00, 0x00, 0x00, 0x00, 0x00, 0x00, 0x00, 0x00, 0x00, 0x00, 0x00, 0x00, 0x00, 0x00, 0x00, 0x00, 0x00, 0x00, 0x00, 0x00, 0x00, 0x00, 0x00, 0x00, 0x00, 
    0x00, 0x00, 0x00, 0x00, 0x00, 0x00, 0x00, 0x00, 0x00, 0x00, 0x00, 0x00, 0x00, 0x00, 0x00, 0x00, 0x00, 0x00, 0x00, 0x00, 0x00, 0x00, 0x00, 0x00, 0x00, 0x00, 0x00, 0x00, 0x00, 0x00, 0x00, 0x00, 
    0x00, 0x00, 0x00, 0x00, 0x00, 0x00, 0x00, 0x00, 0x00, 0x00, 0x00, 0x00, 0x00, 0x00, 0x00, 0x00, 0x00, 0x00, 0x00, 0x00, 0x00, 0x00, 0x00, 0x00, 0x00, 0x00, 0x00, 0x00, 0x00, 0x00, 0x00, 0x00, 
    0x00, 0x00, 0x00, 0x00, 0x00, 0x00, 0x00, 0x00, 0x00, 0x00, 0x00, 0x00, 0x00, 0x00, 0x00, 0x00, 0x00, 0x00, 0x00, 0x00, 0x00, 0x00, 0x00, 0x00, 0x00, 0x00, 0x00, 0x00, 0x00, 0x00, 0x00, 0x00, 
    0x00, 0x00, 0x00, 0x00, 0x00, 0x00, 0x00, 0x00, 0x00, 0x00, 0x00, 0x00, 0x00, 0x00, 0x00, 0x00, 0x00, 0x00, 0x00, 0x00, 0x00, 0x00, 0x00, 0x00, 0x00, 0x00, 0x00, 0x00, 0x00, 0x00, 0x00, 0x00, 
    0x00, 0x00, 0x00, 0x00, 0x00, 0x00, 0x00, 0x00, 0x00, 0x00, 0x00, 0x00, 0x00, 0x00, 0x00, 0x00, 0x00, 0x00, 0x00, 0x00, 0x00, 0x00, 0x00, 0x00, 0x00, 0x00, 0x00, 0x00, 0x00, 0x00, 0x00, 0x00, 
    0x00, 0x00, 0x00, 0x00, 0x00, 0x00, 0x00, 0x00, 0x00, 0x00, 0x00, 0x00, 0x00, 0x00, 0x00, 0x00, 0x00, 0x00, 0x00, 0x00, 0x00, 0x00, 0x00, 0x00, 0x00, 0x00, 0x00, 0x00, 0x00, 0x00, 0x00, 0x00, 
    0x00, 0x00, 0x00, 0x00, 0x00, 0x00, 0x00, 0x00, 0x00, 0x00, 0x00, 0x00, 0x00, 0x00, 0x00, 0x00, 0x00, 0x00, 0x00, 0x00, 0x00, 0x00, 0x00, 0x00, 0x00, 0x00, 0x00, 0x00, 0x00, 0x00, 0x00, 0x00, 
    0x00, 0x00, 0x00, 0x00, 0x00, 0x00, 0x00, 0x00, 0x00, 0x00, 0x00, 0x00, 0x00, 0x00, 0x00, 0x00, 0x00, 0x00, 0x00, 0x00, 0x00, 0x00, 0x00, 0x00, 0x00, 0x00, 0x00, 0x00, 0x00, 0x00, 0x00, 0x00, 
    0x00, 0x00, 0x00, 0x00, 0x00, 0x00, 0x00, 0x00, 0x00, 0x00, 0x00, 0x00, 0x00, 0x00, 0x00, 0x00, 0x00, 0x00, 0x00, 0x00, 0x00, 0x00, 0x00, 0x00, 0x00, 0x00, 0x00, 0x00, 0x00, 0x00, 0x00, 0x00, 
    0x00, 0x00, 0x00, 0x00, 0x00, 0x00, 0x00, 0x00, 0x00, 0x00, 0x00, 0x00, 0x00, 0x00, 0x00, 0x00, 0x00, 0x00, 0x00, 0x00, 0x00, 0x00, 0x00, 0x00, 0x00, 0x00, 0x00, 0x00, 0x00, 0x00, 0x00, 0x00, 
    0x00, 0x00, 0x00, 0x00, 0x00, 0x00, 0x00, 0x00, 0x00, 0x00, 0x00, 0x00, 0x00, 0x00, 0x00, 0x00, 0x00, 0x00, 0x00, 0x00, 0x00, 0x00, 0x00, 0x00, 0x00, 0x00, 0x00, 0x00, 0x00, 0x00, 0x00, 0x00, 
    0x00, 0x00, 0x00, 0x00, 0x00, 0x00, 0x00, 0x00, 0x00, 0x00, 0x00, 0x00, 0x00, 0x00, 0x00, 0x00, 0x00, 0x00, 0x00, 0x00, 0x00, 0x00, 0x00, 0x00, 0x00, 0x00, 0x00, 0x00, 0x00, 0x00, 0x00, 0x00, 
    0x00, 0x00, 0x00, 0x00, 0x00, 0x00, 0x00, 0x00, 0x00, 0x00, 0x00, 0x00, 0x00, 0x00, 0x00, 0x00, 0x00, 0x00, 0x00, 0x00, 0x00, 0x00, 0x00, 0x00, 0x00, 0x00, 0x00, 0x00, 0x00, 0x00, 0x00, 0x00, 
    0x00, 0x00, 0x00, 0x00, 0x00, 0x00, 0x00, 0x00, 0x00, 0x00, 0x00, 0x00, 0x00, 0x00, 0x00, 0x00, 0x00, 0x00, 0x00, 0x00, 0x00, 0x00, 0x00, 0x00, 0x00, 0x00, 0x00, 0x00, 0x00, 0x00, 0x00, 0x00, 
    0x00, 0x00, 0x00, 0x00, 0x00, 0x00, 0x00, 0x00, 0x00, 0x00, 0x00, 0x00, 0x00, 0x00, 0x00, 0x00, 0x00, 0x00, 0x00, 0x00, 0x00, 0x00, 0x00, 0x00, 0x00, 0x00, 0x00, 0x00, 0x00, 0x00, 0x00, 0x00, 
    0x00, 0x00, 0x00, 0x00, 0x00, 0x00, 0x00, 0x00, 0x00, 0x00, 0x00, 0x00, 0x00, 0x00, 0x00, 0x00, 0x00, 0x00, 0x00, 0x00, 0x00, 0x00, 0x00, 0x00, 0x00, 0x00, 0x00, 0x00, 0x00, 0x00, 0x00, 0x00, 
    0x00, 0x00, 0x00, 0x00, 0x00, 0x00, 0x00, 0x00, 0x00, 0x00, 0x00, 0x00, 0x00, 0x00, 0x00, 0x00, 0x00, 0x00, 0x00, 0x00, 0x00, 0x00, 0x00, 0x00, 0x00, 0x00, 0x00, 0x00, 0x00, 0x00, 0x00, 0x00, 
    0x00, 0x00, 0x00, 0x00, 0x00, 0x00, 0x00, 0x00, 0x00, 0x00, 0x00, 0x00, 0x00, 0x00, 0x00, 0x00, 0x00, 0x00, 0x00, 0x00, 0x00, 0x00, 0x00, 0x00, 0x00, 0x00, 0x00, 0x00, 0x00, 0x00, 0x00, 0x00, 
    0x00, 0x00, 0x00, 0x00, 0x00, 0x00, 0x00, 0x00, 0x00, 0x00, 0x00, 0x00, 0x00, 0x00, 0x00, 0x00, 0x00, 0x00, 0x00, 0x00, 0x00, 0x00, 0x00, 0x00, 0x00, 0x00, 0x00, 0x00, 0x00, 0x00, 0x00, 0x00, 
    0x00, 0x00, 0x00, 0x00, 0x00, 0x00, 0x00, 0x00, 0x00, 0x00, 0x00, 0x00, 0x00, 0x00, 0x00, 0x00, 0x00, 0x00, 0x00, 0x00, 0x00, 0x00, 0x00, 0x00, 0x00, 0x00, 0x00, 0x00, 0x00, 0x00, 0x00, 0x00, 
    0x00, 0x00, 0x00, 0x00, 0x00, 0x00, 0x00, 0x00, 0x00, 0x00, 0x00, 0x00, 0x00, 0x00, 0x00, 0x00, 0x00, 0x00, 0x00, 0x00, 0x00, 0x00, 0x00, 0x00, 0x00, 0x00, 0x00, 0x00, 0x00, 0x00, 0x00, 0x00, 
    0x00, 0x00, 0x00, 0x00, 0x00, 0x00, 0x00, 0x00, 0x00, 0x00, 0x00, 0x00, 0x00, 0x00, 0x00, 0x00, 0x00, 0x00, 0x00, 0x00, 0x00, 0x00, 0x00, 0x00, 0x00, 0x00, 0x00, 0x00, 0x00, 0x00, 0x00, 0x00, 
    0x00, 0x00, 0x00, 0x00, 0x00, 0x00, 0x00, 0x00, 0x00, 0x00, 0x00, 0x00, 0x00, 0x00, 0x00, 0x00, 0x00, 0x00, 0x00, 0x00, 0x00, 0x00, 0x00, 0x00, 0x00, 0x00, 0x00, 0x00, 0x00, 0x00, 0x00, 0x00, 
    0x00, 0x00, 0x00, 0x00, 0x00, 0x00, 0x00, 0x00, 0x00, 0x00, 0x00, 0x00, 0x00, 0x00, 0x00, 0x00, 0x00, 0x00, 0x00, 0x00, 0x00, 0x00, 0x00, 0x00, 0x00, 0x00, 0x00, 0x00, 0x00, 0x00, 0x00, 0x00, 
    0x00, 0x00, 0x00, 0x00, 0x00, 0x00, 0x00, 0x00, 0x00, 0x00, 0x00, 0x00, 0x00, 0x00, 0x00, 0x00, 0x00, 0x00, 0x00, 0x00, 0x00, 0x00, 0x00, 0x00, 0x00, 0x00, 0x00, 0x00, 0x00, 0x00, 0x00, 0x00, 
    0x00, 0x00, 0x00, 0x00, 0x00, 0x00, 0x00, 0x00, 0x00, 0x00, 0x00, 0x00, 0x00, 0x00, 0x00, 0x00, 0x00, 0x00, 0x00, 0x00, 0x00, 0x00, 0x00, 0x00, 0x00, 0x00, 0x00, 0x00, 0x00, 0x00, 0x00, 0x00, 
    0x00, 0x00, 0x00, 0x00, 0x00, 0x00, 0x00, 0x00, 0x00, 0x00, 0x00, 0x00, 0x00, 0x00, 0x00, 0x00, 0x00, 0x00, 0x00, 0x00, 0x00, 0x00, 0x00, 0x00, 0x00, 0x00, 0x00, 0x00, 0x00, 0x00, 0x00, 0x00, 
    0x00, 0x00, 0x00, 0x00, 0x00, 0x00, 0x00, 0x00, 0x00, 0x00, 0x00, 0x00, 0x00, 0x00, 0x00, 0x00, 0x00, 0x00, 0x00, 0x00, 0x00, 0x00, 0x00, 0x00, 0x00, 0x00, 0x00, 0x00, 0x00, 0x00, 0x00, 0x00, 
    0x00, 0x00, 0x00, 0x00, 0x00, 0x00, 0x00, 0x00, 0x00, 0x00, 0x00, 0x00, 0x00, 0x00, 0x00, 0x00, 0x00, 0x00, 0x00, 0x00, 0x00, 0x00, 0x00, 0x00, 0x00, 0x00, 0x00, 0x00, 0x00, 0x00, 0x00, 0x00, 
    0x00, 0x00, 0x00, 0x00, 0x00, 0x00, 0x00, 0x00, 0x00, 0x00, 0x00, 0x00, 0x00, 0x00, 0x00, 0x00, 0x00, 0x00, 0x00, 0x00, 0x00, 0x00, 0x00, 0x00, 0x00, 0x00, 0x00, 0x00, 0x00, 0x00, 0x00, 0x00, 
    0x00, 0x00, 0x00, 0x00, 0x00, 0x00, 0x00, 0x00, 0x00, 0x00, 0x00, 0x00, 0x00, 0x00, 0x00, 0x00, 0x00, 0x00, 0x00, 0x00, 0x00, 0x00, 0x00, 0x00, 0x00, 0x00, 0x00, 0x00, 0x00, 0x00, 0x00, 0x00, 
    0x00, 0x00, 0x00, 0x00, 0x00, 0x00, 0x00, 0x00, 0x00, 0x00, 0x00, 0x00, 0x00, 0x00, 0x00, 0x00, 0x00, 0x00, 0x00, 0x00, 0x00, 0x00, 0x00, 0x00, 0x00, 0x00, 0x00, 0x00, 0x00, 0x00, 0x00, 0x00, 
    0x00, 0x00, 0x00, 0x00, 0x00, 0x00, 0x00, 0x00, 0x00, 0x00, 0x00, 0x00, 0x00, 0x00, 0x00, 0x00, 0x00, 0x00, 0x00, 0x00, 0x00, 0x00, 0x00, 0x00, 0x00, 0x00, 0x00, 0x00, 0x00, 0x00, 0x00, 0x00, 
    0x00, 0x00, 0x00, 0x00, 0x00, 0x00, 0x00, 0x00, 0x00, 0x00, 0x00, 0x00, 0x00, 0x00, 0x00, 0x00, 0x00, 0x00, 0x00, 0x00, 0x00, 0x00, 0x00, 0x00, 0x00, 0x00, 0x00, 0x00, 0x00, 0x00, 0x00, 0x00, 
    0x00, 0x00, 0x00, 0x00, 0x00, 0x00, 0x00, 0x00, 0x00, 0x00, 0x00, 0x00, 0x00, 0x00, 0x00, 0x00, 0x00, 0x00, 0x00, 0x00, 0x00, 0x00, 0x00, 0x00, 0x00, 0x00, 0x00, 0x00, 0x00, 0x00, 0x00, 0x00, 
    0x00, 0x00, 0x00, 0x00, 0x00, 0x00, 0x00, 0x00, 0x00, 0x00, 0x00, 0x00, 0x00, 0x00, 0x00, 0x00, 0x00, 0x00, 0x00, 0x00, 0x00, 0x00, 0x00, 0x00, 0x00, 0x00, 0x00, 0x00, 0x00, 0x00, 0x00, 0x00, 
    0x00, 0x00, 0x00, 0x00, 0x00, 0x00, 0x00, 0x00, 0x00, 0x00, 0x00, 0x00, 0x00, 0x00, 0x00, 0x00, 0x00, 0x00, 0x00, 0x00, 0x00, 0x00, 0x00, 0x00, 0x00, 0x00, 0x00, 0x00, 0x00, 0x00, 0x00, 0x00, 
    0x00, 0x00, 0x00, 0x00, 0x00, 0x00, 0x00, 0x00, 0x00, 0x00, 0x00, 0x00, 0x00, 0x00, 0x00, 0x00, 0x00, 0x00, 0x00, 0x00, 0x00, 0x00, 0x00, 0x00, 0x00, 0x00, 0x00, 0x00, 0x00, 0x00, 0x00, 0x00, 
    0x00, 0x00, 0x00, 0x00, 0x00, 0x00, 0x00, 0x00, 0x00, 0x00, 0x00, 0x00, 0x00, 0x00, 0x00, 0x00, 0x00, 0x00, 0x00, 0x00, 0x00, 0x00, 0x00, 0x00, 0x00, 0x00, 0x00, 0x00, 0x00, 0x00, 0x00, 0x00, 
    0x00, 0x00, 0x00, 0x00, 0x00, 0x00, 0x00, 0x00, 0x00, 0x00, 0x00, 0x00, 0x00, 0x00, 0x00, 0x00, 0x00, 0x00, 0x00, 0x00, 0x00, 0x00, 0x00, 0x00, 0x00, 0x00, 0x00, 0x00, 0x00, 0x00, 0x00, 0x00, 
    0x00, 0x00, 0x00, 0x00, 0x00, 0x00, 0x00, 0x00, 0x00, 0x00, 0x00, 0x00, 0x00, 0x00, 0x00, 0x00, 0x00, 0x00, 0x00, 0x00, 0x00, 0x00, 0x00, 0x00, 0x00, 0x00, 0x00, 0x00, 0x00, 0x00, 0x00, 0x00, 
    0x00, 0x00, 0x00, 0x00, 0x00, 0x00, 0x00, 0x00, 0x00, 0x00, 0x00, 0x00, 0x00, 0x00, 0x00, 0x00, 0x00, 0x00, 0x00, 0x00, 0x00, 0x00, 0x00, 0x00, 0x00, 0x00, 0x00, 0x00, 0x00, 0x00, 0x00, 0x00, 
    0x00, 0x00, 0x00, 0x00, 0x00, 0x00, 0x00, 0x00, 0x00, 0x00, 0x00, 0x00, 0x00, 0x00, 0x00, 0x00, 0x00, 0x00, 0x00, 0x00, 0x00, 0x00, 0x00, 0x00, 0x00, 0x00, 0x00, 0x00, 0x00, 0x00, 0x00, 0x00, 
    0x00, 0x00, 0x00, 0x00, 0x00, 0x00, 0x00, 0x00, 0x00, 0x00, 0x00, 0x00, 0x00, 0x00, 0x00, 0x00, 0x00, 0x00, 0x00, 0x00, 0x00, 0x00, 0x00, 0x00, 0x00, 0x00, 0x00, 0x00, 0x00, 0x00, 0x00, 0x00, 
    0x00, 0x00, 0x00, 0x00, 0x00, 0x00, 0x00, 0x00, 0x00, 0x00, 0x00, 0x00, 0x00, 0x00, 0x00, 0x00, 0x00, 0x00, 0x00, 0x00, 0x00, 0x00, 0x00, 0x00, 0x00, 0x00, 0x00, 0x00, 0x00, 0x00, 0x00, 0x00, 
    0x00, 0x00, 0x00, 0x00, 0x00, 0x00, 0x00, 0x00, 0x00, 0x00, 0x00, 0x00, 0x00, 0x00, 0x00, 0x00, 0x00, 0x00, 0x00, 0x00, 0x00, 0x00, 0x00, 0x00, 0x00, 0x00, 0x00, 0x00, 0x00, 0x00, 0x00, 0x00, 
    0x00, 0x00, 0x00, 0x00, 0x00, 0x00, 0x00, 0x00, 0x00, 0x00, 0x00, 0x00, 0x00, 0x00, 0x00, 0x00, 0x00, 0x00, 0x00, 0x00, 0x00, 0x00, 0x00, 0x00, 0x00, 0x00, 0x00, 0x00, 0x00, 0x00, 0x00, 0x00, 
    0x00, 0x00, 0x00, 0x00, 0x00, 0x00, 0x00, 0x00, 0x00, 0x00, 0x00, 0x00, 0x00, 0x00, 0x00, 0x00, 0x00, 0x00, 0x00, 0x00, 0x00, 0x00, 0x00, 0x00, 0x00, 0x00, 0x00, 0x00, 0x00, 0x00, 0x00, 0x00, 
    0x00, 0x00, 0x00, 0x00, 0x00, 0x00, 0x00, 0x00, 0x00, 0x00, 0x00, 0x00, 0x00, 0x00, 0x00, 0x00, 0x00, 0x00, 0x00, 0x00, 0x00, 0x00, 0x00, 0x00, 0x00, 0x00, 0x00, 0x00, 0x00, 0x00, 0x00, 0x00, 
    0x00, 0x00, 0x00, 0x00, 0x00, 0x00, 0x00, 0x00, 0x00, 0x00, 0x00, 0x00, 0x00, 0x00, 0x00, 0x00, 0x00, 0x00, 0x00, 0x00, 0x00, 0x00, 0x00, 0x00, 0x00, 0x00, 0x00, 0x00, 0x00, 0x00, 0x00, 0x00, 
    0x00, 0x00, 0x00, 0x00, 0x00, 0x00, 0x00, 0x00, 0x00, 0x00, 0x00, 0x00, 0x00, 0x00, 0x00, 0x00, 0x00, 0x00, 0x00, 0x00, 0x00, 0x00, 0x00, 0x00, 0x00, 0x00, 0x00, 0x00, 0x00, 0x00, 0x00, 0x00, 
    0x00, 0x00, 0x00, 0x00, 0x00, 0x00, 0x00, 0x00, 0x00, 0x00, 0x00, 0x00, 0x00, 0x00, 0x00, 0x00, 0x00, 0x00, 0x00, 0x00, 0x00, 0x00, 0x00, 0x00, 0x00, 0x00, 0x00, 0x00, 0x00, 0x00, 0x00, 0x00, 
];

pub const FOLDER_ICON_WIDTH: u32 = 64;
pub const FOLDER_ICON_HEIGHT: u32 = 64;
#[allow(dead_code)]
pub const FOLDER_ICON_DATA: &[u8] = &[
    0x00, 0x00, 0x00, 0x00, 0x00, 0x00, 0x00, 0x00, 0x00, 0x00, 0x00, 0x00, 0x00, 0x00, 0x00, 0x00, 0x00, 0x00, 0x00, 0x00, 0x00, 0x00, 0x00, 0x00, 0x00, 0x00, 0x00, 0x00, 0x00, 0x00, 0x00, 0x00, 
    0x00, 0x00, 0x00, 0x00, 0x00, 0x00, 0x00, 0x00, 0x00, 0x00, 0x00, 0x00, 0x00, 0x00, 0x00, 0x00, 0x00, 0x00, 0x00, 0x00, 0x00, 0x00, 0x00, 0x00, 0x00, 0x00, 0x00, 0x00, 0x00, 0x00, 0x00, 0x00, 
    0x00, 0x00, 0x00, 0x00, 0x00, 0x00, 0x00, 0x00, 0x00, 0x00, 0x00, 0x00, 0x00, 0x00, 0x00, 0x00, 0x00, 0x00, 0x00, 0x00, 0x00, 0x00, 0x00, 0x00, 0x00, 0x00, 0x00, 0x00, 0x00, 0x00, 0x00, 0x00, 
    0x00, 0x00, 0x00, 0x00, 0x00, 0x00, 0x00, 0x00, 0x00, 0x00, 0x00, 0x00, 0x00, 0x00, 0x00, 0x00, 0x00, 0x00, 0x00, 0x00, 0x00, 0x00, 0x00, 0x00, 0x00, 0x00, 0x00, 0x00, 0x00, 0x00, 0x00, 0x00, 
    0x00, 0x00, 0x00, 0x00, 0x00, 0x00, 0x00, 0x00, 0x00, 0x00, 0x00, 0x00, 0x00, 0x00, 0x00, 0x00, 0x00, 0x00, 0x00, 0x00, 0x00, 0x00, 0x00, 0x00, 0x00, 0x00, 0x00, 0x00, 0x00, 0x00, 0x00, 0x00, 
    0x00, 0x00, 0x00, 0x00, 0x00, 0x00, 0x00, 0x00, 0x00, 0x00, 0x00, 0x00, 0x00, 0x00, 0x00, 0x00, 0x00, 0x00, 0x00, 0x00, 0x00, 0x00, 0x00, 0x00, 0x00, 0x00, 0x00, 0x00, 0x00, 0x00, 0x00, 0x00, 
    0x00, 0x00, 0x00, 0x00, 0x00, 0x00, 0x00, 0x00, 0x00, 0x00, 0x00, 0x00, 0x00, 0x00, 0x00, 0x00, 0x00, 0x00, 0x00, 0x00, 0x00, 0x00, 0x00, 0x00, 0x00, 0x00, 0x00, 0x00, 0x00, 0x00, 0x00, 0x00, 
    0x00, 0x00, 0x00, 0x00, 0x00, 0x00, 0x00, 0x00, 0x00, 0x00, 0x00, 0x00, 0x00, 0x00, 0x00, 0x00, 0x00, 0x00, 0x00, 0x00, 0x00, 0x00, 0x00, 0x00, 0x00, 0x00, 0x00, 0x00, 0x00, 0x00, 0x00, 0x00, 
    0x00, 0x00, 0x00, 0x00, 0x00, 0x00, 0x00, 0x00, 0x00, 0x00, 0x00, 0x00, 0x00, 0x00, 0x00, 0x00, 0x00, 0x00, 0x00, 0x00, 0x00, 0x00, 0x00, 0x00, 0x00, 0x00, 0x00, 0x00, 0x00, 0x00, 0x00, 0x00, 
    0x00, 0x00, 0x00, 0x00, 0x00, 0x00, 0x00, 0x00, 0x00, 0x00, 0x00, 0x00, 0x00, 0x00, 0x00, 0x00, 0x00, 0x00, 0x00, 0x00, 0x00, 0x00, 0x00, 0x00, 0x00, 0x00, 0x00, 0x00, 0x00, 0x00, 0x00, 0x00, 
    0x00, 0x00, 0x00, 0x00, 0x00, 0x00, 0x00, 0x00, 0x00, 0x00, 0x00, 0x00, 0x00, 0x00, 0x00, 0x00, 0x00, 0x00, 0x00, 0x00, 0x00, 0x00, 0x00, 0x00, 0x00, 0x00, 0x00, 0x00, 0x00, 0x00, 0x00, 0x00, 
    0x00, 0x00, 0x00, 0x00, 0x00, 0x00, 0x00, 0x00, 0x00, 0x00, 0x00, 0x00, 0x00, 0x00, 0x00, 0x00, 0x00, 0x00, 0x00, 0x00, 0x00, 0x00, 0x00, 0x00, 0x00, 0x00, 0x00, 0x00, 0x00, 0x00, 0x00, 0x00, 
    0x00, 0x00, 0x00, 0x00, 0x00, 0x00, 0x00, 0x00, 0x00, 0x00, 0x00, 0x00, 0x00, 0x00, 0x00, 0x00, 0x00, 0x00, 0x00, 0x00, 0x00, 0x00, 0x00, 0x00, 0x00, 0x00, 0x00, 0x00, 0x00, 0x00, 0x00, 0x00, 
    0x00, 0x00, 0x00, 0x00, 0x00, 0x00, 0x00, 0x00, 0x00, 0x00, 0x00, 0x00, 0x00, 0x00, 0x00, 0x00, 0x00, 0x00, 0x00, 0x00, 0x00, 0x00, 0x00, 0x00, 0x00, 0x00, 0x00, 0x00, 0x00, 0x00, 0x00, 0x00, 
    0x00, 0x00, 0x00, 0x00, 0x00, 0x00, 0x00, 0x00, 0x00, 0x00, 0x00, 0x00, 0x00, 0x00, 0x00, 0x00, 0x00, 0x00, 0x00, 0x00, 0x00, 0x00, 0x00, 0x00, 0x00, 0x00, 0x00, 0x00, 0x00, 0x00, 0x00, 0x00, 
    0x00, 0x00, 0x00, 0x00, 0x00, 0x00, 0x00, 0x00, 0x00, 0x00, 0x00, 0x00, 0x00, 0x00, 0x00, 0x00, 0x00, 0x00, 0x00, 0x00, 0x00, 0x00, 0x00, 0x00, 0x00, 0x00, 0x00, 0x00, 0x00, 0x00, 0x00, 0x00, 
    0x00, 0x00, 0x00, 0x00, 0x00, 0x00, 0x00, 0x00, 0x00, 0x00, 0x00, 0x00, 0x00, 0x00, 0x00, 0x00, 0x00, 0x00, 0x00, 0x00, 0x00, 0x00, 0x00, 0x00, 0x00, 0x00, 0x00, 0x00, 0x00, 0x00, 0x00, 0x00, 
    0x00, 0x00, 0x00, 0x00, 0x00, 0x00, 0x00, 0x00, 0x00, 0x00, 0x00, 0x00, 0x00, 0x00, 0x00, 0x00, 0x00, 0x00, 0x00, 0x00, 0x00, 0x00, 0x00, 0x00, 0x00, 0x00, 0x00, 0x00, 0x00, 0x00, 0x00, 0x00, 
    0x00, 0x00, 0x00, 0x00, 0x00, 0x00, 0x00, 0x00, 0x00, 0x00, 0x00, 0x00, 0x00, 0x00, 0x00, 0x00, 0x00, 0x00, 0x00, 0x00, 0x00, 0x00, 0x00, 0x00, 0x00, 0x00, 0x00, 0x00, 0x00, 0x00, 0x00, 0x00, 
    0x00, 0x00, 0x00, 0x00, 0x00, 0x00, 0x00, 0x00, 0x00, 0x00, 0x00, 0x00, 0x00, 0x00, 0x00, 0x00, 0x00, 0x00, 0x00, 0x00, 0x00, 0x00, 0x00, 0x00, 0x00, 0x00, 0x00, 0x00, 0x00, 0x00, 0x00, 0x00, 
    0x00, 0x00, 0x00, 0x00, 0x00, 0x00, 0x00, 0x00, 0x00, 0x00, 0x00, 0x00, 0x00, 0x00, 0x00, 0x00, 0x00, 0x00, 0x00, 0x00, 0x00, 0x00, 0x00, 0x00, 0x00, 0x00, 0x00, 0x00, 0x00, 0x00, 0x00, 0x00, 
    0x00, 0x00, 0x00, 0x00, 0x00, 0x00, 0x00, 0x00, 0x00, 0x00, 0x00, 0x00, 0x00, 0x00, 0x00, 0x00, 0x00, 0x00, 0x00, 0x00, 0x00, 0x00, 0x00, 0x00, 0x00, 0x00, 0x00, 0x00, 0x00, 0x00, 0x00, 0x00, 
    0x00, 0x00, 0x00, 0x00, 0x00, 0x00, 0x00, 0x00, 0x00, 0x00, 0x00, 0x00, 0x00, 0x00, 0x00, 0x00, 0x00, 0x00, 0x00, 0x00, 0x00, 0x00, 0x00, 0x00, 0x00, 0x00, 0x00, 0x00, 0x00, 0x00, 0x00, 0x00, 
    0x00, 0x00, 0x00, 0x00, 0x00, 0x00, 0x00, 0x00, 0x00, 0x00, 0x00, 0x00, 0x00, 0x00, 0x00, 0x00, 0x00, 0x00, 0x00, 0x00, 0x00, 0x00, 0x00, 0x00, 0x00, 0x00, 0x00, 0x00, 0x00, 0x00, 0x00, 0x00, 
    0x00, 0x00, 0x00, 0x00, 0x00, 0x00, 0x00, 0x00, 0x00, 0x00, 0x00, 0x00, 0x00, 0x00, 0x00, 0x00, 0x00, 0x00, 0x00, 0x00, 0x00, 0x00, 0x00, 0x00, 0x00, 0x00, 0x00, 0x00, 0x00, 0x00, 0x00, 0x00, 
    0x00, 0x00, 0x00, 0x00, 0x00, 0x00, 0x00, 0x00, 0x00, 0x00, 0x00, 0x00, 0x00, 0x00, 0x00, 0x00, 0x00, 0x00, 0x00, 0x00, 0x00, 0x00, 0x00, 0x00, 0x00, 0x00, 0x00, 0x00, 0x00, 0x00, 0x00, 0x00, 
    0x00, 0x00, 0x00, 0x00, 0x00, 0x00, 0x00, 0x00, 0x00, 0x00, 0x00, 0x00, 0x00, 0x00, 0x00, 0x00, 0x00, 0x00, 0x00, 0x00, 0x00, 0x00, 0x00, 0x00, 0x00, 0x00, 0x00, 0x00, 0x00, 0x00, 0x00, 0x00, 
    0x00, 0x00, 0x00, 0x00, 0x00, 0x00, 0x00, 0x00, 0x00, 0x00, 0x00, 0x00, 0x00, 0x00, 0x00, 0x00, 0x00, 0x00, 0x00, 0x00, 0x00, 0x00, 0x00, 0x00, 0x00, 0x00, 0x00, 0x00, 0x00, 0x00, 0x00, 0x00, 
    0x00, 0x00, 0x00, 0x00, 0x00, 0x00, 0x00, 0x00, 0x00, 0x00, 0x00, 0x00, 0x00, 0x00, 0x00, 0x00, 0x00, 0x00, 0x00, 0x00, 0x00, 0x00, 0x00, 0x00, 0x00, 0x00, 0x00, 0x00, 0x00, 0x00, 0x00, 0x00, 
    0x00, 0x00, 0x00, 0x00, 0x00, 0x00, 0x00, 0x00, 0x00, 0x00, 0x00, 0x00, 0x00, 0x00, 0x00, 0x00, 0x00, 0x00, 0x00, 0x00, 0x00, 0x00, 0x00, 0x00, 0x00, 0x00, 0x00, 0x00, 0x00, 0x00, 0x00, 0x00, 
    0x00, 0x00, 0x00, 0x00, 0x00, 0x00, 0x00, 0x00, 0x00, 0x00, 0x00, 0x00, 0x00, 0x00, 0x00, 0x00, 0x00, 0x00, 0x00, 0x00, 0x00, 0x00, 0x00, 0x00, 0x00, 0x00, 0x00, 0x00, 0x00, 0x00, 0x00, 0x00, 
    0x00, 0x00, 0x00, 0x00, 0x00, 0x00, 0x00, 0x00, 0x00, 0x00, 0x00, 0x00, 0x00, 0x00, 0x00, 0x00, 0x00, 0x00, 0x00, 0x00, 0x00, 0x00, 0x00, 0x00, 0x00, 0x00, 0x00, 0x00, 0x00, 0x00, 0x00, 0x00, 
    0x00, 0x00, 0x00, 0x00, 0x00, 0x00, 0x00, 0x00, 0x00, 0x00, 0x00, 0x00, 0x00, 0x00, 0x00, 0x00, 0x00, 0x00, 0x00, 0x00, 0x00, 0x00, 0x00, 0x00, 0x00, 0x00, 0x00, 0x00, 0x00, 0x00, 0x00, 0x00, 
    0x00, 0x00, 0x00, 0x00, 0x00, 0x00, 0x00, 0x00, 0x00, 0x00, 0x00, 0x00, 0x00, 0x00, 0x00, 0x00, 0x00, 0x00, 0x00, 0x00, 0x00, 0x00, 0x00, 0x00, 0x00, 0x00, 0x00, 0x00, 0x00, 0x00, 0x00, 0x00, 
    0x00, 0x00, 0x00, 0x00, 0x00, 0x00, 0x00, 0x00, 0x00, 0x00, 0x00, 0x00, 0x00, 0x00, 0x00, 0x00, 0x00, 0x00, 0x00, 0x00, 0x00, 0x00, 0x00, 0x00, 0x00, 0x00, 0x00, 0x00, 0x00, 0x00, 0x00, 0x00, 
    0x00, 0x00, 0x00, 0x00, 0x00, 0x00, 0x00, 0x00, 0x00, 0x00, 0x00, 0x00, 0x00, 0x00, 0x00, 0x00, 0x00, 0x00, 0x00, 0x00, 0x00, 0x00, 0x00, 0x00, 0x00, 0x00, 0x00, 0x00, 0x00, 0x00, 0x00, 0x00, 
    0x00, 0x00, 0x00, 0x00, 0x00, 0x00, 0x00, 0x00, 0x00, 0x00, 0x00, 0x00, 0x00, 0x00, 0x00, 0x00, 0x00, 0x00, 0x00, 0x00, 0x00, 0x00, 0x00, 0x00, 0x00, 0x00, 0x00, 0x00, 0x00, 0x00, 0x00, 0x00, 
    0x00, 0x00, 0x00, 0x00, 0x00, 0x00, 0x00, 0x00, 0x00, 0x00, 0x00, 0x00, 0x00, 0x00, 0x00, 0x00, 0x00, 0x00, 0x00, 0x00, 0x00, 0x00, 0x00, 0x00, 0x00, 0x00, 0x00, 0x00, 0x00, 0x00, 0x00, 0x00, 
    0x00, 0x00, 0x00, 0x00, 0x00, 0x00, 0x00, 0x00, 0x00, 0x00, 0x00, 0x00, 0x00, 0x00, 0x00, 0x00, 0x00, 0x00, 0x00, 0x00, 0x00, 0x00, 0x00, 0x00, 0x00, 0x00, 0x00, 0x00, 0x00, 0x00, 0x00, 0x00, 
    0x00, 0x00, 0x00, 0x00, 0x00, 0x00, 0x00, 0x00, 0x00, 0x00, 0x00, 0x00, 0x00, 0x00, 0x00, 0x00, 0x00, 0x00, 0x00, 0x00, 0x00, 0x00, 0x00, 0x00, 0x00, 0x00, 0x00, 0x00, 0x00, 0x00, 0x00, 0x00, 
    0x00, 0x00, 0x00, 0x00, 0x00, 0x00, 0x00, 0x00, 0x00, 0x00, 0x00, 0x00, 0x00, 0x00, 0x00, 0x00, 0x00, 0x00, 0x00, 0x00, 0x00, 0x00, 0x00, 0x00, 0x00, 0x00, 0x00, 0x00, 0x00, 0x00, 0x00, 0x00, 
    0x00, 0x00, 0x00, 0x00, 0x00, 0x00, 0x00, 0x00, 0x00, 0x00, 0x00, 0x00, 0x00, 0x00, 0x00, 0x00, 0x00, 0x00, 0x00, 0x00, 0x00, 0x00, 0x00, 0x00, 0x00, 0x00, 0x00, 0x00, 0x00, 0x00, 0x00, 0x00, 
    0x00, 0x00, 0x00, 0x00, 0x00, 0x00, 0x00, 0x00, 0x00, 0x00, 0x00, 0x00, 0x00, 0x00, 0x00, 0x00, 0x00, 0x00, 0x00, 0x00, 0x00, 0x00, 0x00, 0x00, 0x00, 0x00, 0x00, 0x00, 0x00, 0x00, 0x00, 0x00, 
    0x00, 0x00, 0x00, 0x00, 0x00, 0x00, 0x00, 0x00, 0x00, 0x00, 0x00, 0x00, 0x00, 0x00, 0x00, 0x00, 0x00, 0x00, 0x00, 0x00, 0x00, 0x00, 0x00, 0x00, 0x00, 0x00, 0x00, 0x00, 0x00, 0x00, 0x00, 0x00, 
    0x00, 0x00, 0x00, 0x00, 0x00, 0x00, 0x00, 0x00, 0x00, 0x00, 0x00, 0x00, 0x00, 0x00, 0x00, 0x00, 0x00, 0x00, 0x00, 0x00, 0x00, 0x00, 0x00, 0x00, 0x00, 0x00, 0x00, 0x00, 0x00, 0x00, 0x00, 0x00, 
    0x00, 0x00, 0x00, 0x00, 0x00, 0x00, 0x00, 0x00, 0x00, 0x00, 0x00, 0x00, 0x00, 0x00, 0x00, 0x00, 0x00, 0x00, 0x00, 0x00, 0x00, 0x00, 0x00, 0x00, 0x00, 0x00, 0x00, 0x00, 0x00, 0x00, 0x00, 0x00, 
    0x00, 0x00, 0x00, 0x00, 0x00, 0x00, 0x00, 0x00, 0x00, 0x00, 0x00, 0x00, 0x00, 0x00, 0x00, 0x00, 0x00, 0x00, 0x00, 0x00, 0x00, 0x00, 0x00, 0x00, 0x00, 0x00, 0x00, 0x00, 0x00, 0x00, 0x00, 0x00, 
    0x00, 0x00, 0x00, 0x00, 0x00, 0x00, 0x00, 0x00, 0x00, 0x00, 0x00, 0x00, 0x00, 0x00, 0x00, 0x00, 0x00, 0x00, 0x00, 0x00, 0x00, 0x00, 0x00, 0x00, 0x00, 0x00, 0x00, 0x00, 0x00, 0x00, 0x00, 0x00, 
    0x00, 0x00, 0x00, 0x00, 0x00, 0x00, 0x00, 0x00, 0x00, 0x00, 0x00, 0x00, 0x00, 0x00, 0x00, 0x00, 0x00, 0x00, 0x00, 0x00, 0x00, 0x00, 0x00, 0x00, 0x00, 0x00, 0x00, 0x00, 0x00, 0x00, 0x00, 0x00, 
    0x00, 0x00, 0x00, 0x00, 0x00, 0x00, 0x00, 0x00, 0x00, 0x00, 0x00, 0x00, 0x00, 0x00, 0x00, 0x00, 0x00, 0x00, 0x00, 0x00, 0x00, 0x00, 0x00, 0x00, 0x00, 0x00, 0x00, 0x00, 0x00, 0x00, 0x00, 0x00, 
    0x00, 0x00, 0x00, 0x00, 0x00, 0x00, 0x00, 0x00, 0x00, 0x00, 0x00, 0x00, 0x00, 0x00, 0x00, 0x00, 0x00, 0x00, 0x00, 0x00, 0x00, 0x00, 0x00, 0x00, 0x00, 0x00, 0x00, 0x00, 0x00, 0x00, 0x00, 0x00, 
    0x00, 0x00, 0x00, 0x00, 0x00, 0x00, 0x00, 0x00, 0x00, 0x00, 0x00, 0x00, 0x00, 0x00, 0x00, 0x00, 0x00, 0x00, 0x00, 0x00, 0x00, 0x00, 0x00, 0x00, 0x00, 0x00, 0x00, 0x00, 0x00, 0x00, 0x00, 0x00, 
    0x00, 0x00, 0x00, 0x00, 0x00, 0x00, 0x00, 0x00, 0x00, 0x00, 0x00, 0x00, 0x00, 0x00, 0x00, 0x00, 0x00, 0x00, 0x00, 0x00, 0x00, 0x00, 0x00, 0x00, 0x00, 0x00, 0x00, 0x00, 0x00, 0x00, 0x00, 0x00, 
    0x00, 0x00, 0x00, 0x00, 0x00, 0x00, 0x00, 0x00, 0x00, 0x00, 0x00, 0x00, 0x00, 0x00, 0x00, 0x00, 0x00, 0x00, 0x00, 0x00, 0x00, 0x00, 0x00, 0x00, 0x00, 0x00, 0x00, 0x00, 0x00, 0x00, 0x00, 0x00, 
    0x00, 0x00, 0x00, 0x00, 0x00, 0x00, 0x00, 0x00, 0x00, 0x00, 0x00, 0x00, 0x00, 0x00, 0x00, 0x00, 0x00, 0x00, 0x00, 0x00, 0x00, 0x00, 0x00, 0x00, 0x00, 0x00, 0x00, 0x00, 0x00, 0x00, 0x00, 0x00, 
    0x00, 0x00, 0x00, 0x00, 0x00, 0x00, 0x00, 0x00, 0x00, 0x00, 0x00, 0x00, 0x00, 0x00, 0x00, 0x00, 0x00, 0x00, 0x00, 0x00, 0x00, 0x00, 0x00, 0x00, 0x00, 0x00, 0x00, 0x00, 0x00, 0x00, 0x00, 0x00, 
    0x00, 0x00, 0x00, 0x00, 0x00, 0x00, 0x00, 0x00, 0x00, 0x00, 0x00, 0x00, 0x00, 0x00, 0x00, 0x00, 0x00, 0x00, 0x00, 0x00, 0x00, 0x00, 0x00, 0x00, 0x00, 0x00, 0x00, 0x00, 0x00, 0x00, 0x00, 0x00, 
    0x00, 0x00, 0x00, 0x00, 0x00, 0x00, 0x00, 0x00, 0x00, 0x00, 0x00, 0x00, 0x00, 0x00, 0x00, 0x00, 0x00, 0x00, 0x00, 0x00, 0x00, 0x00, 0x00, 0x00, 0x00, 0x00, 0x00, 0x00, 0x00, 0x00, 0x00, 0x00, 
    0x00, 0x00, 0x00, 0x00, 0x00, 0x00, 0x00, 0x00, 0x00, 0x00, 0x00, 0x00, 0x00, 0x00, 0x00, 0x00, 0x00, 0x00, 0x00, 0x00, 0x00, 0x00, 0x00, 0x00, 0x00, 0x00, 0x00, 0x00, 0x00, 0x00, 0x00, 0x00, 
    0x00, 0x00, 0x00, 0x00, 0x00, 0x00, 0x00, 0x00, 0x00, 0x00, 0x00, 0x00, 0x00, 0x00, 0x00, 0x00, 0x00, 0x00, 0x00, 0x00, 0x00, 0x00, 0x00, 0x00, 0x00, 0x00, 0x00, 0x00, 0x00, 0x00, 0x00, 0x00, 
    0x00, 0x00, 0x00, 0x00, 0x00, 0x00, 0x00, 0x00, 0x00, 0x00, 0x00, 0x00, 0x00, 0x00, 0x00, 0x00, 0x00, 0x00, 0x00, 0x00, 0x00, 0x00, 0x00, 0x00, 0x00, 0x00, 0x00, 0x00, 0x00, 0x00, 0x00, 0x00, 
    0x00, 0x00, 0x00, 0x00, 0x00, 0x00, 0x00, 0x00, 0x00, 0x00, 0x00, 0x00, 0x00, 0x00, 0x00, 0x00, 0x00, 0x00, 0x00, 0x00, 0x00, 0x00, 0x00, 0x00, 0x00, 0x00, 0x00, 0x00, 0x00, 0x00, 0x00, 0x00, 
    0x00, 0x00, 0x00, 0x00, 0x00, 0x00, 0x00, 0x00, 0x00, 0x00, 0x00, 0x00, 0x00, 0x00, 0x00, 0x00, 0x00, 0x00, 0x00, 0x00, 0x00, 0x00, 0x00, 0x00, 0x00, 0x00, 0x00, 0x00, 0x00, 0x00, 0x00, 0x00, 
    0x00, 0x00, 0x00, 0x00, 0x00, 0x00, 0x00, 0x00, 0x00, 0x00, 0x00, 0x00, 0x00, 0x00, 0x00, 0x00, 0x00, 0x00, 0x00, 0x00, 0x00, 0x00, 0x00, 0x00, 0x00, 0x00, 0x00, 0x00, 0x00, 0x00, 0x00, 0x00, 
    0x00, 0x00, 0x00, 0x00, 0x00, 0x00, 0x00, 0x00, 0x00, 0x00, 0x00, 0x00, 0x00, 0x00, 0x00, 0x00, 0x00, 0x00, 0x00, 0x00, 0x00, 0x00, 0x00, 0x00, 0x00, 0x00, 0x00, 0x00, 0x00, 0x00, 0x00, 0x00, 
    0x00, 0x00, 0x00, 0x00, 0x00, 0x00, 0x00, 0x00, 0x00, 0x00, 0x00, 0x00, 0x00, 0x00, 0x00, 0x00, 0x00, 0x00, 0x00, 0x00, 0x00, 0x00, 0x00, 0x00, 0x00, 0x00, 0x00, 0x00, 0x00, 0x00, 0x00, 0x00, 
    0x00, 0x00, 0x00, 0x00, 0x00, 0x00, 0x00, 0x00, 0x00, 0x00, 0x00, 0x00, 0x00, 0x00, 0x00, 0x00, 0x00, 0x00, 0x00, 0x00, 0x00, 0x00, 0x00, 0x00, 0x00, 0x00, 0x00, 0x00, 0x00, 0x00, 0x00, 0x00, 
    0x00, 0x00, 0x00, 0x00, 0x00, 0x00, 0x00, 0x00, 0x00, 0x00, 0x00, 0x00, 0x00, 0x00, 0x00, 0x00, 0x00, 0x00, 0x00, 0x00, 0x00, 0x00, 0x00, 0x00, 0x00, 0x00, 0x00, 0x00, 0x00, 0x00, 0x00, 0x00, 
    0x00, 0x00, 0x00, 0x00, 0x00, 0x00, 0x00, 0x00, 0x00, 0x00, 0x00, 0x00, 0x00, 0x00, 0x00, 0x00, 0x00, 0x00, 0x00, 0x00, 0x00, 0x00, 0x00, 0x00, 0x00, 0x00, 0x00, 0x00, 0x00, 0x00, 0x00, 0x00, 
    0x00, 0x00, 0x00, 0x00, 0x00, 0x00, 0x00, 0x00, 0x00, 0x00, 0x00, 0x00, 0x00, 0x00, 0x00, 0x00, 0x00, 0x00, 0x00, 0x00, 0x00, 0x00, 0x00, 0x00, 0x00, 0x00, 0x00, 0x00, 0x00, 0x00, 0x00, 0x00, 
    0x00, 0x00, 0x00, 0x00, 0x00, 0x00, 0x00, 0x00, 0x00, 0x00, 0x00, 0x00, 0x00, 0x00, 0x00, 0x00, 0x00, 0x00, 0x00, 0x00, 0x00, 0x00, 0x00, 0x00, 0x00, 0x00, 0x00, 0x00, 0x00, 0x00, 0x00, 0x00, 
    0x00, 0x00, 0x00, 0x00, 0x00, 0x00, 0x00, 0x00, 0x00, 0x00, 0x00, 0x00, 0x00, 0x00, 0x00, 0x00, 0x00, 0x00, 0x00, 0x00, 0x00, 0x00, 0x00, 0x00, 0x00, 0x00, 0x00, 0x00, 0x00, 0x00, 0x00, 0x00, 
    0x00, 0x00, 0x00, 0x00, 0x00, 0x00, 0x00, 0x00, 0x00, 0x00, 0x00, 0x00, 0x00, 0x00, 0x00, 0x00, 0x00, 0x00, 0x00, 0x00, 0x00, 0x00, 0x00, 0x00, 0x00, 0x00, 0x00, 0x00, 0x00, 0x00, 0x00, 0x00, 
    0x00, 0x00, 0x00, 0x00, 0x00, 0x00, 0x00, 0x00, 0x00, 0x00, 0x00, 0x00, 0x00, 0x00, 0x00, 0x00, 0x0a, 0x28, 0x64, 0xff, 0x00, 0x00, 0x00, 0x00, 0x00, 0x00, 0x00, 0x00, 0x00, 0x00, 0x00, 0x00, 
    0x00, 0x00, 0x00, 0x00, 0x00, 0x00, 0x00, 0x00, 0x00, 0x00, 0x00, 0x00, 0x00, 0x00, 0x00, 0x00, 0x00, 0x00, 0x00, 0x00, 0x00, 0x00, 0x00, 0x00, 0x00, 0x00, 0x00, 0x00, 0x00, 0x00, 0x00, 0x00, 
    0x00, 0x00, 0x00, 0x00, 0x00, 0x00, 0x00, 0x00, 0x00, 0x00, 0x00, 0x00, 0x00, 0x00, 0x00, 0x00, 0x00, 0x00, 0x00, 0x00, 0x00, 0x00, 0x00, 0x00, 0x00, 0x00, 0x00, 0x00, 0x00, 0x00, 0x00, 0x00, 
    0x00, 0x00, 0x00, 0x00, 0x00, 0x00, 0x00, 0x00, 0x00, 0x00, 0x00, 0x00, 0x00, 0x00, 0x00, 0x00, 0x00, 0x00, 0x00, 0x00, 0x00, 0x00, 0x00, 0x00, 0x00, 0x00, 0x00, 0x00, 0x00, 0x00, 0x00, 0x00, 
    0x00, 0x00, 0x00, 0x00, 0x00, 0x00, 0x00, 0x00, 0x00, 0x00, 0x00, 0x00, 0x00, 0x00, 0x00, 0x00, 0x00, 0x00, 0x00, 0x00, 0x00, 0x00, 0x00, 0x00, 0x00, 0x00, 0x00, 0x00, 0x00, 0x00, 0x00, 0x00, 
    0x00, 0x00, 0x00, 0x00, 0x00, 0x00, 0x00, 0x00, 0x00, 0x00, 0x00, 0x00, 0x00, 0x00, 0x00, 0x00, 0x00, 0x00, 0x00, 0x00, 0x00, 0x00, 0x00, 0x00, 0x00, 0x00, 0x00, 0x00, 0x00, 0x00, 0x00, 0x00, 
    0x00, 0x00, 0x00, 0x00, 0x00, 0x00, 0x00, 0x00, 0x00, 0x00, 0x00, 0x00, 0x00, 0x00, 0x00, 0x00, 0x00, 0x00, 0x00, 0x00, 0x00, 0x00, 0x00, 0x00, 0x00, 0x00, 0x00, 0x00, 0x00, 0x00, 0x00, 0x00, 
    0x00, 0x00, 0x00, 0x00, 0x00, 0x00, 0x00, 0x00, 0x00, 0x00, 0x00, 0x00, 0x00, 0x00, 0x00, 0x00, 0x00, 0x00, 0x00, 0x00, 0x00, 0x00, 0x00, 0x00, 0x00, 0x00, 0x00, 0x00, 0x00, 0x00, 0x00, 0x00, 
    0x00, 0x00, 0x00, 0x00, 0x00, 0x00, 0x00, 0x00, 0x00, 0x00, 0x00, 0x00, 0x0a, 0x28, 0x64, 0xff, 0x0a, 0x28, 0x64, 0xff, 0x0a, 0x28, 0x64, 0xff, 0x0a, 0x28, 0x64, 0xff, 0x0a, 0x28, 0x64, 0xff, 
    0x0a, 0x28, 0x64, 0xff, 0x0a, 0x28, 0x64, 0xff, 0x0a, 0x28, 0x64, 0xff, 0x0a, 0x28, 0x64, 0xff, 0x0a, 0x28, 0x64, 0xff, 0x0a, 0x28, 0x64, 0xff, 0x0a, 0x28, 0x64, 0xff, 0x0a, 0x28, 0x64, 0xff, 
    0x0a, 0x28, 0x64, 0xff, 0x0a, 0x28, 0x64, 0xff, 0x0a, 0x28, 0x64, 0xff, 0x0a, 0x28, 0x64, 0xff, 0x0a, 0x28, 0x64, 0xff, 0x0a, 0x28, 0x64, 0xff, 0x00, 0x00, 0x00, 0x00, 0x00, 0x00, 0x00, 0x00, 
    0x00, 0x00, 0x00, 0x00, 0x00, 0x00, 0x00, 0x00, 0x00, 0x00, 0x00, 0x00, 0x00, 0x00, 0x00, 0x00, 0x00, 0x00, 0x00, 0x00, 0x00, 0x00, 0x00, 0x00, 0x00, 0x00, 0x00, 0x00, 0x00, 0x00, 0x00, 0x00, 
    0x00, 0x00, 0x00, 0x00, 0x00, 0x00, 0x00, 0x00, 0x00, 0x00, 0x00, 0x00, 0x00, 0x00, 0x00, 0x00, 0x00, 0x00, 0x00, 0x00, 0x00, 0x00, 0x00, 0x00, 0x00, 0x00, 0x00, 0x00, 0x00, 0x00, 0x00, 0x00, 
    0x00, 0x00, 0x00, 0x00, 0x00, 0x00, 0x00, 0x00, 0x00, 0x00, 0x00, 0x00, 0x00, 0x00, 0x00, 0x00, 0x00, 0x00, 0x00, 0x00, 0x00, 0x00, 0x00, 0x00, 0x00, 0x00, 0x00, 0x00, 0x00, 0x00, 0x00, 0x00, 
    0x00, 0x00, 0x00, 0x00, 0x00, 0x00, 0x00, 0x00, 0x00, 0x00, 0x00, 0x00, 0x00, 0x00, 0x00, 0x00, 0x00, 0x00, 0x00, 0x00, 0x00, 0x00, 0x00, 0x00, 0x00, 0x00, 0x00, 0x00, 0x00, 0x00, 0x00, 0x00, 
    0x00, 0x00, 0x00, 0x00, 0x00, 0x00, 0x00, 0x00, 0x00, 0x00, 0x00, 0x00, 0x00, 0x00, 0x00, 0x00, 0x00, 0x00, 0x00, 0x00, 0x00, 0x00, 0x00, 0x00, 0x00, 0x00, 0x00, 0x00, 0x00, 0x00, 0x00, 0x00, 
    0x00, 0x00, 0x00, 0x00, 0x00, 0x00, 0x00, 0x00, 0x00, 0x00, 0x00, 0x00, 0x0a, 0x28, 0x64, 0xff, 0x0a, 0x28, 0x64, 0xff, 0x0a, 0x28, 0x64, 0xff, 0x0a, 0x28, 0x64, 0xff, 0x0a, 0x28, 0x64, 0xff, 
    0x0a, 0x28, 0x64, 0xff, 0x0a, 0x28, 0x64, 0xff, 0x0a, 0x28, 0x64, 0xff, 0x0a, 0x28, 0x64, 0xff, 0x0a, 0x28, 0x64, 0xff, 0x0a, 0x28, 0x64, 0xff, 0x0a, 0x28, 0x64, 0xff, 0x0a, 0x28, 0x64, 0xff, 
    0x0a, 0x28, 0x64, 0xff, 0x0a, 0x28, 0x64, 0xff, 0x0a, 0x28, 0x64, 0xff, 0x0a, 0x28, 0x64, 0xff, 0x0a, 0x28, 0x64, 0xff, 0x0a, 0x28, 0x64, 0xff, 0x00, 0x00, 0x00, 0x00, 0x00, 0x00, 0x00, 0x00, 
    0x00, 0x00, 0x00, 0x00, 0x00, 0x00, 0x00, 0x00, 0x00, 0x00, 0x00, 0x00, 0x00, 0x00, 0x00, 0x00, 0x00, 0x00, 0x00, 0x00, 0x00, 0x00, 0x00, 0x00, 0x00, 0x00, 0x00, 0x00, 0x00, 0x00, 0x00, 0x00, 
    0x00, 0x00, 0x00, 0x00, 0x00, 0x00, 0x00, 0x00, 0x00, 0x00, 0x00, 0x00, 0x00, 0x00, 0x00, 0x00, 0x00, 0x00, 0x00, 0x00, 0x00, 0x00, 0x00, 0x00, 0x00, 0x00, 0x00, 0x00, 0x00, 0x00, 0x00, 0x00, 
    0x00, 0x00, 0x00, 0x00, 0x00, 0x00, 0x00, 0x00, 0x00, 0x00, 0x00, 0x00, 0x00, 0x00, 0x00, 0x00, 0x00, 0x00, 0x00, 0x00, 0x00, 0x00, 0x00, 0x00, 0x00, 0x00, 0x00, 0x00, 0x00, 0x00, 0x00, 0x00, 
    0x00, 0x00, 0x00, 0x00, 0x00, 0x00, 0x00, 0x00, 0x00, 0x00, 0x00, 0x00, 0x00, 0x00, 0x00, 0x00, 0x00, 0x00, 0x00, 0x00, 0x00, 0x00, 0x00, 0x00, 0x00, 0x00, 0x00, 0x00, 0x00, 0x00, 0x00, 0x00, 
    0x00, 0x00, 0x00, 0x00, 0x00, 0x00, 0x00, 0x00, 0x00, 0x00, 0x00, 0x00, 0x00, 0x00, 0x00, 0x00, 0x00, 0x00, 0x00, 0x00, 0x00, 0x00, 0x00, 0x00, 0x00, 0x00, 0x00, 0x00, 0x00, 0x00, 0x00, 0x00, 
    0x00, 0x00, 0x00, 0x00, 0x00, 0x00, 0x00, 0x00, 0x0a, 0x28, 0x64, 0xff, 0x0a, 0x28, 0x64, 0xff, 0x0a, 0x28, 0x64, 0xff, 0x3c, 0x8c, 0xf0, 0xff, 0x3c, 0x8c, 0xf0, 0xff, 0x3c, 0x8c, 0xf0, 0xff, 
    0x3c, 0x8c, 0xf0, 0xff, 0x3c, 0x8c, 0xf0, 0xff, 0x3c, 0x8c, 0xf0, 0xff, 0x3c, 0x8c, 0xf0, 0xff, 0x3c, 0x8c, 0xf0, 0xff, 0x3c, 0x8c, 0xf0, 0xff, 0x3c, 0x8c, 0xf0, 0xff, 0x3c, 0x8c, 0xf0, 0xff, 
    0x3c, 0x8c, 0xf0, 0xff, 0x3c, 0x8c, 0xf0, 0xff, 0x3c, 0x8c, 0xf0, 0xff, 0x3c, 0x8c, 0xf0, 0xff, 0x3c, 0x8c, 0xf0, 0xff, 0x0a, 0x28, 0x64, 0xff, 0x0a, 0x28, 0x64, 0xff, 0x00, 0x00, 0x00, 0x00, 
    0x00, 0x00, 0x00, 0x00, 0x00, 0x00, 0x00, 0x00, 0x00, 0x00, 0x00, 0x00, 0x00, 0x00, 0x00, 0x00, 0x00, 0x00, 0x00, 0x00, 0x00, 0x00, 0x00, 0x00, 0x00, 0x00, 0x00, 0x00, 0x00, 0x00, 0x00, 0x00, 
    0x00, 0x00, 0x00, 0x00, 0x00, 0x00, 0x00, 0x00, 0x00, 0x00, 0x00, 0x00, 0x00, 0x00, 0x00, 0x00, 0x00, 0x00, 0x00, 0x00, 0x00, 0x00, 0x00, 0x00, 0x00, 0x00, 0x00, 0x00, 0x00, 0x00, 0x00, 0x00, 
    0x00, 0x00, 0x00, 0x00, 0x00, 0x00, 0x00, 0x00, 0x00, 0x00, 0x00, 0x00, 0x00, 0x00, 0x00, 0x00, 0x00, 0x00, 0x00, 0x00, 0x00, 0x00, 0x00, 0x00, 0x00, 0x00, 0x00, 0x00, 0x00, 0x00, 0x00, 0x00, 
    0x00, 0x00, 0x00, 0x00, 0x00, 0x00, 0x00, 0x00, 0x00, 0x00, 0x00, 0x00, 0x00, 0x00, 0x00, 0x00, 0x00, 0x00, 0x00, 0x00, 0x00, 0x00, 0x00, 0x00, 0x00, 0x00, 0x00, 0x00, 0x00, 0x00, 0x00, 0x00, 
    0x00, 0x00, 0x00, 0x00, 0x00, 0x00, 0x00, 0x00, 0x00, 0x00, 0x00, 0x00, 0x00, 0x00, 0x00, 0x00, 0x00, 0x00, 0x00, 0x00, 0x00, 0x00, 0x00, 0x00, 0x00, 0x00, 0x00, 0x00, 0x00, 0x00, 0x00, 0x00, 
    0x00, 0x00, 0x00, 0x00, 0x0a, 0x28, 0x64, 0xff, 0x0a, 0x28, 0x64, 0xff, 0x0a, 0x28, 0x64, 0xff, 0x3c, 0x8c, 0xf0, 0xff, 0x3c, 0x8c, 0xf0, 0xff, 0x3c, 0x8c, 0xf0, 0xff, 0x3c, 0x8c, 0xf0, 0xff, 
    0x3c, 0x8c, 0xf0, 0xff, 0x3c, 0x8c, 0xf0, 0xff, 0x3c, 0x8c, 0xf0, 0xff, 0x3c, 0x8c, 0xf0, 0xff, 0x3c, 0x8c, 0xf0, 0xff, 0x3c, 0x8c, 0xf0, 0xff, 0x3c, 0x8c, 0xf0, 0xff, 0x3c, 0x8c, 0xf0, 0xff, 
    0x3c, 0x8c, 0xf0, 0xff, 0x3c, 0x8c, 0xf0, 0xff, 0x3c, 0x8c, 0xf0, 0xff, 0x3c, 0x8c, 0xf0, 0xff, 0x3c, 0x8c, 0xf0, 0xff, 0x0a, 0x28, 0x64, 0xff, 0x0a, 0x28, 0x64, 0xff, 0x00, 0x00, 0x00, 0x00, 
    0x00, 0x00, 0x00, 0x00, 0x00, 0x00, 0x00, 0x00, 0x00, 0x00, 0x00, 0x00, 0x00, 0x00, 0x00, 0x00, 0x00, 0x00, 0x00, 0x00, 0x00, 0x00, 0x00, 0x00, 0x00, 0x00, 0x00, 0x00, 0x00, 0x00, 0x00, 0x00, 
    0x00, 0x00, 0x00, 0x00, 0x00, 0x00, 0x00, 0x00, 0x00, 0x00, 0x00, 0x00, 0x00, 0x00, 0x00, 0x00, 0x00, 0x00, 0x00, 0x00, 0x00, 0x00, 0x00, 0x00, 0x00, 0x00, 0x00, 0x00, 0x00, 0x00, 0x00, 0x00, 
    0x00, 0x00, 0x00, 0x00, 0x00, 0x00, 0x00, 0x00, 0x00, 0x00, 0x00, 0x00, 0x00, 0x00, 0x00, 0x00, 0x00, 0x00, 0x00, 0x00, 0x00, 0x00, 0x00, 0x00, 0x00, 0x00, 0x00, 0x00, 0x00, 0x00, 0x00, 0x00, 
    0x00, 0x00, 0x00, 0x00, 0x00, 0x00, 0x00, 0x00, 0x00, 0x00, 0x00, 0x00, 0x00, 0x00, 0x00, 0x00, 0x00, 0x00, 0x00, 0x00, 0x00, 0x00, 0x00, 0x00, 0x00, 0x00, 0x00, 0x00, 0x00, 0x00, 0x00, 0x00, 
    0x00, 0x00, 0x00, 0x00, 0x00, 0x00, 0x00, 0x00, 0x00, 0x00, 0x00, 0x00, 0x00, 0x00, 0x00, 0x00, 0x00, 0x00, 0x00, 0x00, 0x00, 0x00, 0x00, 0x00, 0x00, 0x00, 0x00, 0x00, 0x00, 0x00, 0x00, 0x00, 
    0x00, 0x00, 0x00, 0x00, 0x0a, 0x28, 0x64, 0xff, 0x0a, 0x28, 0x64, 0xff, 0x3c, 0x8c, 0xf0, 0xff, 0x3c, 0x8c, 0xf0, 0xff, 0x3c, 0x8c, 0xf0, 0xff, 0x3c, 0x8c, 0xf0, 0xff, 0x3c, 0x8c, 0xf0, 0xff, 
    0x3c, 0x8c, 0xf0, 0xff, 0x3c, 0x8c, 0xf0, 0xff, 0x3c, 0x8c, 0xf0, 0xff, 0x3c, 0x8c, 0xf0, 0xff, 0x3c, 0x8c, 0xf0, 0xff, 0x3c, 0x8c, 0xf0, 0xff, 0x3c, 0x8c, 0xf0, 0xff, 0x3c, 0x8c, 0xf0, 0xff, 
    0x3c, 0x8c, 0xf0, 0xff, 0x3c, 0x8c, 0xf0, 0xff, 0x3c, 0x8c, 0xf0, 0xff, 0x3c, 0x8c, 0xf0, 0xff, 0x3c, 0x8c, 0xf0, 0xff, 0x0a, 0x28, 0x64, 0xff, 0x0a, 0x28, 0x64, 0xff, 0x00, 0x00, 0x00, 0x00, 
    0x00, 0x00, 0x00, 0x00, 0x00, 0x00, 0x00, 0x00, 0x00, 0x00, 0x00, 0x00, 0x00, 0x00, 0x00, 0x00, 0x00, 0x00, 0x00, 0x00, 0x00, 0x00, 0x00, 0x00, 0x00, 0x00, 0x00, 0x00, 0x00, 0x00, 0x00, 0x00, 
    0x00, 0x00, 0x00, 0x00, 0x00, 0x00, 0x00, 0x00, 0x00, 0x00, 0x00, 0x00, 0x00, 0x00, 0x00, 0x00, 0x00, 0x00, 0x00, 0x00, 0x00, 0x00, 0x00, 0x00, 0x00, 0x00, 0x00, 0x00, 0x00, 0x00, 0x00, 0x00, 
    0x00, 0x00, 0x00, 0x00, 0x00, 0x00, 0x00, 0x00, 0x00, 0x00, 0x00, 0x00, 0x00, 0x00, 0x00, 0x00, 0x00, 0x00, 0x00, 0x00, 0x00, 0x00, 0x00, 0x00, 0x00, 0x00, 0x00, 0x00, 0x00, 0x00, 0x00, 0x00, 
    0x00, 0x00, 0x00, 0x00, 0x00, 0x00, 0x00, 0x00, 0x00, 0x00, 0x00, 0x00, 0x00, 0x00, 0x00, 0x00, 0x00, 0x00, 0x00, 0x00, 0x00, 0x00, 0x00, 0x00, 0x00, 0x00, 0x00, 0x00, 0x00, 0x00, 0x00, 0x00, 
    0x00, 0x00, 0x00, 0x00, 0x00, 0x00, 0x00, 0x00, 0x00, 0x00, 0x00, 0x00, 0x00, 0x00, 0x00, 0x00, 0x00, 0x00, 0x00, 0x00, 0x00, 0x00, 0x00, 0x00, 0x00, 0x00, 0x00, 0x00, 0x00, 0x00, 0x00, 0x00, 
    0x0a, 0x28, 0x64, 0xff, 0x0a, 0x28, 0x64, 0xff, 0x0a, 0x28, 0x64, 0xff, 0x3c, 0x8c, 0xf0, 0xff, 0x3c, 0x8c, 0xf0, 0xff, 0x3c, 0x8c, 0xf0, 0xff, 0x3c, 0x8c, 0xf0, 0xff, 0x3c, 0x8c, 0xf0, 0xff, 
    0x3c, 0x8c, 0xf0, 0xff, 0x3c, 0x8c, 0xf0, 0xff, 0x3c, 0x8c, 0xf0, 0xff, 0x3c, 0x8c, 0xf0, 0xff, 0x3c, 0x8c, 0xf0, 0xff, 0x3c, 0x8c, 0xf0, 0xff, 0x3c, 0x8c, 0xf0, 0xff, 0x3c, 0x8c, 0xf0, 0xff, 
    0x3c, 0x8c, 0xf0, 0xff, 0x3c, 0x8c, 0xf0, 0xff, 0x3c, 0x8c, 0xf0, 0xff, 0x3c, 0x8c, 0xf0, 0xff, 0x3c, 0x8c, 0xf0, 0xff, 0x3c, 0x8c, 0xf0, 0xff, 0x0a, 0x28, 0x64, 0xff, 0x0a, 0x28, 0x64, 0xff, 
    0x00, 0x00, 0x00, 0x00, 0x00, 0x00, 0x00, 0x00, 0x00, 0x00, 0x00, 0x00, 0x00, 0x00, 0x00, 0x00, 0x00, 0x00, 0x00, 0x00, 0x00, 0x00, 0x00, 0x00, 0x00, 0x00, 0x00, 0x00, 0x00, 0x00, 0x00, 0x00, 
    0x00, 0x00, 0x00, 0x00, 0x00, 0x00, 0x00, 0x00, 0x00, 0x00, 0x00, 0x00, 0x00, 0x00, 0x00, 0x00, 0x00, 0x00, 0x00, 0x00, 0x00, 0x00, 0x00, 0x00, 0x00, 0x00, 0x00, 0x00, 0x00, 0x00, 0x00, 0x00, 
    0x00, 0x00, 0x00, 0x00, 0x00, 0x00, 0x00, 0x00, 0x00, 0x00, 0x00, 0x00, 0x00, 0x00, 0x00, 0x00, 0x00, 0x00, 0x00, 0x00, 0x00, 0x00, 0x00, 0x00, 0x00, 0x00, 0x00, 0x00, 0x00, 0x00, 0x00, 0x00, 
    0x00, 0x00, 0x00, 0x00, 0x00, 0x00, 0x00, 0x00, 0x00, 0x00, 0x00, 0x00, 0x00, 0x00, 0x00, 0x00, 0x00, 0x00, 0x00, 0x00, 0x00, 0x00, 0x00, 0x00, 0x00, 0x00, 0x00, 0x00, 0x00, 0x00, 0x00, 0x00, 
    0x00, 0x00, 0x00, 0x00, 0x00, 0x00, 0x00, 0x00, 0x00, 0x00, 0x00, 0x00, 0x00, 0x00, 0x00, 0x00, 0x00, 0x00, 0x00, 0x00, 0x00, 0x00, 0x00, 0x00, 0x00, 0x00, 0x00, 0x00, 0x00, 0x00, 0x00, 0x00, 
    0x0a, 0x28, 0x64, 0xff, 0x0a, 0x28, 0x64, 0xff, 0x0a, 0x28, 0x64, 0xff, 0x0a, 0x28, 0x64, 0xff, 0x0a, 0x28, 0x64, 0xff, 0x0a, 0x28, 0x64, 0xff, 0x0a, 0x28, 0x64, 0xff, 0x0a, 0x28, 0x64, 0xff, 
    0x0a, 0x28, 0x64, 0xff, 0x0a, 0x28, 0x64, 0xff, 0x0a, 0x28, 0x64, 0xff, 0x0a, 0x28, 0x64, 0xff, 0x0a, 0x28, 0x64, 0xff, 0x0a, 0x28, 0x64, 0xff, 0x0a, 0x28, 0x64, 0xff, 0x0a, 0x28, 0x64, 0xff, 
    0x0a, 0x28, 0x64, 0xff, 0x0a, 0x28, 0x64, 0xff, 0x0a, 0x28, 0x64, 0xff, 0x0a, 0x28, 0x64, 0xff, 0x0a, 0x28, 0x64, 0xff, 0x0a, 0x28, 0x64, 0xff, 0x0a, 0x28, 0x64, 0xff, 0x0a, 0x28, 0x64, 0xff, 
    0x0a, 0x28, 0x64, 0xff, 0x0a, 0x28, 0x64, 0xff, 0x0a, 0x28, 0x64, 0xff, 0x0a, 0x28, 0x64, 0xff, 0x0a, 0x28, 0x64, 0xff, 0x0a, 0x28, 0x64, 0xff, 0x0a, 0x28, 0x64, 0xff, 0x0a, 0x28, 0x64, 0xff, 
    0x0a, 0x28, 0x64, 0xff, 0x0a, 0x28, 0x64, 0xff, 0x0a, 0x28, 0x64, 0xff, 0x0a, 0x28, 0x64, 0xff, 0x0a, 0x28, 0x64, 0xff, 0x0a, 0x28, 0x64, 0xff, 0x0a, 0x28, 0x64, 0xff, 0x0a, 0x28, 0x64, 0xff, 
    0x0a, 0x28, 0x64, 0xff, 0x0a, 0x28, 0x64, 0xff, 0x0a, 0x28, 0x64, 0xff, 0x0a, 0x28, 0x64, 0xff, 0x0a, 0x28, 0x64, 0xff, 0x0a, 0x28, 0x64, 0xff, 0x0a, 0x28, 0x64, 0xff, 0x0a, 0x28, 0x64, 0xff, 
    0x0a, 0x28, 0x64, 0xff, 0x0a, 0x28, 0x64, 0xff, 0x00, 0x00, 0x00, 0x00, 0x00, 0x00, 0x00, 0x00, 0x00, 0x00, 0x00, 0x00, 0x00, 0x00, 0x00, 0x00, 0x00, 0x00, 0x00, 0x00, 0x00, 0x00, 0x00, 0x00, 
    0x00, 0x00, 0x00, 0x00, 0x00, 0x00, 0x00, 0x00, 0x00, 0x00, 0x00, 0x00, 0x00, 0x00, 0x00, 0x00, 0x00, 0x00, 0x00, 0x00, 0x00, 0x00, 0x00, 0x00, 0x00, 0x00, 0x00, 0x00, 0x00, 0x00, 0x00, 0x00, 
    0x0a, 0x28, 0x64, 0xff, 0x0a, 0x28, 0x64, 0xff, 0x0a, 0x28, 0x64, 0xff, 0x0a, 0x28, 0x64, 0xff, 0x0a, 0x28, 0x64, 0xff, 0x0a, 0x28, 0x64, 0xff, 0x0a, 0x28, 0x64, 0xff, 0x0a, 0x28, 0x64, 0xff, 
    0x0a, 0x28, 0x64, 0xff, 0x0a, 0x28, 0x64, 0xff, 0x0a, 0x28, 0x64, 0xff, 0x0a, 0x28, 0x64, 0xff, 0x0a, 0x28, 0x64, 0xff, 0x0a, 0x28, 0x64, 0xff, 0x0a, 0x28, 0x64, 0xff, 0x0a, 0x28, 0x64, 0xff, 
    0x0a, 0x28, 0x64, 0xff, 0x0a, 0x28, 0x64, 0xff, 0x0a, 0x28, 0x64, 0xff, 0x0a, 0x28, 0x64, 0xff, 0x0a, 0x28, 0x64, 0xff, 0x0a, 0x28, 0x64, 0xff, 0x0a, 0x28, 0x64, 0xff, 0x0a, 0x28, 0x64, 0xff, 
    0x0a, 0x28, 0x64, 0xff, 0x0a, 0x28, 0x64, 0xff, 0x0a, 0x28, 0x64, 0xff, 0x0a, 0x28, 0x64, 0xff, 0x0a, 0x28, 0x64, 0xff, 0x0a, 0x28, 0x64, 0xff, 0x0a, 0x28, 0x64, 0xff, 0x0a, 0x28, 0x64, 0xff, 
    0x0a, 0x28, 0x64, 0xff, 0x0a, 0x28, 0x64, 0xff, 0x0a, 0x28, 0x64, 0xff, 0x0a, 0x28, 0x64, 0xff, 0x0a, 0x28, 0x64, 0xff, 0x0a, 0x28, 0x64, 0xff, 0x0a, 0x28, 0x64, 0xff, 0x0a, 0x28, 0x64, 0xff, 
    0x0a, 0x28, 0x64, 0xff, 0x0a, 0x28, 0x64, 0xff, 0x0a, 0x28, 0x64, 0xff, 0x0a, 0x28, 0x64, 0xff, 0x0a, 0x28, 0x64, 0xff, 0x0a, 0x28, 0x64, 0xff, 0x0a, 0x28, 0x64, 0xff, 0x0a, 0x28, 0x64, 0xff, 
    0x0a, 0x28, 0x64, 0xff, 0x0a, 0x28, 0x64, 0xff, 0x00, 0x00, 0x00, 0x00, 0x00, 0x00, 0x00, 0x00, 0x00, 0x00, 0x00, 0x00, 0x00, 0x00, 0x00, 0x00, 0x00, 0x00, 0x00, 0x00, 0x00, 0x00, 0x00, 0x00, 
    0x00, 0x00, 0x00, 0x00, 0x00, 0x00, 0x00, 0x00, 0x00, 0x00, 0x00, 0x00, 0x00, 0x00, 0x00, 0x00, 0x00, 0x00, 0x00, 0x00, 0x00, 0x00, 0x00, 0x00, 0x00, 0x00, 0x00, 0x00, 0x00, 0x00, 0x00, 0x00, 
    0x0a, 0x28, 0x64, 0xff, 0x0a, 0x28, 0x64, 0xff, 0x39, 0x87, 0xeb, 0xff, 0x39, 0x87, 0xeb, 0xff, 0x39, 0x87, 0xeb, 0xff, 0x39, 0x87, 0xeb, 0xff, 0x39, 0x87, 0xeb, 0xff, 0x39, 0x87, 0xeb, 0xff, 
    0x39, 0x87, 0xeb, 0xff, 0x39, 0x87, 0xeb, 0xff, 0x39, 0x87, 0xeb, 0xff, 0x39, 0x87, 0xeb, 0xff, 0x39, 0x87, 0xeb, 0xff, 0x39, 0x87, 0xeb, 0xff, 0x39, 0x87, 0xeb, 0xff, 0x39, 0x87, 0xeb, 0xff, 
    0x39, 0x87, 0xeb, 0xff, 0x39, 0x87, 0xeb, 0xff, 0x39, 0x87, 0xeb, 0xff, 0x39, 0x87, 0xeb, 0xff, 0x39, 0x87, 0xeb, 0xff, 0x39, 0x87, 0xeb, 0xff, 0x39, 0x87, 0xeb, 0xff, 0x39, 0x87, 0xeb, 0xff, 
    0x39, 0x87, 0xeb, 0xff, 0x39, 0x87, 0xeb, 0xff, 0x39, 0x87, 0xeb, 0xff, 0x39, 0x87, 0xeb, 0xff, 0x39, 0x87, 0xeb, 0xff, 0x39, 0x87, 0xeb, 0xff, 0x39, 0x87, 0xeb, 0xff, 0x39, 0x87, 0xeb, 0xff, 
    0x39, 0x87, 0xeb, 0xff, 0x39, 0x87, 0xeb, 0xff, 0x39, 0x87, 0xeb, 0xff, 0x39, 0x87, 0xeb, 0xff, 0x39, 0x87, 0xeb, 0xff, 0x39, 0x87, 0xeb, 0xff, 0x39, 0x87, 0xeb, 0xff, 0x39, 0x87, 0xeb, 0xff, 
    0x39, 0x87, 0xeb, 0xff, 0x39, 0x87, 0xeb, 0xff, 0x39, 0x87, 0xeb, 0xff, 0x39, 0x87, 0xeb, 0xff, 0x39, 0x87, 0xeb, 0xff, 0x39, 0x87, 0xeb, 0xff, 0x39, 0x87, 0xeb, 0xff, 0x39, 0x87, 0xeb, 0xff, 
    0x0a, 0x28, 0x64, 0xff, 0x0a, 0x28, 0x64, 0xff, 0x00, 0x00, 0x00, 0x00, 0x00, 0x00, 0x00, 0x00, 0x00, 0x00, 0x00, 0x00, 0x00, 0x00, 0x00, 0x00, 0x00, 0x00, 0x00, 0x00, 0x00, 0x00, 0x00, 0x00, 
    0x00, 0x00, 0x00, 0x00, 0x00, 0x00, 0x00, 0x00, 0x00, 0x00, 0x00, 0x00, 0x00, 0x00, 0x00, 0x00, 0x00, 0x00, 0x00, 0x00, 0x00, 0x00, 0x00, 0x00, 0x00, 0x00, 0x00, 0x00, 0x00, 0x00, 0x00, 0x00, 
    0x0a, 0x28, 0x64, 0xff, 0x0a, 0x28, 0x64, 0xff, 0x38, 0x85, 0xe8, 0xff, 0xff, 0xff, 0xff, 0x78, 0xff, 0xff, 0xff, 0x78, 0xff, 0xff, 0xff, 0x78, 0xff, 0xff, 0xff, 0x78, 0xff, 0xff, 0xff, 0x78, 
    0xff, 0xff, 0xff, 0x78, 0xff, 0xff, 0xff, 0x78, 0xff, 0xff, 0xff, 0x78, 0xff, 0xff, 0xff, 0x78, 0xff, 0xff, 0xff, 0x78, 0xff, 0xff, 0xff, 0x78, 0xff, 0xff, 0xff, 0x78, 0xff, 0xff, 0xff, 0x78, 
    0xff, 0xff, 0xff, 0x78, 0xff, 0xff, 0xff, 0x78, 0xff, 0xff, 0xff, 0x78, 0xff, 0xff, 0xff, 0x78, 0xff, 0xff, 0xff, 0x78, 0xff, 0xff, 0xff, 0x78, 0xff, 0xff, 0xff, 0x78, 0xff, 0xff, 0xff, 0x78, 
    0xff, 0xff, 0xff, 0x78, 0xff, 0xff, 0xff, 0x78, 0xff, 0xff, 0xff, 0x78, 0xff, 0xff, 0xff, 0x78, 0xff, 0xff, 0xff, 0x78, 0xff, 0xff, 0xff, 0x78, 0xff, 0xff, 0xff, 0x78, 0xff, 0xff, 0xff, 0x78, 
    0xff, 0xff, 0xff, 0x78, 0xff, 0xff, 0xff, 0x78, 0xff, 0xff, 0xff, 0x78, 0xff, 0xff, 0xff, 0x78, 0xff, 0xff, 0xff, 0x78, 0xff, 0xff, 0xff, 0x78, 0xff, 0xff, 0xff, 0x78, 0xff, 0xff, 0xff, 0x78, 
    0xff, 0xff, 0xff, 0x78, 0xff, 0xff, 0xff, 0x78, 0xff, 0xff, 0xff, 0x78, 0xff, 0xff, 0xff, 0x78, 0xff, 0xff, 0xff, 0x78, 0xff, 0xff, 0xff, 0x78, 0x38, 0x85, 0xe8, 0xff, 0x38, 0x85, 0xe8, 0xff, 
    0x0a, 0x28, 0x64, 0xff, 0x0a, 0x28, 0x64, 0xff, 0x00, 0x00, 0x00, 0x00, 0x00, 0x00, 0x00, 0x00, 0x00, 0x00, 0x00, 0x00, 0x00, 0x00, 0x00, 0x00, 0x00, 0x00, 0x00, 0x00, 0x00, 0x00, 0x00, 0x00, 
    0x00, 0x00, 0x00, 0x00, 0x00, 0x00, 0x00, 0x00, 0x00, 0x00, 0x00, 0x00, 0x00, 0x00, 0x00, 0x00, 0x00, 0x00, 0x00, 0x00, 0x00, 0x00, 0x00, 0x00, 0x00, 0x00, 0x00, 0x00, 0x00, 0x00, 0x00, 0x00, 
    0x0a, 0x28, 0x64, 0xff, 0x0a, 0x28, 0x64, 0xff, 0x37, 0x83, 0xe5, 0xff, 0x37, 0x83, 0xe5, 0xff, 0x37, 0x83, 0xe5, 0xff, 0x37, 0x83, 0xe5, 0xff, 0x37, 0x83, 0xe5, 0xff, 0x37, 0x83, 0xe5, 0xff, 
    0x37, 0x83, 0xe5, 0xff, 0x37, 0x83, 0xe5, 0xff, 0x37, 0x83, 0xe5, 0xff, 0x37, 0x83, 0xe5, 0xff, 0x37, 0x83, 0xe5, 0xff, 0x37, 0x83, 0xe5, 0xff, 0x37, 0x83, 0xe5, 0xff, 0x37, 0x83, 0xe5, 0xff, 
    0x37, 0x83, 0xe5, 0xff, 0x37, 0x83, 0xe5, 0xff, 0x37, 0x83, 0xe5, 0xff, 0x37, 0x83, 0xe5, 0xff, 0x37, 0x83, 0xe5, 0xff, 0x37, 0x83, 0xe5, 0xff, 0x37, 0x83, 0xe5, 0xff, 0x37, 0x83, 0xe5, 0xff, 
    0x37, 0x83, 0xe5, 0xff, 0x37, 0x83, 0xe5, 0xff, 0x37, 0x83, 0xe5, 0xff, 0x37, 0x83, 0xe5, 0xff, 0x37, 0x83, 0xe5, 0xff, 0x37, 0x83, 0xe5, 0xff, 0x37, 0x83, 0xe5, 0xff, 0x37, 0x83, 0xe5, 0xff, 
    0x37, 0x83, 0xe5, 0xff, 0x37, 0x83, 0xe5, 0xff, 0x37, 0x83, 0xe5, 0xff, 0x37, 0x83, 0xe5, 0xff, 0x37, 0x83, 0xe5, 0xff, 0x37, 0x83, 0xe5, 0xff, 0x37, 0x83, 0xe5, 0xff, 0x37, 0x83, 0xe5, 0xff, 
    0x37, 0x83, 0xe5, 0xff, 0x37, 0x83, 0xe5, 0xff, 0x37, 0x83, 0xe5, 0xff, 0x37, 0x83, 0xe5, 0xff, 0x37, 0x83, 0xe5, 0xff, 0x37, 0x83, 0xe5, 0xff, 0x37, 0x83, 0xe5, 0xff, 0x37, 0x83, 0xe5, 0xff, 
    0x0a, 0x28, 0x64, 0xff, 0x0a, 0x28, 0x64, 0xff, 0x00, 0x00, 0x00, 0x00, 0x00, 0x00, 0x00, 0x00, 0x00, 0x00, 0x00, 0x00, 0x00, 0x00, 0x00, 0x00, 0x00, 0x00, 0x00, 0x00, 0x00, 0x00, 0x00, 0x00, 
    0x00, 0x00, 0x00, 0x00, 0x00, 0x00, 0x00, 0x00, 0x00, 0x00, 0x00, 0x00, 0x00, 0x00, 0x00, 0x00, 0x00, 0x00, 0x00, 0x00, 0x00, 0x00, 0x00, 0x00, 0x00, 0x00, 0x00, 0x00, 0x00, 0x00, 0x00, 0x00, 
    0x0a, 0x28, 0x64, 0xff, 0x0a, 0x28, 0x64, 0xff, 0x36, 0x80, 0xe3, 0xff, 0x36, 0x80, 0xe3, 0xff, 0x36, 0x80, 0xe3, 0xff, 0x36, 0x80, 0xe3, 0xff, 0x36, 0x80, 0xe3, 0xff, 0x36, 0x80, 0xe3, 0xff, 
    0x36, 0x80, 0xe3, 0xff, 0x36, 0x80, 0xe3, 0xff, 0x36, 0x80, 0xe3, 0xff, 0x36, 0x80, 0xe3, 0xff, 0x36, 0x80, 0xe3, 0xff, 0x36, 0x80, 0xe3, 0xff, 0x36, 0x80, 0xe3, 0xff, 0x36, 0x80, 0xe3, 0xff, 
    0x36, 0x80, 0xe3, 0xff, 0x36, 0x80, 0xe3, 0xff, 0x36, 0x80, 0xe3, 0xff, 0x36, 0x80, 0xe3, 0xff, 0x36, 0x80, 0xe3, 0xff, 0x36, 0x80, 0xe3, 0xff, 0x36, 0x80, 0xe3, 0xff, 0x36, 0x80, 0xe3, 0xff, 
    0x36, 0x80, 0xe3, 0xff, 0x36, 0x80, 0xe3, 0xff, 0x36, 0x80, 0xe3, 0xff, 0x36, 0x80, 0xe3, 0xff, 0x36, 0x80, 0xe3, 0xff, 0x36, 0x80, 0xe3, 0xff, 0x36, 0x80, 0xe3, 0xff, 0x36, 0x80, 0xe3, 0xff, 
    0x36, 0x80, 0xe3, 0xff, 0x36, 0x80, 0xe3, 0xff, 0x36, 0x80, 0xe3, 0xff, 0x36, 0x80, 0xe3, 0xff, 0x36, 0x80, 0xe3, 0xff, 0x36, 0x80, 0xe3, 0xff, 0x36, 0x80, 0xe3, 0xff, 0x36, 0x80, 0xe3, 0xff, 
    0x36, 0x80, 0xe3, 0xff, 0x36, 0x80, 0xe3, 0xff, 0x36, 0x80, 0xe3, 0xff, 0x36, 0x80, 0xe3, 0xff, 0x36, 0x80, 0xe3, 0xff, 0x36, 0x80, 0xe3, 0xff, 0x36, 0x80, 0xe3, 0xff, 0x36, 0x80, 0xe3, 0xff, 
    0x0a, 0x28, 0x64, 0xff, 0x0a, 0x28, 0x64, 0xff, 0x00, 0x00, 0x00, 0x00, 0x00, 0x00, 0x00, 0x00, 0x00, 0x00, 0x00, 0x00, 0x00, 0x00, 0x00, 0x00, 0x00, 0x00, 0x00, 0x00, 0x00, 0x00, 0x00, 0x00, 
    0x00, 0x00, 0x00, 0x00, 0x00, 0x00, 0x00, 0x00, 0x00, 0x00, 0x00, 0x00, 0x00, 0x00, 0x00, 0x00, 0x00, 0x00, 0x00, 0x00, 0x00, 0x00, 0x00, 0x00, 0x00, 0x00, 0x00, 0x00, 0x00, 0x00, 0x00, 0x00, 
    0x0a, 0x28, 0x64, 0xff, 0x0a, 0x28, 0x64, 0xff, 0x35, 0x7e, 0xe1, 0xff, 0x35, 0x7e, 0xe1, 0xff, 0x35, 0x7e, 0xe1, 0xff, 0x35, 0x7e, 0xe1, 0xff, 0x35, 0x7e, 0xe1, 0xff, 0x35, 0x7e, 0xe1, 0xff, 
    0x35, 0x7e, 0xe1, 0xff, 0x35, 0x7e, 0xe1, 0xff, 0x35, 0x7e, 0xe1, 0xff, 0x35, 0x7e, 0xe1, 0xff, 0x35, 0x7e, 0xe1, 0xff, 0x35, 0x7e, 0xe1, 0xff, 0x35, 0x7e, 0xe1, 0xff, 0x35, 0x7e, 0xe1, 0xff, 
    0x35, 0x7e, 0xe1, 0xff, 0x35, 0x7e, 0xe1, 0xff, 0x35, 0x7e, 0xe1, 0xff, 0x35, 0x7e, 0xe1, 0xff, 0x35, 0x7e, 0xe1, 0xff, 0x35, 0x7e, 0xe1, 0xff, 0x35, 0x7e, 0xe1, 0xff, 0x35, 0x7e, 0xe1, 0xff, 
    0x35, 0x7e, 0xe1, 0xff, 0x35, 0x7e, 0xe1, 0xff, 0x35, 0x7e, 0xe1, 0xff, 0x35, 0x7e, 0xe1, 0xff, 0x35, 0x7e, 0xe1, 0xff, 0x35, 0x7e, 0xe1, 0xff, 0x35, 0x7e, 0xe1, 0xff, 0x35, 0x7e, 0xe1, 0xff, 
    0x35, 0x7e, 0xe1, 0xff, 0x35, 0x7e, 0xe1, 0xff, 0x35, 0x7e, 0xe1, 0xff, 0x35, 0x7e, 0xe1, 0xff, 0x35, 0x7e, 0xe1, 0xff, 0x35, 0x7e, 0xe1, 0xff, 0x35, 0x7e, 0xe1, 0xff, 0x35, 0x7e, 0xe1, 0xff, 
    0x35, 0x7e, 0xe1, 0xff, 0x35, 0x7e, 0xe1, 0xff, 0x35, 0x7e, 0xe1, 0xff, 0x35, 0x7e, 0xe1, 0xff, 0x35, 0x7e, 0xe1, 0xff, 0x35, 0x7e, 0xe1, 0xff, 0x35, 0x7e, 0xe1, 0xff, 0x35, 0x7e, 0xe1, 0xff, 
    0x0a, 0x28, 0x64, 0xff, 0x0a, 0x28, 0x64, 0xff, 0x00, 0x00, 0x00, 0x00, 0x00, 0x00, 0x00, 0x00, 0x00, 0x00, 0x00, 0x00, 0x00, 0x00, 0x00, 0x00, 0x00, 0x00, 0x00, 0x00, 0x00, 0x00, 0x00, 0x00, 
    0x00, 0x00, 0x00, 0x00, 0x00, 0x00, 0x00, 0x00, 0x00, 0x00, 0x00, 0x00, 0x00, 0x00, 0x00, 0x00, 0x00, 0x00, 0x00, 0x00, 0x00, 0x00, 0x00, 0x00, 0x00, 0x00, 0x00, 0x00, 0x00, 0x00, 0x00, 0x00, 
    0x0a, 0x28, 0x64, 0xff, 0x0a, 0x28, 0x64, 0xff, 0x34, 0x7c, 0xde, 0xff, 0x34, 0x7c, 0xde, 0xff, 0x34, 0x7c, 0xde, 0xff, 0x34, 0x7c, 0xde, 0xff, 0x34, 0x7c, 0xde, 0xff, 0x34, 0x7c, 0xde, 0xff, 
    0x34, 0x7c, 0xde, 0xff, 0x34, 0x7c, 0xde, 0xff, 0x34, 0x7c, 0xde, 0xff, 0x34, 0x7c, 0xde, 0xff, 0x34, 0x7c, 0xde, 0xff, 0x34, 0x7c, 0xde, 0xff, 0x34, 0x7c, 0xde, 0xff, 0x34, 0x7c, 0xde, 0xff, 
    0x34, 0x7c, 0xde, 0xff, 0x34, 0x7c, 0xde, 0xff, 0x34, 0x7c, 0xde, 0xff, 0x34, 0x7c, 0xde, 0xff, 0x34, 0x7c, 0xde, 0xff, 0x34, 0x7c, 0xde, 0xff, 0x34, 0x7c, 0xde, 0xff, 0x34, 0x7c, 0xde, 0xff, 
    0x34, 0x7c, 0xde, 0xff, 0x34, 0x7c, 0xde, 0xff, 0x34, 0x7c, 0xde, 0xff, 0x34, 0x7c, 0xde, 0xff, 0x34, 0x7c, 0xde, 0xff, 0x34, 0x7c, 0xde, 0xff, 0x34, 0x7c, 0xde, 0xff, 0x34, 0x7c, 0xde, 0xff, 
    0x34, 0x7c, 0xde, 0xff, 0x34, 0x7c, 0xde, 0xff, 0x34, 0x7c, 0xde, 0xff, 0x34, 0x7c, 0xde, 0xff, 0x34, 0x7c, 0xde, 0xff, 0x34, 0x7c, 0xde, 0xff, 0x34, 0x7c, 0xde, 0xff, 0x34, 0x7c, 0xde, 0xff, 
    0x34, 0x7c, 0xde, 0xff, 0x34, 0x7c, 0xde, 0xff, 0x34, 0x7c, 0xde, 0xff, 0x34, 0x7c, 0xde, 0xff, 0x34, 0x7c, 0xde, 0xff, 0x34, 0x7c, 0xde, 0xff, 0x34, 0x7c, 0xde, 0xff, 0x34, 0x7c, 0xde, 0xff, 
    0x0a, 0x28, 0x64, 0xff, 0x0a, 0x28, 0x64, 0xff, 0x00, 0x00, 0x00, 0x00, 0x00, 0x00, 0x00, 0x00, 0x00, 0x00, 0x00, 0x00, 0x00, 0x00, 0x00, 0x00, 0x00, 0x00, 0x00, 0x00, 0x00, 0x00, 0x00, 0x00, 
    0x00, 0x00, 0x00, 0x00, 0x00, 0x00, 0x00, 0x00, 0x00, 0x00, 0x00, 0x00, 0x00, 0x00, 0x00, 0x00, 0x00, 0x00, 0x00, 0x00, 0x00, 0x00, 0x00, 0x00, 0x00, 0x00, 0x00, 0x00, 0x00, 0x00, 0x00, 0x00, 
    0x0a, 0x28, 0x64, 0xff, 0x0a, 0x28, 0x64, 0xff, 0x33, 0x7a, 0xdc, 0xff, 0x33, 0x7a, 0xdc, 0xff, 0x33, 0x7a, 0xdc, 0xff, 0x33, 0x7a, 0xdc, 0xff, 0x33, 0x7a, 0xdc, 0xff, 0x33, 0x7a, 0xdc, 0xff, 
    0x33, 0x7a, 0xdc, 0xff, 0x33, 0x7a, 0xdc, 0xff, 0x33, 0x7a, 0xdc, 0xff, 0x33, 0x7a, 0xdc, 0xff, 0x33, 0x7a, 0xdc, 0xff, 0x33, 0x7a, 0xdc, 0xff, 0x33, 0x7a, 0xdc, 0xff, 0x33, 0x7a, 0xdc, 0xff, 
    0x33, 0x7a, 0xdc, 0xff, 0x33, 0x7a, 0xdc, 0xff, 0x33, 0x7a, 0xdc, 0xff, 0x33, 0x7a, 0xdc, 0xff, 0x33, 0x7a, 0xdc, 0xff, 0x33, 0x7a, 0xdc, 0xff, 0x33, 0x7a, 0xdc, 0xff, 0x33, 0x7a, 0xdc, 0xff, 
    0x33, 0x7a, 0xdc, 0xff, 0x33, 0x7a, 0xdc, 0xff, 0x33, 0x7a, 0xdc, 0xff, 0x33, 0x7a, 0xdc, 0xff, 0x33, 0x7a, 0xdc, 0xff, 0x33, 0x7a, 0xdc, 0xff, 0x33, 0x7a, 0xdc, 0xff, 0x33, 0x7a, 0xdc, 0xff, 
    0x33, 0x7a, 0xdc, 0xff, 0x33, 0x7a, 0xdc, 0xff, 0x33, 0x7a, 0xdc, 0xff, 0x33, 0x7a, 0xdc, 0xff, 0x33, 0x7a, 0xdc, 0xff, 0x33, 0x7a, 0xdc, 0xff, 0x33, 0x7a, 0xdc, 0xff, 0x33, 0x7a, 0xdc, 0xff, 
    0x33, 0x7a, 0xdc, 0xff, 0x33, 0x7a, 0xdc, 0xff, 0x33, 0x7a, 0xdc, 0xff, 0x33, 0x7a, 0xdc, 0xff, 0x33, 0x7a, 0xdc, 0xff, 0x33, 0x7a, 0xdc, 0xff, 0x33, 0x7a, 0xdc, 0xff, 0x33, 0x7a, 0xdc, 0xff, 
    0x0a, 0x28, 0x64, 0xff, 0x0a, 0x28, 0x64, 0xff, 0x00, 0x00, 0x00, 0x00, 0x00, 0x00, 0x00, 0x00, 0x00, 0x00, 0x00, 0x00, 0x00, 0x00, 0x00, 0x00, 0x00, 0x00, 0x00, 0x00, 0x00, 0x00, 0x00, 0x00, 
    0x00, 0x00, 0x00, 0x00, 0x00, 0x00, 0x00, 0x00, 0x00, 0x00, 0x00, 0x00, 0x00, 0x00, 0x00, 0x00, 0x00, 0x00, 0x00, 0x00, 0x00, 0x00, 0x00, 0x00, 0x00, 0x00, 0x00, 0x00, 0x00, 0x00, 0x00, 0x00, 
    0x0a, 0x28, 0x64, 0xff, 0x0a, 0x28, 0x64, 0xff, 0x32, 0x78, 0xd9, 0xff, 0x32, 0x78, 0xd9, 0xff, 0x32, 0x78, 0xd9, 0xff, 0x32, 0x78, 0xd9, 0xff, 0x32, 0x78, 0xd9, 0xff, 0x32, 0x78, 0xd9, 0xff, 
    0x32, 0x78, 0xd9, 0xff, 0x32, 0x78, 0xd9, 0xff, 0x32, 0x78, 0xd9, 0xff, 0x32, 0x78, 0xd9, 0xff, 0x32, 0x78, 0xd9, 0xff, 0x32, 0x78, 0xd9, 0xff, 0x32, 0x78, 0xd9, 0xff, 0x32, 0x78, 0xd9, 0xff, 
    0x32, 0x78, 0xd9, 0xff, 0x32, 0x78, 0xd9, 0xff, 0x32, 0x78, 0xd9, 0xff, 0x32, 0x78, 0xd9, 0xff, 0x32, 0x78, 0xd9, 0xff, 0x32, 0x78, 0xd9, 0xff, 0x32, 0x78, 0xd9, 0xff, 0x32, 0x78, 0xd9, 0xff, 
    0x32, 0x78, 0xd9, 0xff, 0x32, 0x78, 0xd9, 0xff, 0x32, 0x78, 0xd9, 0xff, 0x32, 0x78, 0xd9, 0xff, 0x32, 0x78, 0xd9, 0xff, 0x32, 0x78, 0xd9, 0xff, 0x32, 0x78, 0xd9, 0xff, 0x32, 0x78, 0xd9, 0xff, 
    0x32, 0x78, 0xd9, 0xff, 0x32, 0x78, 0xd9, 0xff, 0x32, 0x78, 0xd9, 0xff, 0x32, 0x78, 0xd9, 0xff, 0x32, 0x78, 0xd9, 0xff, 0x32, 0x78, 0xd9, 0xff, 0x32, 0x78, 0xd9, 0xff, 0x32, 0x78, 0xd9, 0xff, 
    0x32, 0x78, 0xd9, 0xff, 0x32, 0x78, 0xd9, 0xff, 0x32, 0x78, 0xd9, 0xff, 0x32, 0x78, 0xd9, 0xff, 0x32, 0x78, 0xd9, 0xff, 0x32, 0x78, 0xd9, 0xff, 0x32, 0x78, 0xd9, 0xff, 0x32, 0x78, 0xd9, 0xff, 
    0x0a, 0x28, 0x64, 0xff, 0x0a, 0x28, 0x64, 0xff, 0x00, 0x00, 0x00, 0x00, 0x00, 0x00, 0x00, 0x00, 0x00, 0x00, 0x00, 0x00, 0x00, 0x00, 0x00, 0x00, 0x00, 0x00, 0x00, 0x00, 0x00, 0x00, 0x00, 0x00, 
    0x00, 0x00, 0x00, 0x00, 0x00, 0x00, 0x00, 0x00, 0x00, 0x00, 0x00, 0x00, 0x00, 0x00, 0x00, 0x00, 0x00, 0x00, 0x00, 0x00, 0x00, 0x00, 0x00, 0x00, 0x00, 0x00, 0x00, 0x00, 0x00, 0x00, 0x00, 0x00, 
    0x0a, 0x28, 0x64, 0xff, 0x0a, 0x28, 0x64, 0xff, 0x30, 0x75, 0xd7, 0xff, 0x30, 0x75, 0xd7, 0xff, 0x30, 0x75, 0xd7, 0xff, 0x30, 0x75, 0xd7, 0xff, 0x30, 0x75, 0xd7, 0xff, 0x30, 0x75, 0xd7, 0xff, 
    0x30, 0x75, 0xd7, 0xff, 0x30, 0x75, 0xd7, 0xff, 0x30, 0x75, 0xd7, 0xff, 0x30, 0x75, 0xd7, 0xff, 0x30, 0x75, 0xd7, 0xff, 0x30, 0x75, 0xd7, 0xff, 0x30, 0x75, 0xd7, 0xff, 0x30, 0x75, 0xd7, 0xff, 
    0x30, 0x75, 0xd7, 0xff, 0x30, 0x75, 0xd7, 0xff, 0x30, 0x75, 0xd7, 0xff, 0x30, 0x75, 0xd7, 0xff, 0x30, 0x75, 0xd7, 0xff, 0x30, 0x75, 0xd7, 0xff, 0x30, 0x75, 0xd7, 0xff, 0x30, 0x75, 0xd7, 0xff, 
    0x30, 0x75, 0xd7, 0xff, 0x30, 0x75, 0xd7, 0xff, 0x30, 0x75, 0xd7, 0xff, 0x30, 0x75, 0xd7, 0xff, 0x30, 0x75, 0xd7, 0xff, 0x30, 0x75, 0xd7, 0xff, 0x30, 0x75, 0xd7, 0xff, 0x30, 0x75, 0xd7, 0xff, 
    0x30, 0x75, 0xd7, 0xff, 0x30, 0x75, 0xd7, 0xff, 0x30, 0x75, 0xd7, 0xff, 0x30, 0x75, 0xd7, 0xff, 0x30, 0x75, 0xd7, 0xff, 0x30, 0x75, 0xd7, 0xff, 0x30, 0x75, 0xd7, 0xff, 0x30, 0x75, 0xd7, 0xff, 
    0x30, 0x75, 0xd7, 0xff, 0x30, 0x75, 0xd7, 0xff, 0x30, 0x75, 0xd7, 0xff, 0x30, 0x75, 0xd7, 0xff, 0x30, 0x75, 0xd7, 0xff, 0x30, 0x75, 0xd7, 0xff, 0x30, 0x75, 0xd7, 0xff, 0x30, 0x75, 0xd7, 0xff, 
    0x0a, 0x28, 0x64, 0xff, 0x0a, 0x28, 0x64, 0xff, 0x00, 0x00, 0x00, 0x00, 0x00, 0x00, 0x00, 0x00, 0x00, 0x00, 0x00, 0x00, 0x00, 0x00, 0x00, 0x00, 0x00, 0x00, 0x00, 0x00, 0x00, 0x00, 0x00, 0x00, 
    0x00, 0x00, 0x00, 0x00, 0x00, 0x00, 0x00, 0x00, 0x00, 0x00, 0x00, 0x00, 0x00, 0x00, 0x00, 0x00, 0x00, 0x00, 0x00, 0x00, 0x00, 0x00, 0x00, 0x00, 0x00, 0x00, 0x00, 0x00, 0x00, 0x00, 0x00, 0x00, 
    0x0a, 0x28, 0x64, 0xff, 0x0a, 0x28, 0x64, 0xff, 0x2f, 0x73, 0xd4, 0xff, 0x2f, 0x73, 0xd4, 0xff, 0x2f, 0x73, 0xd4, 0xff, 0x2f, 0x73, 0xd4, 0xff, 0x2f, 0x73, 0xd4, 0xff, 0x2f, 0x73, 0xd4, 0xff, 
    0x2f, 0x73, 0xd4, 0xff, 0x2f, 0x73, 0xd4, 0xff, 0x2f, 0x73, 0xd4, 0xff, 0x2f, 0x73, 0xd4, 0xff, 0x2f, 0x73, 0xd4, 0xff, 0x2f, 0x73, 0xd4, 0xff, 0x2f, 0x73, 0xd4, 0xff, 0x2f, 0x73, 0xd4, 0xff, 
    0x2f, 0x73, 0xd4, 0xff, 0x2f, 0x73, 0xd4, 0xff, 0x2f, 0x73, 0xd4, 0xff, 0x2f, 0x73, 0xd4, 0xff, 0x2f, 0x73, 0xd4, 0xff, 0x2f, 0x73, 0xd4, 0xff, 0x2f, 0x73, 0xd4, 0xff, 0x2f, 0x73, 0xd4, 0xff, 
    0x2f, 0x73, 0xd4, 0xff, 0x2f, 0x73, 0xd4, 0xff, 0x2f, 0x73, 0xd4, 0xff, 0x2f, 0x73, 0xd4, 0xff, 0x2f, 0x73, 0xd4, 0xff, 0x2f, 0x73, 0xd4, 0xff, 0x2f, 0x73, 0xd4, 0xff, 0x2f, 0x73, 0xd4, 0xff, 
    0x2f, 0x73, 0xd4, 0xff, 0x2f, 0x73, 0xd4, 0xff, 0x2f, 0x73, 0xd4, 0xff, 0x2f, 0x73, 0xd4, 0xff, 0x2f, 0x73, 0xd4, 0xff, 0x2f, 0x73, 0xd4, 0xff, 0x2f, 0x73, 0xd4, 0xff, 0x2f, 0x73, 0xd4, 0xff, 
    0x2f, 0x73, 0xd4, 0xff, 0x2f, 0x73, 0xd4, 0xff, 0x2f, 0x73, 0xd4, 0xff, 0x2f, 0x73, 0xd4, 0xff, 0x2f, 0x73, 0xd4, 0xff, 0x2f, 0x73, 0xd4, 0xff, 0x2f, 0x73, 0xd4, 0xff, 0x2f, 0x73, 0xd4, 0xff, 
    0x0a, 0x28, 0x64, 0xff, 0x0a, 0x28, 0x64, 0xff, 0x00, 0x00, 0x00, 0x00, 0x00, 0x00, 0x00, 0x00, 0x00, 0x00, 0x00, 0x00, 0x00, 0x00, 0x00, 0x00, 0x00, 0x00, 0x00, 0x00, 0x00, 0x00, 0x00, 0x00, 
    0x00, 0x00, 0x00, 0x00, 0x00, 0x00, 0x00, 0x00, 0x00, 0x00, 0x00, 0x00, 0x00, 0x00, 0x00, 0x00, 0x00, 0x00, 0x00, 0x00, 0x00, 0x00, 0x00, 0x00, 0x00, 0x00, 0x00, 0x00, 0x00, 0x00, 0x00, 0x00, 
    0x0a, 0x28, 0x64, 0xff, 0x0a, 0x28, 0x64, 0xff, 0x2e, 0x71, 0xd2, 0xff, 0x2e, 0x71, 0xd2, 0xff, 0x2e, 0x71, 0xd2, 0xff, 0x2e, 0x71, 0xd2, 0xff, 0x2e, 0x71, 0xd2, 0xff, 0x2e, 0x71, 0xd2, 0xff, 
    0x2e, 0x71, 0xd2, 0xff, 0x2e, 0x71, 0xd2, 0xff, 0x2e, 0x71, 0xd2, 0xff, 0x2e, 0x71, 0xd2, 0xff, 0x2e, 0x71, 0xd2, 0xff, 0x2e, 0x71, 0xd2, 0xff, 0x2e, 0x71, 0xd2, 0xff, 0x2e, 0x71, 0xd2, 0xff, 
    0x2e, 0x71, 0xd2, 0xff, 0x2e, 0x71, 0xd2, 0xff, 0x2e, 0x71, 0xd2, 0xff, 0x2e, 0x71, 0xd2, 0xff, 0x2e, 0x71, 0xd2, 0xff, 0x2e, 0x71, 0xd2, 0xff, 0x2e, 0x71, 0xd2, 0xff, 0x2e, 0x71, 0xd2, 0xff, 
    0x2e, 0x71, 0xd2, 0xff, 0x2e, 0x71, 0xd2, 0xff, 0x2e, 0x71, 0xd2, 0xff, 0x2e, 0x71, 0xd2, 0xff, 0x2e, 0x71, 0xd2, 0xff, 0x2e, 0x71, 0xd2, 0xff, 0x2e, 0x71, 0xd2, 0xff, 0x2e, 0x71, 0xd2, 0xff, 
    0x2e, 0x71, 0xd2, 0xff, 0x2e, 0x71, 0xd2, 0xff, 0x2e, 0x71, 0xd2, 0xff, 0x2e, 0x71, 0xd2, 0xff, 0x2e, 0x71, 0xd2, 0xff, 0x2e, 0x71, 0xd2, 0xff, 0x2e, 0x71, 0xd2, 0xff, 0x2e, 0x71, 0xd2, 0xff, 
    0x2e, 0x71, 0xd2, 0xff, 0x2e, 0x71, 0xd2, 0xff, 0x2e, 0x71, 0xd2, 0xff, 0x2e, 0x71, 0xd2, 0xff, 0x2e, 0x71, 0xd2, 0xff, 0x2e, 0x71, 0xd2, 0xff, 0x2e, 0x71, 0xd2, 0xff, 0x2e, 0x71, 0xd2, 0xff, 
    0x0a, 0x28, 0x64, 0xff, 0x0a, 0x28, 0x64, 0xff, 0x00, 0x00, 0x00, 0x00, 0x00, 0x00, 0x00, 0x00, 0x00, 0x00, 0x00, 0x00, 0x00, 0x00, 0x00, 0x00, 0x00, 0x00, 0x00, 0x00, 0x00, 0x00, 0x00, 0x00, 
    0x00, 0x00, 0x00, 0x00, 0x00, 0x00, 0x00, 0x00, 0x00, 0x00, 0x00, 0x00, 0x00, 0x00, 0x00, 0x00, 0x00, 0x00, 0x00, 0x00, 0x00, 0x00, 0x00, 0x00, 0x00, 0x00, 0x00, 0x00, 0x00, 0x00, 0x00, 0x00, 
    0x0a, 0x28, 0x64, 0xff, 0x0a, 0x28, 0x64, 0xff, 0x2d, 0x6f, 0xcf, 0xff, 0x2d, 0x6f, 0xcf, 0xff, 0x2d, 0x6f, 0xcf, 0xff, 0x2d, 0x6f, 0xcf, 0xff, 0x2d, 0x6f, 0xcf, 0xff, 0x2d, 0x6f, 0xcf, 0xff, 
    0x2d, 0x6f, 0xcf, 0xff, 0x2d, 0x6f, 0xcf, 0xff, 0x2d, 0x6f, 0xcf, 0xff, 0x2d, 0x6f, 0xcf, 0xff, 0x2d, 0x6f, 0xcf, 0xff, 0x2d, 0x6f, 0xcf, 0xff, 0x2d, 0x6f, 0xcf, 0xff, 0x2d, 0x6f, 0xcf, 0xff, 
    0x2d, 0x6f, 0xcf, 0xff, 0x2d, 0x6f, 0xcf, 0xff, 0x2d, 0x6f, 0xcf, 0xff, 0x2d, 0x6f, 0xcf, 0xff, 0x2d, 0x6f, 0xcf, 0xff, 0x2d, 0x6f, 0xcf, 0xff, 0x2d, 0x6f, 0xcf, 0xff, 0x2d, 0x6f, 0xcf, 0xff, 
    0x2d, 0x6f, 0xcf, 0xff, 0x2d, 0x6f, 0xcf, 0xff, 0x2d, 0x6f, 0xcf, 0xff, 0x2d, 0x6f, 0xcf, 0xff, 0x2d, 0x6f, 0xcf, 0xff, 0x2d, 0x6f, 0xcf, 0xff, 0x2d, 0x6f, 0xcf, 0xff, 0x2d, 0x6f, 0xcf, 0xff, 
    0x2d, 0x6f, 0xcf, 0xff, 0x2d, 0x6f, 0xcf, 0xff, 0x2d, 0x6f, 0xcf, 0xff, 0x2d, 0x6f, 0xcf, 0xff, 0x2d, 0x6f, 0xcf, 0xff, 0x2d, 0x6f, 0xcf, 0xff, 0x2d, 0x6f, 0xcf, 0xff, 0x2d, 0x6f, 0xcf, 0xff, 
    0x2d, 0x6f, 0xcf, 0xff, 0x2d, 0x6f, 0xcf, 0xff, 0x2d, 0x6f, 0xcf, 0xff, 0x2d, 0x6f, 0xcf, 0xff, 0x2d, 0x6f, 0xcf, 0xff, 0x2d, 0x6f, 0xcf, 0xff, 0x2d, 0x6f, 0xcf, 0xff, 0x2d, 0x6f, 0xcf, 0xff, 
    0x0a, 0x28, 0x64, 0xff, 0x0a, 0x28, 0x64, 0xff, 0x00, 0x00, 0x00, 0x00, 0x00, 0x00, 0x00, 0x00, 0x00, 0x00, 0x00, 0x00, 0x00, 0x00, 0x00, 0x00, 0x00, 0x00, 0x00, 0x00, 0x00, 0x00, 0x00, 0x00, 
    0x00, 0x00, 0x00, 0x00, 0x00, 0x00, 0x00, 0x00, 0x00, 0x00, 0x00, 0x00, 0x00, 0x00, 0x00, 0x00, 0x00, 0x00, 0x00, 0x00, 0x00, 0x00, 0x00, 0x00, 0x00, 0x00, 0x00, 0x00, 0x00, 0x00, 0x00, 0x00, 
    0x0a, 0x28, 0x64, 0xff, 0x0a, 0x28, 0x64, 0xff, 0x2c, 0x6c, 0xcd, 0xff, 0x2c, 0x6c, 0xcd, 0xff, 0x2c, 0x6c, 0xcd, 0xff, 0x2c, 0x6c, 0xcd, 0xff, 0x2c, 0x6c, 0xcd, 0xff, 0x2c, 0x6c, 0xcd, 0xff, 
    0x2c, 0x6c, 0xcd, 0xff, 0x2c, 0x6c, 0xcd, 0xff, 0x2c, 0x6c, 0xcd, 0xff, 0x2c, 0x6c, 0xcd, 0xff, 0x2c, 0x6c, 0xcd, 0xff, 0x2c, 0x6c, 0xcd, 0xff, 0x2c, 0x6c, 0xcd, 0xff, 0x2c, 0x6c, 0xcd, 0xff, 
    0x2c, 0x6c, 0xcd, 0xff, 0x2c, 0x6c, 0xcd, 0xff, 0x2c, 0x6c, 0xcd, 0xff, 0x2c, 0x6c, 0xcd, 0xff, 0x2c, 0x6c, 0xcd, 0xff, 0x2c, 0x6c, 0xcd, 0xff, 0x2c, 0x6c, 0xcd, 0xff, 0x2c, 0x6c, 0xcd, 0xff, 
    0x2c, 0x6c, 0xcd, 0xff, 0x2c, 0x6c, 0xcd, 0xff, 0x2c, 0x6c, 0xcd, 0xff, 0x2c, 0x6c, 0xcd, 0xff, 0x2c, 0x6c, 0xcd, 0xff, 0x2c, 0x6c, 0xcd, 0xff, 0x2c, 0x6c, 0xcd, 0xff, 0x2c, 0x6c, 0xcd, 0xff, 
    0x2c, 0x6c, 0xcd, 0xff, 0x2c, 0x6c, 0xcd, 0xff, 0x2c, 0x6c, 0xcd, 0xff, 0x2c, 0x6c, 0xcd, 0xff, 0x2c, 0x6c, 0xcd, 0xff, 0x2c, 0x6c, 0xcd, 0xff, 0x2c, 0x6c, 0xcd, 0xff, 0x2c, 0x6c, 0xcd, 0xff, 
    0x2c, 0x6c, 0xcd, 0xff, 0x2c, 0x6c, 0xcd, 0xff, 0x2c, 0x6c, 0xcd, 0xff, 0x2c, 0x6c, 0xcd, 0xff, 0x2c, 0x6c, 0xcd, 0xff, 0x2c, 0x6c, 0xcd, 0xff, 0x2c, 0x6c, 0xcd, 0xff, 0x2c, 0x6c, 0xcd, 0xff, 
    0x0a, 0x28, 0x64, 0xff, 0x0a, 0x28, 0x64, 0xff, 0x00, 0x00, 0x00, 0x00, 0x00, 0x00, 0x00, 0x00, 0x00, 0x00, 0x00, 0x00, 0x00, 0x00, 0x00, 0x00, 0x00, 0x00, 0x00, 0x00, 0x00, 0x00, 0x00, 0x00, 
    0x00, 0x00, 0x00, 0x00, 0x00, 0x00, 0x00, 0x00, 0x00, 0x00, 0x00, 0x00, 0x00, 0x00, 0x00, 0x00, 0x00, 0x00, 0x00, 0x00, 0x00, 0x00, 0x00, 0x00, 0x00, 0x00, 0x00, 0x00, 0x00, 0x00, 0x00, 0x00, 
    0x0a, 0x28, 0x64, 0xff, 0x0a, 0x28, 0x64, 0xff, 0x2b, 0x6a, 0xca, 0xff, 0x2b, 0x6a, 0xca, 0xff, 0x2b, 0x6a, 0xca, 0xff, 0x2b, 0x6a, 0xca, 0xff, 0x2b, 0x6a, 0xca, 0xff, 0x2b, 0x6a, 0xca, 0xff, 
    0x2b, 0x6a, 0xca, 0xff, 0x2b, 0x6a, 0xca, 0xff, 0x2b, 0x6a, 0xca, 0xff, 0x2b, 0x6a, 0xca, 0xff, 0x2b, 0x6a, 0xca, 0xff, 0x2b, 0x6a, 0xca, 0xff, 0x2b, 0x6a, 0xca, 0xff, 0x2b, 0x6a, 0xca, 0xff, 
    0x2b, 0x6a, 0xca, 0xff, 0x2b, 0x6a, 0xca, 0xff, 0x2b, 0x6a, 0xca, 0xff, 0x2b, 0x6a, 0xca, 0xff, 0x2b, 0x6a, 0xca, 0xff, 0x2b, 0x6a, 0xca, 0xff, 0x2b, 0x6a, 0xca, 0xff, 0x2b, 0x6a, 0xca, 0xff, 
    0x2b, 0x6a, 0xca, 0xff, 0x2b, 0x6a, 0xca, 0xff, 0x2b, 0x6a, 0xca, 0xff, 0x2b, 0x6a, 0xca, 0xff, 0x2b, 0x6a, 0xca, 0xff, 0x2b, 0x6a, 0xca, 0xff, 0x2b, 0x6a, 0xca, 0xff, 0x2b, 0x6a, 0xca, 0xff, 
    0x2b, 0x6a, 0xca, 0xff, 0x2b, 0x6a, 0xca, 0xff, 0x2b, 0x6a, 0xca, 0xff, 0x2b, 0x6a, 0xca, 0xff, 0x2b, 0x6a, 0xca, 0xff, 0x2b, 0x6a, 0xca, 0xff, 0x2b, 0x6a, 0xca, 0xff, 0x2b, 0x6a, 0xca, 0xff, 
    0x2b, 0x6a, 0xca, 0xff, 0x2b, 0x6a, 0xca, 0xff, 0x2b, 0x6a, 0xca, 0xff, 0x2b, 0x6a, 0xca, 0xff, 0x2b, 0x6a, 0xca, 0xff, 0x2b, 0x6a, 0xca, 0xff, 0x2b, 0x6a, 0xca, 0xff, 0x2b, 0x6a, 0xca, 0xff, 
    0x0a, 0x28, 0x64, 0xff, 0x0a, 0x28, 0x64, 0xff, 0x00, 0x00, 0x00, 0x00, 0x00, 0x00, 0x00, 0x00, 0x00, 0x00, 0x00, 0x00, 0x00, 0x00, 0x00, 0x00, 0x00, 0x00, 0x00, 0x00, 0x00, 0x00, 0x00, 0x00, 
    0x00, 0x00, 0x00, 0x00, 0x00, 0x00, 0x00, 0x00, 0x00, 0x00, 0x00, 0x00, 0x00, 0x00, 0x00, 0x00, 0x00, 0x00, 0x00, 0x00, 0x00, 0x00, 0x00, 0x00, 0x00, 0x00, 0x00, 0x00, 0x00, 0x00, 0x00, 0x00, 
    0x0a, 0x28, 0x64, 0xff, 0x0a, 0x28, 0x64, 0xff, 0x2a, 0x68, 0xc8, 0xff, 0x2a, 0x68, 0xc8, 0xff, 0x2a, 0x68, 0xc8, 0xff, 0x2a, 0x68, 0xc8, 0xff, 0x2a, 0x68, 0xc8, 0xff, 0x2a, 0x68, 0xc8, 0xff, 
    0x2a, 0x68, 0xc8, 0xff, 0x2a, 0x68, 0xc8, 0xff, 0x2a, 0x68, 0xc8, 0xff, 0x2a, 0x68, 0xc8, 0xff, 0x2a, 0x68, 0xc8, 0xff, 0x2a, 0x68, 0xc8, 0xff, 0x2a, 0x68, 0xc8, 0xff, 0x2a, 0x68, 0xc8, 0xff, 
    0x2a, 0x68, 0xc8, 0xff, 0x2a, 0x68, 0xc8, 0xff, 0x2a, 0x68, 0xc8, 0xff, 0x2a, 0x68, 0xc8, 0xff, 0x2a, 0x68, 0xc8, 0xff, 0x2a, 0x68, 0xc8, 0xff, 0x2a, 0x68, 0xc8, 0xff, 0x2a, 0x68, 0xc8, 0xff, 
    0x2a, 0x68, 0xc8, 0xff, 0x2a, 0x68, 0xc8, 0xff, 0x2a, 0x68, 0xc8, 0xff, 0x2a, 0x68, 0xc8, 0xff, 0x2a, 0x68, 0xc8, 0xff, 0x2a, 0x68, 0xc8, 0xff, 0x2a, 0x68, 0xc8, 0xff, 0x2a, 0x68, 0xc8, 0xff, 
    0x2a, 0x68, 0xc8, 0xff, 0x2a, 0x68, 0xc8, 0xff, 0x2a, 0x68, 0xc8, 0xff, 0x2a, 0x68, 0xc8, 0xff, 0x2a, 0x68, 0xc8, 0xff, 0x2a, 0x68, 0xc8, 0xff, 0x2a, 0x68, 0xc8, 0xff, 0x2a, 0x68, 0xc8, 0xff, 
    0x2a, 0x68, 0xc8, 0xff, 0x2a, 0x68, 0xc8, 0xff, 0x2a, 0x68, 0xc8, 0xff, 0x2a, 0x68, 0xc8, 0xff, 0x2a, 0x68, 0xc8, 0xff, 0x2a, 0x68, 0xc8, 0xff, 0x2a, 0x68, 0xc8, 0xff, 0x2a, 0x68, 0xc8, 0xff, 
    0x0a, 0x28, 0x64, 0xff, 0x0a, 0x28, 0x64, 0xff, 0x00, 0x00, 0x00, 0x00, 0x00, 0x00, 0x00, 0x00, 0x00, 0x00, 0x00, 0x00, 0x00, 0x00, 0x00, 0x00, 0x00, 0x00, 0x00, 0x00, 0x00, 0x00, 0x00, 0x00, 
    0x00, 0x00, 0x00, 0x00, 0x00, 0x00, 0x00, 0x00, 0x00, 0x00, 0x00, 0x00, 0x00, 0x00, 0x00, 0x00, 0x00, 0x00, 0x00, 0x00, 0x00, 0x00, 0x00, 0x00, 0x00, 0x00, 0x00, 0x00, 0x00, 0x00, 0x00, 0x00, 
    0x0a, 0x28, 0x64, 0xff, 0x0a, 0x28, 0x64, 0xff, 0x29, 0x66, 0xc5, 0xff, 0x29, 0x66, 0xc5, 0xff, 0x29, 0x66, 0xc5, 0xff, 0x29, 0x66, 0xc5, 0xff, 0x29, 0x66, 0xc5, 0xff, 0x29, 0x66, 0xc5, 0xff, 
    0x29, 0x66, 0xc5, 0xff, 0x29, 0x66, 0xc5, 0xff, 0x29, 0x66, 0xc5, 0xff, 0x29, 0x66, 0xc5, 0xff, 0x29, 0x66, 0xc5, 0xff, 0x29, 0x66, 0xc5, 0xff, 0x29, 0x66, 0xc5, 0xff, 0x29, 0x66, 0xc5, 0xff, 
    0x29, 0x66, 0xc5, 0xff, 0x29, 0x66, 0xc5, 0xff, 0x29, 0x66, 0xc5, 0xff, 0x29, 0x66, 0xc5, 0xff, 0x29, 0x66, 0xc5, 0xff, 0x29, 0x66, 0xc5, 0xff, 0x29, 0x66, 0xc5, 0xff, 0x29, 0x66, 0xc5, 0xff, 
    0x29, 0x66, 0xc5, 0xff, 0x29, 0x66, 0xc5, 0xff, 0x29, 0x66, 0xc5, 0xff, 0x29, 0x66, 0xc5, 0xff, 0x29, 0x66, 0xc5, 0xff, 0x29, 0x66, 0xc5, 0xff, 0x29, 0x66, 0xc5, 0xff, 0x29, 0x66, 0xc5, 0xff, 
    0x29, 0x66, 0xc5, 0xff, 0x29, 0x66, 0xc5, 0xff, 0x29, 0x66, 0xc5, 0xff, 0x29, 0x66, 0xc5, 0xff, 0x29, 0x66, 0xc5, 0xff, 0x29, 0x66, 0xc5, 0xff, 0x29, 0x66, 0xc5, 0xff, 0x29, 0x66, 0xc5, 0xff, 
    0x29, 0x66, 0xc5, 0xff, 0x29, 0x66, 0xc5, 0xff, 0x29, 0x66, 0xc5, 0xff, 0x29, 0x66, 0xc5, 0xff, 0x29, 0x66, 0xc5, 0xff, 0x29, 0x66, 0xc5, 0xff, 0x29, 0x66, 0xc5, 0xff, 0x29, 0x66, 0xc5, 0xff, 
    0x0a, 0x28, 0x64, 0xff, 0x0a, 0x28, 0x64, 0xff, 0x00, 0x00, 0x00, 0x00, 0x00, 0x00, 0x00, 0x00, 0x00, 0x00, 0x00, 0x00, 0x00, 0x00, 0x00, 0x00, 0x00, 0x00, 0x00, 0x00, 0x00, 0x00, 0x00, 0x00, 
    0x00, 0x00, 0x00, 0x00, 0x00, 0x00, 0x00, 0x00, 0x00, 0x00, 0x00, 0x00, 0x00, 0x00, 0x00, 0x00, 0x00, 0x00, 0x00, 0x00, 0x00, 0x00, 0x00, 0x00, 0x00, 0x00, 0x00, 0x00, 0x00, 0x00, 0x00, 0x00, 
    0x0a, 0x28, 0x64, 0xff, 0x0a, 0x28, 0x64, 0xff, 0x28, 0x64, 0xc3, 0xff, 0x28, 0x64, 0xc3, 0xff, 0x28, 0x64, 0xc3, 0xff, 0x28, 0x64, 0xc3, 0xff, 0x28, 0x64, 0xc3, 0xff, 0x28, 0x64, 0xc3, 0xff, 
    0x28, 0x64, 0xc3, 0xff, 0x28, 0x64, 0xc3, 0xff, 0x28, 0x64, 0xc3, 0xff, 0x28, 0x64, 0xc3, 0xff, 0x28, 0x64, 0xc3, 0xff, 0x28, 0x64, 0xc3, 0xff, 0x28, 0x64, 0xc3, 0xff, 0x28, 0x64, 0xc3, 0xff, 
    0x28, 0x64, 0xc3, 0xff, 0x28, 0x64, 0xc3, 0xff, 0x28, 0x64, 0xc3, 0xff, 0x28, 0x64, 0xc3, 0xff, 0x28, 0x64, 0xc3, 0xff, 0x28, 0x64, 0xc3, 0xff, 0x28, 0x64, 0xc3, 0xff, 0x28, 0x64, 0xc3, 0xff, 
    0x28, 0x64, 0xc3, 0xff, 0x28, 0x64, 0xc3, 0xff, 0x28, 0x64, 0xc3, 0xff, 0x28, 0x64, 0xc3, 0xff, 0x28, 0x64, 0xc3, 0xff, 0x28, 0x64, 0xc3, 0xff, 0x28, 0x64, 0xc3, 0xff, 0x28, 0x64, 0xc3, 0xff, 
    0x28, 0x64, 0xc3, 0xff, 0x28, 0x64, 0xc3, 0xff, 0x28, 0x64, 0xc3, 0xff, 0x28, 0x64, 0xc3, 0xff, 0x28, 0x64, 0xc3, 0xff, 0x28, 0x64, 0xc3, 0xff, 0x28, 0x64, 0xc3, 0xff, 0x28, 0x64, 0xc3, 0xff, 
    0x28, 0x64, 0xc3, 0xff, 0x28, 0x64, 0xc3, 0xff, 0x28, 0x64, 0xc3, 0xff, 0x28, 0x64, 0xc3, 0xff, 0x28, 0x64, 0xc3, 0xff, 0x28, 0x64, 0xc3, 0xff, 0x28, 0x64, 0xc3, 0xff, 0x28, 0x64, 0xc3, 0xff, 
    0x0a, 0x28, 0x64, 0xff, 0x0a, 0x28, 0x64, 0xff, 0x00, 0x00, 0x00, 0x00, 0x00, 0x00, 0x00, 0x00, 0x00, 0x00, 0x00, 0x00, 0x00, 0x00, 0x00, 0x00, 0x00, 0x00, 0x00, 0x00, 0x00, 0x00, 0x00, 0x00, 
    0x00, 0x00, 0x00, 0x00, 0x00, 0x00, 0x00, 0x00, 0x00, 0x00, 0x00, 0x00, 0x00, 0x00, 0x00, 0x00, 0x00, 0x00, 0x00, 0x00, 0x00, 0x00, 0x00, 0x00, 0x00, 0x00, 0x00, 0x00, 0x00, 0x00, 0x00, 0x00, 
    0x0a, 0x28, 0x64, 0xff, 0x0a, 0x28, 0x64, 0xff, 0x26, 0x61, 0xc0, 0xff, 0x26, 0x61, 0xc0, 0xff, 0x26, 0x61, 0xc0, 0xff, 0x26, 0x61, 0xc0, 0xff, 0x26, 0x61, 0xc0, 0xff, 0x26, 0x61, 0xc0, 0xff, 
    0x26, 0x61, 0xc0, 0xff, 0x26, 0x61, 0xc0, 0xff, 0x26, 0x61, 0xc0, 0xff, 0x26, 0x61, 0xc0, 0xff, 0x26, 0x61, 0xc0, 0xff, 0x26, 0x61, 0xc0, 0xff, 0x26, 0x61, 0xc0, 0xff, 0x26, 0x61, 0xc0, 0xff, 
    0x26, 0x61, 0xc0, 0xff, 0x26, 0x61, 0xc0, 0xff, 0x26, 0x61, 0xc0, 0xff, 0x26, 0x61, 0xc0, 0xff, 0x26, 0x61, 0xc0, 0xff, 0x26, 0x61, 0xc0, 0xff, 0x26, 0x61, 0xc0, 0xff, 0x26, 0x61, 0xc0, 0xff, 
    0x26, 0x61, 0xc0, 0xff, 0x26, 0x61, 0xc0, 0xff, 0x26, 0x61, 0xc0, 0xff, 0x26, 0x61, 0xc0, 0xff, 0x26, 0x61, 0xc0, 0xff, 0x26, 0x61, 0xc0, 0xff, 0x26, 0x61, 0xc0, 0xff, 0x26, 0x61, 0xc0, 0xff, 
    0x26, 0x61, 0xc0, 0xff, 0x26, 0x61, 0xc0, 0xff, 0x26, 0x61, 0xc0, 0xff, 0x26, 0x61, 0xc0, 0xff, 0x26, 0x61, 0xc0, 0xff, 0x26, 0x61, 0xc0, 0xff, 0x26, 0x61, 0xc0, 0xff, 0x26, 0x61, 0xc0, 0xff, 
    0x26, 0x61, 0xc0, 0xff, 0x26, 0x61, 0xc0, 0xff, 0x26, 0x61, 0xc0, 0xff, 0x26, 0x61, 0xc0, 0xff, 0x26, 0x61, 0xc0, 0xff, 0x26, 0x61, 0xc0, 0xff, 0x26, 0x61, 0xc0, 0xff, 0x26, 0x61, 0xc0, 0xff, 
    0x0a, 0x28, 0x64, 0xff, 0x0a, 0x28, 0x64, 0xff, 0x00, 0x00, 0x00, 0x00, 0x00, 0x00, 0x00, 0x00, 0x00, 0x00, 0x00, 0x00, 0x00, 0x00, 0x00, 0x00, 0x00, 0x00, 0x00, 0x00, 0x00, 0x00, 0x00, 0x00, 
    0x00, 0x00, 0x00, 0x00, 0x00, 0x00, 0x00, 0x00, 0x00, 0x00, 0x00, 0x00, 0x00, 0x00, 0x00, 0x00, 0x00, 0x00, 0x00, 0x00, 0x00, 0x00, 0x00, 0x00, 0x00, 0x00, 0x00, 0x00, 0x00, 0x00, 0x00, 0x00, 
    0x0a, 0x28, 0x64, 0xff, 0x0a, 0x28, 0x64, 0xff, 0x25, 0x5f, 0xbe, 0xff, 0x25, 0x5f, 0xbe, 0xff, 0x25, 0x5f, 0xbe, 0xff, 0x25, 0x5f, 0xbe, 0xff, 0x25, 0x5f, 0xbe, 0xff, 0x25, 0x5f, 0xbe, 0xff, 
    0x25, 0x5f, 0xbe, 0xff, 0x25, 0x5f, 0xbe, 0xff, 0x25, 0x5f, 0xbe, 0xff, 0x25, 0x5f, 0xbe, 0xff, 0x25, 0x5f, 0xbe, 0xff, 0x25, 0x5f, 0xbe, 0xff, 0x25, 0x5f, 0xbe, 0xff, 0x25, 0x5f, 0xbe, 0xff, 
    0x25, 0x5f, 0xbe, 0xff, 0x25, 0x5f, 0xbe, 0xff, 0x25, 0x5f, 0xbe, 0xff, 0x25, 0x5f, 0xbe, 0xff, 0x25, 0x5f, 0xbe, 0xff, 0x25, 0x5f, 0xbe, 0xff, 0x25, 0x5f, 0xbe, 0xff, 0x25, 0x5f, 0xbe, 0xff, 
    0x25, 0x5f, 0xbe, 0xff, 0x25, 0x5f, 0xbe, 0xff, 0x25, 0x5f, 0xbe, 0xff, 0x25, 0x5f, 0xbe, 0xff, 0x25, 0x5f, 0xbe, 0xff, 0x25, 0x5f, 0xbe, 0xff, 0x25, 0x5f, 0xbe, 0xff, 0x25, 0x5f, 0xbe, 0xff, 
    0x25, 0x5f, 0xbe, 0xff, 0x25, 0x5f, 0xbe, 0xff, 0x25, 0x5f, 0xbe, 0xff, 0x25, 0x5f, 0xbe, 0xff, 0x25, 0x5f, 0xbe, 0xff, 0x25, 0x5f, 0xbe, 0xff, 0x25, 0x5f, 0xbe, 0xff, 0x25, 0x5f, 0xbe, 0xff, 
    0x25, 0x5f, 0xbe, 0xff, 0x25, 0x5f, 0xbe, 0xff, 0x25, 0x5f, 0xbe, 0xff, 0x25, 0x5f, 0xbe, 0xff, 0x25, 0x5f, 0xbe, 0xff, 0x25, 0x5f, 0xbe, 0xff, 0x25, 0x5f, 0xbe, 0xff, 0x25, 0x5f, 0xbe, 0xff, 
    0x0a, 0x28, 0x64, 0xff, 0x0a, 0x28, 0x64, 0xff, 0x00, 0x00, 0x00, 0x00, 0x00, 0x00, 0x00, 0x00, 0x00, 0x00, 0x00, 0x00, 0x00, 0x00, 0x00, 0x00, 0x00, 0x00, 0x00, 0x00, 0x00, 0x00, 0x00, 0x00, 
    0x00, 0x00, 0x00, 0x00, 0x00, 0x00, 0x00, 0x00, 0x00, 0x00, 0x00, 0x00, 0x00, 0x00, 0x00, 0x00, 0x00, 0x00, 0x00, 0x00, 0x00, 0x00, 0x00, 0x00, 0x00, 0x00, 0x00, 0x00, 0x00, 0x00, 0x00, 0x00, 
    0x0a, 0x28, 0x64, 0xff, 0x0a, 0x28, 0x64, 0xff, 0x24, 0x5d, 0xbb, 0xff, 0x24, 0x5d, 0xbb, 0xff, 0x24, 0x5d, 0xbb, 0xff, 0x24, 0x5d, 0xbb, 0xff, 0x24, 0x5d, 0xbb, 0xff, 0x24, 0x5d, 0xbb, 0xff, 
    0x24, 0x5d, 0xbb, 0xff, 0x24, 0x5d, 0xbb, 0xff, 0x24, 0x5d, 0xbb, 0xff, 0x24, 0x5d, 0xbb, 0xff, 0x24, 0x5d, 0xbb, 0xff, 0x24, 0x5d, 0xbb, 0xff, 0x24, 0x5d, 0xbb, 0xff, 0x24, 0x5d, 0xbb, 0xff, 
    0x24, 0x5d, 0xbb, 0xff, 0x24, 0x5d, 0xbb, 0xff, 0x24, 0x5d, 0xbb, 0xff, 0x24, 0x5d, 0xbb, 0xff, 0x24, 0x5d, 0xbb, 0xff, 0x24, 0x5d, 0xbb, 0xff, 0x24, 0x5d, 0xbb, 0xff, 0x24, 0x5d, 0xbb, 0xff, 
    0x24, 0x5d, 0xbb, 0xff, 0x24, 0x5d, 0xbb, 0xff, 0x24, 0x5d, 0xbb, 0xff, 0x24, 0x5d, 0xbb, 0xff, 0x24, 0x5d, 0xbb, 0xff, 0x24, 0x5d, 0xbb, 0xff, 0x24, 0x5d, 0xbb, 0xff, 0x24, 0x5d, 0xbb, 0xff, 
    0x24, 0x5d, 0xbb, 0xff, 0x24, 0x5d, 0xbb, 0xff, 0x24, 0x5d, 0xbb, 0xff, 0x24, 0x5d, 0xbb, 0xff, 0x24, 0x5d, 0xbb, 0xff, 0x24, 0x5d, 0xbb, 0xff, 0x24, 0x5d, 0xbb, 0xff, 0x24, 0x5d, 0xbb, 0xff, 
    0x24, 0x5d, 0xbb, 0xff, 0x24, 0x5d, 0xbb, 0xff, 0x24, 0x5d, 0xbb, 0xff, 0x24, 0x5d, 0xbb, 0xff, 0x24, 0x5d, 0xbb, 0xff, 0x24, 0x5d, 0xbb, 0xff, 0x24, 0x5d, 0xbb, 0xff, 0x24, 0x5d, 0xbb, 0xff, 
    0x0a, 0x28, 0x64, 0xff, 0x0a, 0x28, 0x64, 0xff, 0x00, 0x00, 0x00, 0x00, 0x00, 0x00, 0x00, 0x00, 0x00, 0x00, 0x00, 0x00, 0x00, 0x00, 0x00, 0x00, 0x00, 0x00, 0x00, 0x00, 0x00, 0x00, 0x00, 0x00, 
    0x00, 0x00, 0x00, 0x00, 0x00, 0x00, 0x00, 0x00, 0x00, 0x00, 0x00, 0x00, 0x00, 0x00, 0x00, 0x00, 0x00, 0x00, 0x00, 0x00, 0x00, 0x00, 0x00, 0x00, 0x00, 0x00, 0x00, 0x00, 0x00, 0x00, 0x00, 0x00, 
    0x0a, 0x28, 0x64, 0xff, 0x0a, 0x28, 0x64, 0xff, 0x23, 0x5b, 0xb9, 0xff, 0x23, 0x5b, 0xb9, 0xff, 0x23, 0x5b, 0xb9, 0xff, 0x23, 0x5b, 0xb9, 0xff, 0x23, 0x5b, 0xb9, 0xff, 0x23, 0x5b, 0xb9, 0xff, 
    0x23, 0x5b, 0xb9, 0xff, 0x23, 0x5b, 0xb9, 0xff, 0x23, 0x5b, 0xb9, 0xff, 0x23, 0x5b, 0xb9, 0xff, 0x23, 0x5b, 0xb9, 0xff, 0x23, 0x5b, 0xb9, 0xff, 0x23, 0x5b, 0xb9, 0xff, 0x23, 0x5b, 0xb9, 0xff, 
    0x23, 0x5b, 0xb9, 0xff, 0x23, 0x5b, 0xb9, 0xff, 0x23, 0x5b, 0xb9, 0xff, 0x23, 0x5b, 0xb9, 0xff, 0x23, 0x5b, 0xb9, 0xff, 0x23, 0x5b, 0xb9, 0xff, 0x23, 0x5b, 0xb9, 0xff, 0x23, 0x5b, 0xb9, 0xff, 
    0x23, 0x5b, 0xb9, 0xff, 0x23, 0x5b, 0xb9, 0xff, 0x23, 0x5b, 0xb9, 0xff, 0x23, 0x5b, 0xb9, 0xff, 0x23, 0x5b, 0xb9, 0xff, 0x23, 0x5b, 0xb9, 0xff, 0x23, 0x5b, 0xb9, 0xff, 0x23, 0x5b, 0xb9, 0xff, 
    0x23, 0x5b, 0xb9, 0xff, 0x23, 0x5b, 0xb9, 0xff, 0x23, 0x5b, 0xb9, 0xff, 0x23, 0x5b, 0xb9, 0xff, 0x23, 0x5b, 0xb9, 0xff, 0x23, 0x5b, 0xb9, 0xff, 0x23, 0x5b, 0xb9, 0xff, 0x23, 0x5b, 0xb9, 0xff, 
    0x23, 0x5b, 0xb9, 0xff, 0x23, 0x5b, 0xb9, 0xff, 0x23, 0x5b, 0xb9, 0xff, 0x23, 0x5b, 0xb9, 0xff, 0x23, 0x5b, 0xb9, 0xff, 0x23, 0x5b, 0xb9, 0xff, 0x23, 0x5b, 0xb9, 0xff, 0x23, 0x5b, 0xb9, 0xff, 
    0x0a, 0x28, 0x64, 0xff, 0x0a, 0x28, 0x64, 0xff, 0x00, 0x00, 0x00, 0x00, 0x00, 0x00, 0x00, 0x00, 0x00, 0x00, 0x00, 0x00, 0x00, 0x00, 0x00, 0x00, 0x00, 0x00, 0x00, 0x00, 0x00, 0x00, 0x00, 0x00, 
    0x00, 0x00, 0x00, 0x00, 0x00, 0x00, 0x00, 0x00, 0x00, 0x00, 0x00, 0x00, 0x00, 0x00, 0x00, 0x00, 0x00, 0x00, 0x00, 0x00, 0x00, 0x00, 0x00, 0x00, 0x00, 0x00, 0x00, 0x00, 0x00, 0x00, 0x00, 0x00, 
    0x0a, 0x28, 0x64, 0xff, 0x0a, 0x28, 0x64, 0xff, 0x22, 0x58, 0xb6, 0xff, 0x22, 0x58, 0xb6, 0xff, 0x22, 0x58, 0xb6, 0xff, 0x22, 0x58, 0xb6, 0xff, 0x22, 0x58, 0xb6, 0xff, 0x22, 0x58, 0xb6, 0xff, 
    0x22, 0x58, 0xb6, 0xff, 0x22, 0x58, 0xb6, 0xff, 0x22, 0x58, 0xb6, 0xff, 0x22, 0x58, 0xb6, 0xff, 0x22, 0x58, 0xb6, 0xff, 0x22, 0x58, 0xb6, 0xff, 0x22, 0x58, 0xb6, 0xff, 0x22, 0x58, 0xb6, 0xff, 
    0x22, 0x58, 0xb6, 0xff, 0x22, 0x58, 0xb6, 0xff, 0x22, 0x58, 0xb6, 0xff, 0x22, 0x58, 0xb6, 0xff, 0x22, 0x58, 0xb6, 0xff, 0x22, 0x58, 0xb6, 0xff, 0x22, 0x58, 0xb6, 0xff, 0x22, 0x58, 0xb6, 0xff, 
    0x22, 0x58, 0xb6, 0xff, 0x22, 0x58, 0xb6, 0xff, 0x22, 0x58, 0xb6, 0xff, 0x22, 0x58, 0xb6, 0xff, 0x22, 0x58, 0xb6, 0xff, 0x22, 0x58, 0xb6, 0xff, 0x22, 0x58, 0xb6, 0xff, 0x22, 0x58, 0xb6, 0xff, 
    0x22, 0x58, 0xb6, 0xff, 0x22, 0x58, 0xb6, 0xff, 0x22, 0x58, 0xb6, 0xff, 0x22, 0x58, 0xb6, 0xff, 0x22, 0x58, 0xb6, 0xff, 0x22, 0x58, 0xb6, 0xff, 0x22, 0x58, 0xb6, 0xff, 0x22, 0x58, 0xb6, 0xff, 
    0x22, 0x58, 0xb6, 0xff, 0x22, 0x58, 0xb6, 0xff, 0x22, 0x58, 0xb6, 0xff, 0x22, 0x58, 0xb6, 0xff, 0x22, 0x58, 0xb6, 0xff, 0x22, 0x58, 0xb6, 0xff, 0x22, 0x58, 0xb6, 0xff, 0x22, 0x58, 0xb6, 0xff, 
    0x0a, 0x28, 0x64, 0xff, 0x0a, 0x28, 0x64, 0xff, 0x00, 0x00, 0x00, 0x00, 0x00, 0x00, 0x00, 0x00, 0x00, 0x00, 0x00, 0x00, 0x00, 0x00, 0x00, 0x00, 0x00, 0x00, 0x00, 0x00, 0x00, 0x00, 0x00, 0x00, 
    0x00, 0x00, 0x00, 0x00, 0x00, 0x00, 0x00, 0x00, 0x00, 0x00, 0x00, 0x00, 0x00, 0x00, 0x00, 0x00, 0x00, 0x00, 0x00, 0x00, 0x00, 0x00, 0x00, 0x00, 0x00, 0x00, 0x00, 0x00, 0x00, 0x00, 0x00, 0x00, 
    0x0a, 0x28, 0x64, 0xff, 0x0a, 0x28, 0x64, 0xff, 0x21, 0x56, 0xb4, 0xff, 0x21, 0x56, 0xb4, 0xff, 0x21, 0x56, 0xb4, 0xff, 0x21, 0x56, 0xb4, 0xff, 0x21, 0x56, 0xb4, 0xff, 0x21, 0x56, 0xb4, 0xff, 
    0x21, 0x56, 0xb4, 0xff, 0x21, 0x56, 0xb4, 0xff, 0x21, 0x56, 0xb4, 0xff, 0x21, 0x56, 0xb4, 0xff, 0x21, 0x56, 0xb4, 0xff, 0x21, 0x56, 0xb4, 0xff, 0x21, 0x56, 0xb4, 0xff, 0x21, 0x56, 0xb4, 0xff, 
    0x21, 0x56, 0xb4, 0xff, 0x21, 0x56, 0xb4, 0xff, 0x21, 0x56, 0xb4, 0xff, 0x21, 0x56, 0xb4, 0xff, 0x21, 0x56, 0xb4, 0xff, 0x21, 0x56, 0xb4, 0xff, 0x21, 0x56, 0xb4, 0xff, 0x21, 0x56, 0xb4, 0xff, 
    0x21, 0x56, 0xb4, 0xff, 0x21, 0x56, 0xb4, 0xff, 0x21, 0x56, 0xb4, 0xff, 0x21, 0x56, 0xb4, 0xff, 0x21, 0x56, 0xb4, 0xff, 0x21, 0x56, 0xb4, 0xff, 0x21, 0x56, 0xb4, 0xff, 0x21, 0x56, 0xb4, 0xff, 
    0x21, 0x56, 0xb4, 0xff, 0x21, 0x56, 0xb4, 0xff, 0x21, 0x56, 0xb4, 0xff, 0x21, 0x56, 0xb4, 0xff, 0x21, 0x56, 0xb4, 0xff, 0x21, 0x56, 0xb4, 0xff, 0x21, 0x56, 0xb4, 0xff, 0x21, 0x56, 0xb4, 0xff, 
    0x21, 0x56, 0xb4, 0xff, 0x21, 0x56, 0xb4, 0xff, 0x21, 0x56, 0xb4, 0xff, 0x21, 0x56, 0xb4, 0xff, 0x21, 0x56, 0xb4, 0xff, 0x21, 0x56, 0xb4, 0xff, 0x21, 0x56, 0xb4, 0xff, 0x21, 0x56, 0xb4, 0xff, 
    0x0a, 0x28, 0x64, 0xff, 0x0a, 0x28, 0x64, 0xff, 0x00, 0x00, 0x00, 0x00, 0x00, 0x00, 0x00, 0x00, 0x00, 0x00, 0x00, 0x00, 0x00, 0x00, 0x00, 0x00, 0x00, 0x00, 0x00, 0x00, 0x00, 0x00, 0x00, 0x00, 
    0x00, 0x00, 0x00, 0x00, 0x00, 0x00, 0x00, 0x00, 0x00, 0x00, 0x00, 0x00, 0x00, 0x00, 0x00, 0x00, 0x00, 0x00, 0x00, 0x00, 0x00, 0x00, 0x00, 0x00, 0x00, 0x00, 0x00, 0x00, 0x00, 0x00, 0x00, 0x00, 
    0x0a, 0x28, 0x64, 0xff, 0x0a, 0x28, 0x64, 0xff, 0x20, 0x54, 0xb1, 0xff, 0x20, 0x54, 0xb1, 0xff, 0x20, 0x54, 0xb1, 0xff, 0x20, 0x54, 0xb1, 0xff, 0x20, 0x54, 0xb1, 0xff, 0x20, 0x54, 0xb1, 0xff, 
    0x20, 0x54, 0xb1, 0xff, 0x20, 0x54, 0xb1, 0xff, 0x20, 0x54, 0xb1, 0xff, 0x20, 0x54, 0xb1, 0xff, 0x20, 0x54, 0xb1, 0xff, 0x20, 0x54, 0xb1, 0xff, 0x20, 0x54, 0xb1, 0xff, 0x20, 0x54, 0xb1, 0xff, 
    0x20, 0x54, 0xb1, 0xff, 0x20, 0x54, 0xb1, 0xff, 0x20, 0x54, 0xb1, 0xff, 0x20, 0x54, 0xb1, 0xff, 0x20, 0x54, 0xb1, 0xff, 0x20, 0x54, 0xb1, 0xff, 0x20, 0x54, 0xb1, 0xff, 0x20, 0x54, 0xb1, 0xff, 
    0x20, 0x54, 0xb1, 0xff, 0x20, 0x54, 0xb1, 0xff, 0x20, 0x54, 0xb1, 0xff, 0x20, 0x54, 0xb1, 0xff, 0x20, 0x54, 0xb1, 0xff, 0x20, 0x54, 0xb1, 0xff, 0x20, 0x54, 0xb1, 0xff, 0x20, 0x54, 0xb1, 0xff, 
    0x20, 0x54, 0xb1, 0xff, 0x20, 0x54, 0xb1, 0xff, 0x20, 0x54, 0xb1, 0xff, 0x20, 0x54, 0xb1, 0xff, 0x20, 0x54, 0xb1, 0xff, 0x20, 0x54, 0xb1, 0xff, 0x20, 0x54, 0xb1, 0xff, 0x20, 0x54, 0xb1, 0xff, 
    0x20, 0x54, 0xb1, 0xff, 0x20, 0x54, 0xb1, 0xff, 0x20, 0x54, 0xb1, 0xff, 0x20, 0x54, 0xb1, 0xff, 0x20, 0x54, 0xb1, 0xff, 0x20, 0x54, 0xb1, 0xff, 0x20, 0x54, 0xb1, 0xff, 0x20, 0x54, 0xb1, 0xff, 
    0x0a, 0x28, 0x64, 0xff, 0x0a, 0x28, 0x64, 0xff, 0x00, 0x00, 0x00, 0x00, 0x00, 0x00, 0x00, 0x00, 0x00, 0x00, 0x00, 0x00, 0x00, 0x00, 0x00, 0x00, 0x00, 0x00, 0x00, 0x00, 0x00, 0x00, 0x00, 0x00, 
    0x00, 0x00, 0x00, 0x00, 0x00, 0x00, 0x00, 0x00, 0x00, 0x00, 0x00, 0x00, 0x00, 0x00, 0x00, 0x00, 0x00, 0x00, 0x00, 0x00, 0x00, 0x00, 0x00, 0x00, 0x00, 0x00, 0x00, 0x00, 0x00, 0x00, 0x00, 0x00, 
    0x0a, 0x28, 0x64, 0xff, 0x0a, 0x28, 0x64, 0xff, 0x1f, 0x52, 0xaf, 0xff, 0x1f, 0x52, 0xaf, 0xff, 0x1f, 0x52, 0xaf, 0xff, 0x1f, 0x52, 0xaf, 0xff, 0x1f, 0x52, 0xaf, 0xff, 0x1f, 0x52, 0xaf, 0xff, 
    0x1f, 0x52, 0xaf, 0xff, 0x1f, 0x52, 0xaf, 0xff, 0x1f, 0x52, 0xaf, 0xff, 0x1f, 0x52, 0xaf, 0xff, 0x1f, 0x52, 0xaf, 0xff, 0x1f, 0x52, 0xaf, 0xff, 0x1f, 0x52, 0xaf, 0xff, 0x1f, 0x52, 0xaf, 0xff, 
    0x1f, 0x52, 0xaf, 0xff, 0x1f, 0x52, 0xaf, 0xff, 0x1f, 0x52, 0xaf, 0xff, 0x1f, 0x52, 0xaf, 0xff, 0x1f, 0x52, 0xaf, 0xff, 0x1f, 0x52, 0xaf, 0xff, 0x1f, 0x52, 0xaf, 0xff, 0x1f, 0x52, 0xaf, 0xff, 
    0x1f, 0x52, 0xaf, 0xff, 0x1f, 0x52, 0xaf, 0xff, 0x1f, 0x52, 0xaf, 0xff, 0x1f, 0x52, 0xaf, 0xff, 0x1f, 0x52, 0xaf, 0xff, 0x1f, 0x52, 0xaf, 0xff, 0x1f, 0x52, 0xaf, 0xff, 0x1f, 0x52, 0xaf, 0xff, 
    0x1f, 0x52, 0xaf, 0xff, 0x1f, 0x52, 0xaf, 0xff, 0x1f, 0x52, 0xaf, 0xff, 0x1f, 0x52, 0xaf, 0xff, 0x1f, 0x52, 0xaf, 0xff, 0x1f, 0x52, 0xaf, 0xff, 0x1f, 0x52, 0xaf, 0xff, 0x1f, 0x52, 0xaf, 0xff, 
    0x1f, 0x52, 0xaf, 0xff, 0x1f, 0x52, 0xaf, 0xff, 0x1f, 0x52, 0xaf, 0xff, 0x1f, 0x52, 0xaf, 0xff, 0x1f, 0x52, 0xaf, 0xff, 0x1f, 0x52, 0xaf, 0xff, 0x1f, 0x52, 0xaf, 0xff, 0x1f, 0x52, 0xaf, 0xff, 
    0x0a, 0x28, 0x64, 0xff, 0x0a, 0x28, 0x64, 0xff, 0x00, 0x00, 0x00, 0x00, 0x00, 0x00, 0x00, 0x00, 0x00, 0x00, 0x00, 0x00, 0x00, 0x00, 0x00, 0x00, 0x00, 0x00, 0x00, 0x00, 0x00, 0x00, 0x00, 0x00, 
    0x00, 0x00, 0x00, 0x00, 0x00, 0x00, 0x00, 0x00, 0x00, 0x00, 0x00, 0x00, 0x00, 0x00, 0x00, 0x00, 0x00, 0x00, 0x00, 0x00, 0x00, 0x00, 0x00, 0x00, 0x00, 0x00, 0x00, 0x00, 0x00, 0x00, 0x00, 0x00, 
    0x0a, 0x28, 0x64, 0xff, 0x0a, 0x28, 0x64, 0xff, 0x1e, 0x50, 0xac, 0xff, 0x1e, 0x50, 0xac, 0xff, 0x1e, 0x50, 0xac, 0xff, 0x1e, 0x50, 0xac, 0xff, 0x1e, 0x50, 0xac, 0xff, 0x1e, 0x50, 0xac, 0xff, 
    0x1e, 0x50, 0xac, 0xff, 0x1e, 0x50, 0xac, 0xff, 0x1e, 0x50, 0xac, 0xff, 0x1e, 0x50, 0xac, 0xff, 0x1e, 0x50, 0xac, 0xff, 0x1e, 0x50, 0xac, 0xff, 0x1e, 0x50, 0xac, 0xff, 0x1e, 0x50, 0xac, 0xff, 
    0x1e, 0x50, 0xac, 0xff, 0x1e, 0x50, 0xac, 0xff, 0x1e, 0x50, 0xac, 0xff, 0x1e, 0x50, 0xac, 0xff, 0x1e, 0x50, 0xac, 0xff, 0x1e, 0x50, 0xac, 0xff, 0x1e, 0x50, 0xac, 0xff, 0x1e, 0x50, 0xac, 0xff, 
    0x1e, 0x50, 0xac, 0xff, 0x1e, 0x50, 0xac, 0xff, 0x1e, 0x50, 0xac, 0xff, 0x1e, 0x50, 0xac, 0xff, 0x1e, 0x50, 0xac, 0xff, 0x1e, 0x50, 0xac, 0xff, 0x1e, 0x50, 0xac, 0xff, 0x1e, 0x50, 0xac, 0xff, 
    0x1e, 0x50, 0xac, 0xff, 0x1e, 0x50, 0xac, 0xff, 0x1e, 0x50, 0xac, 0xff, 0x1e, 0x50, 0xac, 0xff, 0x1e, 0x50, 0xac, 0xff, 0x1e, 0x50, 0xac, 0xff, 0x1e, 0x50, 0xac, 0xff, 0x1e, 0x50, 0xac, 0xff, 
    0x1e, 0x50, 0xac, 0xff, 0x1e, 0x50, 0xac, 0xff, 0x1e, 0x50, 0xac, 0xff, 0x1e, 0x50, 0xac, 0xff, 0x1e, 0x50, 0xac, 0xff, 0x1e, 0x50, 0xac, 0xff, 0x1e, 0x50, 0xac, 0xff, 0x1e, 0x50, 0xac, 0xff, 
    0x0a, 0x28, 0x64, 0xff, 0x0a, 0x28, 0x64, 0xff, 0x00, 0x00, 0x00, 0x00, 0x00, 0x00, 0x00, 0x00, 0x00, 0x00, 0x00, 0x00, 0x00, 0x00, 0x00, 0x00, 0x00, 0x00, 0x00, 0x00, 0x00, 0x00, 0x00, 0x00, 
    0x00, 0x00, 0x00, 0x00, 0x00, 0x00, 0x00, 0x00, 0x00, 0x00, 0x00, 0x00, 0x00, 0x00, 0x00, 0x00, 0x00, 0x00, 0x00, 0x00, 0x00, 0x00, 0x00, 0x00, 0x00, 0x00, 0x00, 0x00, 0x00, 0x00, 0x00, 0x00, 
    0x0a, 0x28, 0x64, 0xff, 0x0a, 0x28, 0x64, 0xff, 0x1c, 0x4d, 0xaa, 0xff, 0x1c, 0x4d, 0xaa, 0xff, 0x1c, 0x4d, 0xaa, 0xff, 0x1c, 0x4d, 0xaa, 0xff, 0x1c, 0x4d, 0xaa, 0xff, 0x1c, 0x4d, 0xaa, 0xff, 
    0x1c, 0x4d, 0xaa, 0xff, 0x1c, 0x4d, 0xaa, 0xff, 0x1c, 0x4d, 0xaa, 0xff, 0x1c, 0x4d, 0xaa, 0xff, 0x1c, 0x4d, 0xaa, 0xff, 0x1c, 0x4d, 0xaa, 0xff, 0x1c, 0x4d, 0xaa, 0xff, 0x1c, 0x4d, 0xaa, 0xff, 
    0x1c, 0x4d, 0xaa, 0xff, 0x1c, 0x4d, 0xaa, 0xff, 0x1c, 0x4d, 0xaa, 0xff, 0x1c, 0x4d, 0xaa, 0xff, 0x1c, 0x4d, 0xaa, 0xff, 0x1c, 0x4d, 0xaa, 0xff, 0x1c, 0x4d, 0xaa, 0xff, 0x1c, 0x4d, 0xaa, 0xff, 
    0x1c, 0x4d, 0xaa, 0xff, 0x1c, 0x4d, 0xaa, 0xff, 0x1c, 0x4d, 0xaa, 0xff, 0x1c, 0x4d, 0xaa, 0xff, 0x1c, 0x4d, 0xaa, 0xff, 0x1c, 0x4d, 0xaa, 0xff, 0x1c, 0x4d, 0xaa, 0xff, 0x1c, 0x4d, 0xaa, 0xff, 
    0x1c, 0x4d, 0xaa, 0xff, 0x1c, 0x4d, 0xaa, 0xff, 0x1c, 0x4d, 0xaa, 0xff, 0x1c, 0x4d, 0xaa, 0xff, 0x1c, 0x4d, 0xaa, 0xff, 0x1c, 0x4d, 0xaa, 0xff, 0x1c, 0x4d, 0xaa, 0xff, 0x1c, 0x4d, 0xaa, 0xff, 
    0x1c, 0x4d, 0xaa, 0xff, 0x1c, 0x4d, 0xaa, 0xff, 0x1c, 0x4d, 0xaa, 0xff, 0x1c, 0x4d, 0xaa, 0xff, 0x1c, 0x4d, 0xaa, 0xff, 0x1c, 0x4d, 0xaa, 0xff, 0x1c, 0x4d, 0xaa, 0xff, 0x1c, 0x4d, 0xaa, 0xff, 
    0x0a, 0x28, 0x64, 0xff, 0x0a, 0x28, 0x64, 0xff, 0x00, 0x00, 0x00, 0x00, 0x00, 0x00, 0x00, 0x00, 0x00, 0x00, 0x00, 0x00, 0x00, 0x00, 0x00, 0x00, 0x00, 0x00, 0x00, 0x00, 0x00, 0x00, 0x00, 0x00, 
    0x00, 0x00, 0x00, 0x00, 0x00, 0x00, 0x00, 0x00, 0x00, 0x00, 0x00, 0x00, 0x00, 0x00, 0x00, 0x00, 0x00, 0x00, 0x00, 0x00, 0x00, 0x00, 0x00, 0x00, 0x00, 0x00, 0x00, 0x00, 0x00, 0x00, 0x00, 0x00, 
    0x0a, 0x28, 0x64, 0xff, 0x0a, 0x28, 0x64, 0xff, 0x1b, 0x4b, 0xa7, 0xff, 0x1b, 0x4b, 0xa7, 0xff, 0x1b, 0x4b, 0xa7, 0xff, 0x1b, 0x4b, 0xa7, 0xff, 0x1b, 0x4b, 0xa7, 0xff, 0x1b, 0x4b, 0xa7, 0xff, 
    0x1b, 0x4b, 0xa7, 0xff, 0x1b, 0x4b, 0xa7, 0xff, 0x1b, 0x4b, 0xa7, 0xff, 0x1b, 0x4b, 0xa7, 0xff, 0x1b, 0x4b, 0xa7, 0xff, 0x1b, 0x4b, 0xa7, 0xff, 0x1b, 0x4b, 0xa7, 0xff, 0x1b, 0x4b, 0xa7, 0xff, 
    0x1b, 0x4b, 0xa7, 0xff, 0x1b, 0x4b, 0xa7, 0xff, 0x1b, 0x4b, 0xa7, 0xff, 0x1b, 0x4b, 0xa7, 0xff, 0x1b, 0x4b, 0xa7, 0xff, 0x1b, 0x4b, 0xa7, 0xff, 0x1b, 0x4b, 0xa7, 0xff, 0x1b, 0x4b, 0xa7, 0xff, 
    0x1b, 0x4b, 0xa7, 0xff, 0x1b, 0x4b, 0xa7, 0xff, 0x1b, 0x4b, 0xa7, 0xff, 0x1b, 0x4b, 0xa7, 0xff, 0x1b, 0x4b, 0xa7, 0xff, 0x1b, 0x4b, 0xa7, 0xff, 0x1b, 0x4b, 0xa7, 0xff, 0x1b, 0x4b, 0xa7, 0xff, 
    0x1b, 0x4b, 0xa7, 0xff, 0x1b, 0x4b, 0xa7, 0xff, 0x1b, 0x4b, 0xa7, 0xff, 0x1b, 0x4b, 0xa7, 0xff, 0x1b, 0x4b, 0xa7, 0xff, 0x1b, 0x4b, 0xa7, 0xff, 0x1b, 0x4b, 0xa7, 0xff, 0x1b, 0x4b, 0xa7, 0xff, 
    0x1b, 0x4b, 0xa7, 0xff, 0x1b, 0x4b, 0xa7, 0xff, 0x1b, 0x4b, 0xa7, 0xff, 0x1b, 0x4b, 0xa7, 0xff, 0x1b, 0x4b, 0xa7, 0xff, 0x1b, 0x4b, 0xa7, 0xff, 0x1b, 0x4b, 0xa7, 0xff, 0x1b, 0x4b, 0xa7, 0xff, 
    0x0a, 0x28, 0x64, 0xff, 0x0a, 0x28, 0x64, 0xff, 0x00, 0x00, 0x00, 0x00, 0x00, 0x00, 0x00, 0x00, 0x00, 0x00, 0x00, 0x00, 0x00, 0x00, 0x00, 0x00, 0x00, 0x00, 0x00, 0x00, 0x00, 0x00, 0x00, 0x00, 
    0x00, 0x00, 0x00, 0x00, 0x00, 0x00, 0x00, 0x00, 0x00, 0x00, 0x00, 0x00, 0x00, 0x00, 0x00, 0x00, 0x00, 0x00, 0x00, 0x00, 0x00, 0x00, 0x00, 0x00, 0x00, 0x00, 0x00, 0x00, 0x00, 0x00, 0x00, 0x00, 
    0x0a, 0x28, 0x64, 0xff, 0x0a, 0x28, 0x64, 0xff, 0x1a, 0x49, 0xa5, 0xff, 0x1a, 0x49, 0xa5, 0xff, 0x1a, 0x49, 0xa5, 0xff, 0x1a, 0x49, 0xa5, 0xff, 0x1a, 0x49, 0xa5, 0xff, 0x1a, 0x49, 0xa5, 0xff, 
    0x1a, 0x49, 0xa5, 0xff, 0x1a, 0x49, 0xa5, 0xff, 0x1a, 0x49, 0xa5, 0xff, 0x1a, 0x49, 0xa5, 0xff, 0x1a, 0x49, 0xa5, 0xff, 0x1a, 0x49, 0xa5, 0xff, 0x1a, 0x49, 0xa5, 0xff, 0x1a, 0x49, 0xa5, 0xff, 
    0x1a, 0x49, 0xa5, 0xff, 0x1a, 0x49, 0xa5, 0xff, 0x1a, 0x49, 0xa5, 0xff, 0x1a, 0x49, 0xa5, 0xff, 0x1a, 0x49, 0xa5, 0xff, 0x1a, 0x49, 0xa5, 0xff, 0x1a, 0x49, 0xa5, 0xff, 0x1a, 0x49, 0xa5, 0xff, 
    0x1a, 0x49, 0xa5, 0xff, 0x1a, 0x49, 0xa5, 0xff, 0x1a, 0x49, 0xa5, 0xff, 0x1a, 0x49, 0xa5, 0xff, 0x1a, 0x49, 0xa5, 0xff, 0x1a, 0x49, 0xa5, 0xff, 0x1a, 0x49, 0xa5, 0xff, 0x1a, 0x49, 0xa5, 0xff, 
    0x1a, 0x49, 0xa5, 0xff, 0x1a, 0x49, 0xa5, 0xff, 0x1a, 0x49, 0xa5, 0xff, 0x1a, 0x49, 0xa5, 0xff, 0x1a, 0x49, 0xa5, 0xff, 0x1a, 0x49, 0xa5, 0xff, 0x1a, 0x49, 0xa5, 0xff, 0x1a, 0x49, 0xa5, 0xff, 
    0x1a, 0x49, 0xa5, 0xff, 0x1a, 0x49, 0xa5, 0xff, 0x1a, 0x49, 0xa5, 0xff, 0x1a, 0x49, 0xa5, 0xff, 0x1a, 0x49, 0xa5, 0xff, 0x1a, 0x49, 0xa5, 0xff, 0x1a, 0x49, 0xa5, 0xff, 0x1a, 0x49, 0xa5, 0xff, 
    0x0a, 0x28, 0x64, 0xff, 0x0a, 0x28, 0x64, 0xff, 0x00, 0x00, 0x00, 0x00, 0x00, 0x00, 0x00, 0x00, 0x00, 0x00, 0x00, 0x00, 0x00, 0x00, 0x00, 0x00, 0x00, 0x00, 0x00, 0x00, 0x00, 0x00, 0x00, 0x00, 
    0x00, 0x00, 0x00, 0x00, 0x00, 0x00, 0x00, 0x00, 0x00, 0x00, 0x00, 0x00, 0x00, 0x00, 0x00, 0x00, 0x00, 0x00, 0x00, 0x00, 0x00, 0x00, 0x00, 0x00, 0x00, 0x00, 0x00, 0x00, 0x00, 0x00, 0x00, 0x00, 
    0x0a, 0x28, 0x64, 0xff, 0x0a, 0x28, 0x64, 0xff, 0x19, 0x47, 0xa2, 0xff, 0x19, 0x47, 0xa2, 0xff, 0x19, 0x47, 0xa2, 0xff, 0x19, 0x47, 0xa2, 0xff, 0x19, 0x47, 0xa2, 0xff, 0x19, 0x47, 0xa2, 0xff, 
    0x19, 0x47, 0xa2, 0xff, 0x19, 0x47, 0xa2, 0xff, 0x19, 0x47, 0xa2, 0xff, 0x19, 0x47, 0xa2, 0xff, 0x19, 0x47, 0xa2, 0xff, 0x19, 0x47, 0xa2, 0xff, 0x19, 0x47, 0xa2, 0xff, 0x19, 0x47, 0xa2, 0xff, 
    0x19, 0x47, 0xa2, 0xff, 0x19, 0x47, 0xa2, 0xff, 0x19, 0x47, 0xa2, 0xff, 0x19, 0x47, 0xa2, 0xff, 0x19, 0x47, 0xa2, 0xff, 0x19, 0x47, 0xa2, 0xff, 0x19, 0x47, 0xa2, 0xff, 0x19, 0x47, 0xa2, 0xff, 
    0x19, 0x47, 0xa2, 0xff, 0x19, 0x47, 0xa2, 0xff, 0x19, 0x47, 0xa2, 0xff, 0x19, 0x47, 0xa2, 0xff, 0x19, 0x47, 0xa2, 0xff, 0x19, 0x47, 0xa2, 0xff, 0x19, 0x47, 0xa2, 0xff, 0x19, 0x47, 0xa2, 0xff, 
    0x19, 0x47, 0xa2, 0xff, 0x19, 0x47, 0xa2, 0xff, 0x19, 0x47, 0xa2, 0xff, 0x19, 0x47, 0xa2, 0xff, 0x19, 0x47, 0xa2, 0xff, 0x19, 0x47, 0xa2, 0xff, 0x19, 0x47, 0xa2, 0xff, 0x19, 0x47, 0xa2, 0xff, 
    0x19, 0x47, 0xa2, 0xff, 0x19, 0x47, 0xa2, 0xff, 0x19, 0x47, 0xa2, 0xff, 0x19, 0x47, 0xa2, 0xff, 0x19, 0x47, 0xa2, 0xff, 0x19, 0x47, 0xa2, 0xff, 0x19, 0x47, 0xa2, 0xff, 0x19, 0x47, 0xa2, 0xff, 
    0x0a, 0x28, 0x64, 0xff, 0x0a, 0x28, 0x64, 0xff, 0x00, 0x00, 0x00, 0x00, 0x00, 0x00, 0x00, 0x00, 0x00, 0x00, 0x00, 0x00, 0x00, 0x00, 0x00, 0x00, 0x00, 0x00, 0x00, 0x00, 0x00, 0x00, 0x00, 0x00, 
    0x00, 0x00, 0x00, 0x00, 0x00, 0x00, 0x00, 0x00, 0x00, 0x00, 0x00, 0x00, 0x00, 0x00, 0x00, 0x00, 0x00, 0x00, 0x00, 0x00, 0x00, 0x00, 0x00, 0x00, 0x00, 0x00, 0x00, 0x00, 0x00, 0x00, 0x00, 0x00, 
    0x0a, 0x28, 0x64, 0xff, 0x0a, 0x28, 0x64, 0xff, 0x18, 0x44, 0xa0, 0xff, 0x18, 0x44, 0xa0, 0xff, 0x18, 0x44, 0xa0, 0xff, 0x18, 0x44, 0xa0, 0xff, 0x18, 0x44, 0xa0, 0xff, 0x18, 0x44, 0xa0, 0xff, 
    0x18, 0x44, 0xa0, 0xff, 0x18, 0x44, 0xa0, 0xff, 0x18, 0x44, 0xa0, 0xff, 0x18, 0x44, 0xa0, 0xff, 0x18, 0x44, 0xa0, 0xff, 0x18, 0x44, 0xa0, 0xff, 0x18, 0x44, 0xa0, 0xff, 0x18, 0x44, 0xa0, 0xff, 
    0x18, 0x44, 0xa0, 0xff, 0x18, 0x44, 0xa0, 0xff, 0x18, 0x44, 0xa0, 0xff, 0x18, 0x44, 0xa0, 0xff, 0x18, 0x44, 0xa0, 0xff, 0x18, 0x44, 0xa0, 0xff, 0x18, 0x44, 0xa0, 0xff, 0x18, 0x44, 0xa0, 0xff, 
    0x18, 0x44, 0xa0, 0xff, 0x18, 0x44, 0xa0, 0xff, 0x18, 0x44, 0xa0, 0xff, 0x18, 0x44, 0xa0, 0xff, 0x18, 0x44, 0xa0, 0xff, 0x18, 0x44, 0xa0, 0xff, 0x18, 0x44, 0xa0, 0xff, 0x18, 0x44, 0xa0, 0xff, 
    0x18, 0x44, 0xa0, 0xff, 0x18, 0x44, 0xa0, 0xff, 0x18, 0x44, 0xa0, 0xff, 0x18, 0x44, 0xa0, 0xff, 0x18, 0x44, 0xa0, 0xff, 0x18, 0x44, 0xa0, 0xff, 0x18, 0x44, 0xa0, 0xff, 0x18, 0x44, 0xa0, 0xff, 
    0x18, 0x44, 0xa0, 0xff, 0x18, 0x44, 0xa0, 0xff, 0x18, 0x44, 0xa0, 0xff, 0x18, 0x44, 0xa0, 0xff, 0x18, 0x44, 0xa0, 0xff, 0x18, 0x44, 0xa0, 0xff, 0x18, 0x44, 0xa0, 0xff, 0x18, 0x44, 0xa0, 0xff, 
    0x0a, 0x28, 0x64, 0xff, 0x0a, 0x28, 0x64, 0xff, 0x00, 0x00, 0x00, 0x00, 0x00, 0x00, 0x00, 0x00, 0x00, 0x00, 0x00, 0x00, 0x00, 0x00, 0x00, 0x00, 0x00, 0x00, 0x00, 0x00, 0x00, 0x00, 0x00, 0x00, 
    0x00, 0x00, 0x00, 0x00, 0x00, 0x00, 0x00, 0x00, 0x00, 0x00, 0x00, 0x00, 0x00, 0x00, 0x00, 0x00, 0x00, 0x00, 0x00, 0x00, 0x00, 0x00, 0x00, 0x00, 0x00, 0x00, 0x00, 0x00, 0x00, 0x00, 0x00, 0x00, 
    0x0a, 0x28, 0x64, 0xff, 0x0a, 0x28, 0x64, 0xff, 0x17, 0x42, 0x9d, 0xff, 0x17, 0x42, 0x9d, 0xff, 0x17, 0x42, 0x9d, 0xff, 0x17, 0x42, 0x9d, 0xff, 0x17, 0x42, 0x9d, 0xff, 0x17, 0x42, 0x9d, 0xff, 
    0x17, 0x42, 0x9d, 0xff, 0x17, 0x42, 0x9d, 0xff, 0x17, 0x42, 0x9d, 0xff, 0x17, 0x42, 0x9d, 0xff, 0x17, 0x42, 0x9d, 0xff, 0x17, 0x42, 0x9d, 0xff, 0x17, 0x42, 0x9d, 0xff, 0x17, 0x42, 0x9d, 0xff, 
    0x17, 0x42, 0x9d, 0xff, 0x17, 0x42, 0x9d, 0xff, 0x17, 0x42, 0x9d, 0xff, 0x17, 0x42, 0x9d, 0xff, 0x17, 0x42, 0x9d, 0xff, 0x17, 0x42, 0x9d, 0xff, 0x17, 0x42, 0x9d, 0xff, 0x17, 0x42, 0x9d, 0xff, 
    0x17, 0x42, 0x9d, 0xff, 0x17, 0x42, 0x9d, 0xff, 0x17, 0x42, 0x9d, 0xff, 0x17, 0x42, 0x9d, 0xff, 0x17, 0x42, 0x9d, 0xff, 0x17, 0x42, 0x9d, 0xff, 0x17, 0x42, 0x9d, 0xff, 0x17, 0x42, 0x9d, 0xff, 
    0x17, 0x42, 0x9d, 0xff, 0x17, 0x42, 0x9d, 0xff, 0x17, 0x42, 0x9d, 0xff, 0x17, 0x42, 0x9d, 0xff, 0x17, 0x42, 0x9d, 0xff, 0x17, 0x42, 0x9d, 0xff, 0x17, 0x42, 0x9d, 0xff, 0x17, 0x42, 0x9d, 0xff, 
    0x17, 0x42, 0x9d, 0xff, 0x17, 0x42, 0x9d, 0xff, 0x17, 0x42, 0x9d, 0xff, 0x17, 0x42, 0x9d, 0xff, 0x17, 0x42, 0x9d, 0xff, 0x17, 0x42, 0x9d, 0xff, 0x17, 0x42, 0x9d, 0xff, 0x17, 0x42, 0x9d, 0xff, 
    0x0a, 0x28, 0x64, 0xff, 0x0a, 0x28, 0x64, 0xff, 0x00, 0x00, 0x00, 0x00, 0x00, 0x00, 0x00, 0x00, 0x00, 0x00, 0x00, 0x00, 0x00, 0x00, 0x00, 0x00, 0x00, 0x00, 0x00, 0x00, 0x00, 0x00, 0x00, 0x00, 
    0x00, 0x00, 0x00, 0x00, 0x00, 0x00, 0x00, 0x00, 0x00, 0x00, 0x00, 0x00, 0x00, 0x00, 0x00, 0x00, 0x00, 0x00, 0x00, 0x00, 0x00, 0x00, 0x00, 0x00, 0x00, 0x00, 0x00, 0x00, 0x00, 0x00, 0x00, 0x00, 
    0x0a, 0x28, 0x64, 0xff, 0x0a, 0x28, 0x64, 0xff, 0x16, 0x40, 0x9b, 0xff, 0x16, 0x40, 0x9b, 0xff, 0x16, 0x40, 0x9b, 0xff, 0x16, 0x40, 0x9b, 0xff, 0x16, 0x40, 0x9b, 0xff, 0x16, 0x40, 0x9b, 0xff, 
    0x16, 0x40, 0x9b, 0xff, 0x16, 0x40, 0x9b, 0xff, 0x16, 0x40, 0x9b, 0xff, 0x16, 0x40, 0x9b, 0xff, 0x16, 0x40, 0x9b, 0xff, 0x16, 0x40, 0x9b, 0xff, 0x16, 0x40, 0x9b, 0xff, 0x16, 0x40, 0x9b, 0xff, 
    0x16, 0x40, 0x9b, 0xff, 0x16, 0x40, 0x9b, 0xff, 0x16, 0x40, 0x9b, 0xff, 0x16, 0x40, 0x9b, 0xff, 0x16, 0x40, 0x9b, 0xff, 0x16, 0x40, 0x9b, 0xff, 0x16, 0x40, 0x9b, 0xff, 0x16, 0x40, 0x9b, 0xff, 
    0x16, 0x40, 0x9b, 0xff, 0x16, 0x40, 0x9b, 0xff, 0x16, 0x40, 0x9b, 0xff, 0x16, 0x40, 0x9b, 0xff, 0x16, 0x40, 0x9b, 0xff, 0x16, 0x40, 0x9b, 0xff, 0x16, 0x40, 0x9b, 0xff, 0x16, 0x40, 0x9b, 0xff, 
    0x16, 0x40, 0x9b, 0xff, 0x16, 0x40, 0x9b, 0xff, 0x16, 0x40, 0x9b, 0xff, 0x16, 0x40, 0x9b, 0xff, 0x16, 0x40, 0x9b, 0xff, 0x16, 0x40, 0x9b, 0xff, 0x16, 0x40, 0x9b, 0xff, 0x16, 0x40, 0x9b, 0xff, 
    0x16, 0x40, 0x9b, 0xff, 0x16, 0x40, 0x9b, 0xff, 0x16, 0x40, 0x9b, 0xff, 0x16, 0x40, 0x9b, 0xff, 0x16, 0x40, 0x9b, 0xff, 0x16, 0x40, 0x9b, 0xff, 0x16, 0x40, 0x9b, 0xff, 0x16, 0x40, 0x9b, 0xff, 
    0x0a, 0x28, 0x64, 0xff, 0x0a, 0x28, 0x64, 0xff, 0x00, 0x00, 0x00, 0x00, 0x00, 0x00, 0x00, 0x00, 0x00, 0x00, 0x00, 0x00, 0x00, 0x00, 0x00, 0x00, 0x00, 0x00, 0x00, 0x00, 0x00, 0x00, 0x00, 0x00, 
    0x00, 0x00, 0x00, 0x00, 0x00, 0x00, 0x00, 0x00, 0x00, 0x00, 0x00, 0x00, 0x00, 0x00, 0x00, 0x00, 0x00, 0x00, 0x00, 0x00, 0x00, 0x00, 0x00, 0x00, 0x00, 0x00, 0x00, 0x00, 0x00, 0x00, 0x00, 0x00, 
    0x0a, 0x28, 0x64, 0xff, 0x0a, 0x28, 0x64, 0xff, 0x15, 0x3e, 0x98, 0xff, 0x15, 0x3e, 0x98, 0xff, 0x15, 0x3e, 0x98, 0xff, 0x15, 0x3e, 0x98, 0xff, 0x15, 0x3e, 0x98, 0xff, 0x15, 0x3e, 0x98, 0xff, 
    0x15, 0x3e, 0x98, 0xff, 0x15, 0x3e, 0x98, 0xff, 0x15, 0x3e, 0x98, 0xff, 0x15, 0x3e, 0x98, 0xff, 0x15, 0x3e, 0x98, 0xff, 0x15, 0x3e, 0x98, 0xff, 0x15, 0x3e, 0x98, 0xff, 0x15, 0x3e, 0x98, 0xff, 
    0x15, 0x3e, 0x98, 0xff, 0x15, 0x3e, 0x98, 0xff, 0x15, 0x3e, 0x98, 0xff, 0x15, 0x3e, 0x98, 0xff, 0x15, 0x3e, 0x98, 0xff, 0x15, 0x3e, 0x98, 0xff, 0x15, 0x3e, 0x98, 0xff, 0x15, 0x3e, 0x98, 0xff, 
    0x15, 0x3e, 0x98, 0xff, 0x15, 0x3e, 0x98, 0xff, 0x15, 0x3e, 0x98, 0xff, 0x15, 0x3e, 0x98, 0xff, 0x15, 0x3e, 0x98, 0xff, 0x15, 0x3e, 0x98, 0xff, 0x15, 0x3e, 0x98, 0xff, 0x15, 0x3e, 0x98, 0xff, 
    0x15, 0x3e, 0x98, 0xff, 0x15, 0x3e, 0x98, 0xff, 0x15, 0x3e, 0x98, 0xff, 0x15, 0x3e, 0x98, 0xff, 0x15, 0x3e, 0x98, 0xff, 0x15, 0x3e, 0x98, 0xff, 0x15, 0x3e, 0x98, 0xff, 0x15, 0x3e, 0x98, 0xff, 
    0x15, 0x3e, 0x98, 0xff, 0x15, 0x3e, 0x98, 0xff, 0x15, 0x3e, 0x98, 0xff, 0x15, 0x3e, 0x98, 0xff, 0x15, 0x3e, 0x98, 0xff, 0x15, 0x3e, 0x98, 0xff, 0x15, 0x3e, 0x98, 0xff, 0x15, 0x3e, 0x98, 0xff, 
    0x0a, 0x28, 0x64, 0xff, 0x0a, 0x28, 0x64, 0xff, 0x00, 0x00, 0x00, 0x00, 0x00, 0x00, 0x00, 0x00, 0x00, 0x00, 0x00, 0x00, 0x00, 0x00, 0x00, 0x00, 0x00, 0x00, 0x00, 0x00, 0x00, 0x00, 0x00, 0x00, 
    0x00, 0x00, 0x00, 0x00, 0x00, 0x00, 0x00, 0x00, 0x00, 0x00, 0x00, 0x00, 0x00, 0x00, 0x00, 0x00, 0x00, 0x00, 0x00, 0x00, 0x00, 0x00, 0x00, 0x00, 0x00, 0x00, 0x00, 0x00, 0x00, 0x00, 0x00, 0x00, 
    0x0a, 0x28, 0x64, 0xff, 0x0a, 0x28, 0x64, 0xff, 0x0a, 0x28, 0x64, 0xff, 0x0a, 0x28, 0x64, 0xff, 0x0a, 0x28, 0x64, 0xff, 0x0a, 0x28, 0x64, 0xff, 0x0a, 0x28, 0x64, 0xff, 0x0a, 0x28, 0x64, 0xff, 
    0x0a, 0x28, 0x64, 0xff, 0x0a, 0x28, 0x64, 0xff, 0x0a, 0x28, 0x64, 0xff, 0x0a, 0x28, 0x64, 0xff, 0x0a, 0x28, 0x64, 0xff, 0x0a, 0x28, 0x64, 0xff, 0x0a, 0x28, 0x64, 0xff, 0x0a, 0x28, 0x64, 0xff, 
    0x0a, 0x28, 0x64, 0xff, 0x0a, 0x28, 0x64, 0xff, 0x0a, 0x28, 0x64, 0xff, 0x0a, 0x28, 0x64, 0xff, 0x0a, 0x28, 0x64, 0xff, 0x0a, 0x28, 0x64, 0xff, 0x0a, 0x28, 0x64, 0xff, 0x0a, 0x28, 0x64, 0xff, 
    0x0a, 0x28, 0x64, 0xff, 0x0a, 0x28, 0x64, 0xff, 0x0a, 0x28, 0x64, 0xff, 0x0a, 0x28, 0x64, 0xff, 0x0a, 0x28, 0x64, 0xff, 0x0a, 0x28, 0x64, 0xff, 0x0a, 0x28, 0x64, 0xff, 0x0a, 0x28, 0x64, 0xff, 
    0x0a, 0x28, 0x64, 0xff, 0x0a, 0x28, 0x64, 0xff, 0x0a, 0x28, 0x64, 0xff, 0x0a, 0x28, 0x64, 0xff, 0x0a, 0x28, 0x64, 0xff, 0x0a, 0x28, 0x64, 0xff, 0x0a, 0x28, 0x64, 0xff, 0x0a, 0x28, 0x64, 0xff, 
    0x0a, 0x28, 0x64, 0xff, 0x0a, 0x28, 0x64, 0xff, 0x0a, 0x28, 0x64, 0xff, 0x0a, 0x28, 0x64, 0xff, 0x0a, 0x28, 0x64, 0xff, 0x0a, 0x28, 0x64, 0xff, 0x0a, 0x28, 0x64, 0xff, 0x0a, 0x28, 0x64, 0xff, 
    0x0a, 0x28, 0x64, 0xff, 0x0a, 0x28, 0x64, 0xff, 0x00, 0x00, 0x00, 0x00, 0x00, 0x00, 0x00, 0x00, 0x00, 0x00, 0x00, 0x00, 0x00, 0x00, 0x00, 0x00, 0x00, 0x00, 0x00, 0x00, 0x00, 0x00, 0x00, 0x00, 
    0x00, 0x00, 0x00, 0x00, 0x00, 0x00, 0x00, 0x00, 0x00, 0x00, 0x00, 0x00, 0x00, 0x00, 0x00, 0x00, 0x00, 0x00, 0x00, 0x00, 0x00, 0x00, 0x00, 0x00, 0x00, 0x00, 0x00, 0x00, 0x00, 0x00, 0x00, 0x00, 
    0x0a, 0x28, 0x64, 0xff, 0x0a, 0x28, 0x64, 0xff, 0x0a, 0x28, 0x64, 0xff, 0x0a, 0x28, 0x64, 0xff, 0x0a, 0x28, 0x64, 0xff, 0x0a, 0x28, 0x64, 0xff, 0x0a, 0x28, 0x64, 0xff, 0x0a, 0x28, 0x64, 0xff, 
    0x0a, 0x28, 0x64, 0xff, 0x0a, 0x28, 0x64, 0xff, 0x0a, 0x28, 0x64, 0xff, 0x0a, 0x28, 0x64, 0xff, 0x0a, 0x28, 0x64, 0xff, 0x0a, 0x28, 0x64, 0xff, 0x0a, 0x28, 0x64, 0xff, 0x0a, 0x28, 0x64, 0xff, 
    0x0a, 0x28, 0x64, 0xff, 0x0a, 0x28, 0x64, 0xff, 0x0a, 0x28, 0x64, 0xff, 0x0a, 0x28, 0x64, 0xff, 0x0a, 0x28, 0x64, 0xff, 0x0a, 0x28, 0x64, 0xff, 0x0a, 0x28, 0x64, 0xff, 0x0a, 0x28, 0x64, 0xff, 
    0x0a, 0x28, 0x64, 0xff, 0x0a, 0x28, 0x64, 0xff, 0x0a, 0x28, 0x64, 0xff, 0x0a, 0x28, 0x64, 0xff, 0x0a, 0x28, 0x64, 0xff, 0x0a, 0x28, 0x64, 0xff, 0x0a, 0x28, 0x64, 0xff, 0x0a, 0x28, 0x64, 0xff, 
    0x0a, 0x28, 0x64, 0xff, 0x0a, 0x28, 0x64, 0xff, 0x0a, 0x28, 0x64, 0xff, 0x0a, 0x28, 0x64, 0xff, 0x0a, 0x28, 0x64, 0xff, 0x0a, 0x28, 0x64, 0xff, 0x0a, 0x28, 0x64, 0xff, 0x0a, 0x28, 0x64, 0xff, 
    0x0a, 0x28, 0x64, 0xff, 0x0a, 0x28, 0x64, 0xff, 0x0a, 0x28, 0x64, 0xff, 0x0a, 0x28, 0x64, 0xff, 0x0a, 0x28, 0x64, 0xff, 0x0a, 0x28, 0x64, 0xff, 0x0a, 0x28, 0x64, 0xff, 0x0a, 0x28, 0x64, 0xff, 
    0x0a, 0x28, 0x64, 0xff, 0x00, 0x00, 0x00, 0x00, 0x00, 0x00, 0x00, 0x00, 0x00, 0x00, 0x00, 0x00, 0x00, 0x00, 0x00, 0x00, 0x00, 0x00, 0x00, 0x00, 0x00, 0x00, 0x00, 0x00, 0x00, 0x00, 0x00, 0x00, 
    0x00, 0x00, 0x00, 0x00, 0x00, 0x00, 0x00, 0x00, 0x00, 0x00, 0x00, 0x00, 0x00, 0x00, 0x00, 0x00, 0x00, 0x00, 0x00, 0x00, 0x00, 0x00, 0x00, 0x00, 0x00, 0x00, 0x00, 0x00, 0x00, 0x00, 0x00, 0x00, 
    0x00, 0x00, 0x00, 0x00, 0x00, 0x00, 0x00, 0x00, 0x00, 0x00, 0x00, 0x00, 0x00, 0x00, 0x00, 0x00, 0x00, 0x00, 0x00, 0x00, 0x00, 0x00, 0x00, 0x00, 0x00, 0x00, 0x00, 0x00, 0x00, 0x00, 0x00, 0x00, 
    0x00, 0x00, 0x00, 0x00, 0x00, 0x00, 0x00, 0x00, 0x00, 0x00, 0x00, 0x00, 0x00, 0x00, 0x00, 0x00, 0x00, 0x00, 0x00, 0x00, 0x00, 0x00, 0x00, 0x00, 0x00, 0x00, 0x00, 0x00, 0x00, 0x00, 0x00, 0x00, 
    0x00, 0x00, 0x00, 0x00, 0x00, 0x00, 0x00, 0x00, 0x00, 0x00, 0x00, 0x00, 0x00, 0x00, 0x00, 0x00, 0x00, 0x00, 0x00, 0x00, 0x00, 0x00, 0x00, 0x00, 0x00, 0x00, 0x00, 0x00, 0x00, 0x00, 0x00, 0x00, 
    0x00, 0x00, 0x00, 0x00, 0x00, 0x00, 0x00, 0x00, 0x00, 0x00, 0x00, 0x00, 0x00, 0x00, 0x00, 0x00, 0x00, 0x00, 0x00, 0x00, 0x00, 0x00, 0x00, 0x00, 0x00, 0x00, 0x00, 0x00, 0x00, 0x00, 0x00, 0x00, 
    0x00, 0x00, 0x00, 0x00, 0x00, 0x00, 0x00, 0x00, 0x00, 0x00, 0x00, 0x00, 0x00, 0x00, 0x00, 0x00, 0x00, 0x00, 0x00, 0x00, 0x00, 0x00, 0x00, 0x00, 0x00, 0x00, 0x00, 0x00, 0x00, 0x00, 0x00, 0x00, 
    0x00, 0x00, 0x00, 0x00, 0x00, 0x00, 0x00, 0x00, 0x00, 0x00, 0x00, 0x00, 0x00, 0x00, 0x00, 0x00, 0x00, 0x00, 0x00, 0x00, 0x00, 0x00, 0x00, 0x00, 0x00, 0x00, 0x00, 0x00, 0x00, 0x00, 0x00, 0x00, 
    0x00, 0x00, 0x00, 0x00, 0x00, 0x00, 0x00, 0x00, 0x00, 0x00, 0x00, 0x00, 0x00, 0x00, 0x00, 0x00, 0x00, 0x00, 0x00, 0x00, 0x00, 0x00, 0x00, 0x00, 0x00, 0x00, 0x00, 0x00, 0x00, 0x00, 0x00, 0x00, 
    0x00, 0x00, 0x00, 0x00, 0x00, 0x00, 0x00, 0x00, 0x00, 0x00, 0x00, 0x00, 0x00, 0x00, 0x00, 0x00, 0x00, 0x00, 0x00, 0x00, 0x00, 0x00, 0x00, 0x00, 0x00, 0x00, 0x00, 0x00, 0x00, 0x00, 0x00, 0x00, 
    0x00, 0x00, 0x00, 0x00, 0x00, 0x00, 0x00, 0x00, 0x00, 0x00, 0x00, 0x00, 0x00, 0x00, 0x00, 0x00, 0x00, 0x00, 0x00, 0x00, 0x00, 0x00, 0x00, 0x00, 0x00, 0x00, 0x00, 0x00, 0x00, 0x00, 0x00, 0x00, 
    0x00, 0x00, 0x00, 0x00, 0x00, 0x00, 0x00, 0x00, 0x00, 0x00, 0x00, 0x00, 0x00, 0x00, 0x00, 0x00, 0x00, 0x00, 0x00, 0x00, 0x00, 0x00, 0x00, 0x00, 0x00, 0x00, 0x00, 0x00, 0x00, 0x00, 0x00, 0x00, 
    0x00, 0x00, 0x00, 0x00, 0x00, 0x00, 0x00, 0x00, 0x00, 0x00, 0x00, 0x00, 0x00, 0x00, 0x00, 0x00, 0x00, 0x00, 0x00, 0x00, 0x00, 0x00, 0x00, 0x00, 0x00, 0x00, 0x00, 0x00, 0x00, 0x00, 0x00, 0x00, 
    0x00, 0x00, 0x00, 0x00, 0x00, 0x00, 0x00, 0x00, 0x00, 0x00, 0x00, 0x00, 0x00, 0x00, 0x00, 0x00, 0x00, 0x00, 0x00, 0x00, 0x00, 0x00, 0x00, 0x00, 0x00, 0x00, 0x00, 0x00, 0x00, 0x00, 0x00, 0x00, 
    0x00, 0x00, 0x00, 0x00, 0x00, 0x00, 0x00, 0x00, 0x00, 0x00, 0x00, 0x00, 0x00, 0x00, 0x00, 0x00, 0x00, 0x00, 0x00, 0x00, 0x00, 0x00, 0x00, 0x00, 0x00, 0x00, 0x00, 0x00, 0x00, 0x00, 0x00, 0x00, 
    0x00, 0x00, 0x00, 0x00, 0x00, 0x00, 0x00, 0x00, 0x00, 0x00, 0x00, 0x00, 0x00, 0x00, 0x00, 0x00, 0x00, 0x00, 0x00, 0x00, 0x00, 0x00, 0x00, 0x00, 0x00, 0x00, 0x00, 0x00, 0x00, 0x00, 0x00, 0x00, 
    0x00, 0x00, 0x00, 0x00, 0x00, 0x00, 0x00, 0x00, 0x00, 0x00, 0x00, 0x00, 0x00, 0x00, 0x00, 0x00, 0x00, 0x00, 0x00, 0x00, 0x00, 0x00, 0x00, 0x00, 0x00, 0x00, 0x00, 0x00, 0x00, 0x00, 0x00, 0x00, 
    0x00, 0x00, 0x00, 0x00, 0x00, 0x00, 0x00, 0x00, 0x00, 0x00, 0x00, 0x00, 0x00, 0x00, 0x00, 0x00, 0x00, 0x00, 0x00, 0x00, 0x00, 0x00, 0x00, 0x00, 0x00, 0x00, 0x00, 0x00, 0x00, 0x00, 0x00, 0x00, 
    0x00, 0x00, 0x00, 0x00, 0x00, 0x00, 0x00, 0x00, 0x00, 0x00, 0x00, 0x00, 0x00, 0x00, 0x00, 0x00, 0x00, 0x00, 0x00, 0x00, 0x00, 0x00, 0x00, 0x00, 0x00, 0x00, 0x00, 0x00, 0x00, 0x00, 0x00, 0x00, 
    0x00, 0x00, 0x00, 0x00, 0x00, 0x00, 0x00, 0x00, 0x00, 0x00, 0x00, 0x00, 0x00, 0x00, 0x00, 0x00, 0x00, 0x00, 0x00, 0x00, 0x00, 0x00, 0x00, 0x00, 0x00, 0x00, 0x00, 0x00, 0x00, 0x00, 0x00, 0x00, 
    0x00, 0x00, 0x00, 0x00, 0x00, 0x00, 0x00, 0x00, 0x00, 0x00, 0x00, 0x00, 0x00, 0x00, 0x00, 0x00, 0x00, 0x00, 0x00, 0x00, 0x00, 0x00, 0x00, 0x00, 0x00, 0x00, 0x00, 0x00, 0x00, 0x00, 0x00, 0x00, 
    0x00, 0x00, 0x00, 0x00, 0x00, 0x00, 0x00, 0x00, 0x00, 0x00, 0x00, 0x00, 0x00, 0x00, 0x00, 0x00, 0x00, 0x00, 0x00, 0x00, 0x00, 0x00, 0x00, 0x00, 0x00, 0x00, 0x00, 0x00, 0x00, 0x00, 0x00, 0x00, 
    0x00, 0x00, 0x00, 0x00, 0x00, 0x00, 0x00, 0x00, 0x00, 0x00, 0x00, 0x00, 0x00, 0x00, 0x00, 0x00, 0x00, 0x00, 0x00, 0x00, 0x00, 0x00, 0x00, 0x00, 0x00, 0x00, 0x00, 0x00, 0x00, 0x00, 0x00, 0x00, 
    0x00, 0x00, 0x00, 0x00, 0x00, 0x00, 0x00, 0x00, 0x00, 0x00, 0x00, 0x00, 0x00, 0x00, 0x00, 0x00, 0x00, 0x00, 0x00, 0x00, 0x00, 0x00, 0x00, 0x00, 0x00, 0x00, 0x00, 0x00, 0x00, 0x00, 0x00, 0x00, 
    0x00, 0x00, 0x00, 0x00, 0x00, 0x00, 0x00, 0x00, 0x00, 0x00, 0x00, 0x00, 0x00, 0x00, 0x00, 0x00, 0x00, 0x00, 0x00, 0x00, 0x00, 0x00, 0x00, 0x00, 0x00, 0x00, 0x00, 0x00, 0x00, 0x00, 0x00, 0x00, 
    0x00, 0x00, 0x00, 0x00, 0x00, 0x00, 0x00, 0x00, 0x00, 0x00, 0x00, 0x00, 0x00, 0x00, 0x00, 0x00, 0x00, 0x00, 0x00, 0x00, 0x00, 0x00, 0x00, 0x00, 0x00, 0x00, 0x00, 0x00, 0x00, 0x00, 0x00, 0x00, 
    0x00, 0x00, 0x00, 0x00, 0x00, 0x00, 0x00, 0x00, 0x00, 0x00, 0x00, 0x00, 0x00, 0x00, 0x00, 0x00, 0x00, 0x00, 0x00, 0x00, 0x00, 0x00, 0x00, 0x00, 0x00, 0x00, 0x00, 0x00, 0x00, 0x00, 0x00, 0x00, 
    0x00, 0x00, 0x00, 0x00, 0x00, 0x00, 0x00, 0x00, 0x00, 0x00, 0x00, 0x00, 0x00, 0x00, 0x00, 0x00, 0x00, 0x00, 0x00, 0x00, 0x00, 0x00, 0x00, 0x00, 0x00, 0x00, 0x00, 0x00, 0x00, 0x00, 0x00, 0x00, 
    0x00, 0x00, 0x00, 0x00, 0x00, 0x00, 0x00, 0x00, 0x00, 0x00, 0x00, 0x00, 0x00, 0x00, 0x00, 0x00, 0x00, 0x00, 0x00, 0x00, 0x00, 0x00, 0x00, 0x00, 0x00, 0x00, 0x00, 0x00, 0x00, 0x00, 0x00, 0x00, 
    0x00, 0x00, 0x00, 0x00, 0x00, 0x00, 0x00, 0x00, 0x00, 0x00, 0x00, 0x00, 0x00, 0x00, 0x00, 0x00, 0x00, 0x00, 0x00, 0x00, 0x00, 0x00, 0x00, 0x00, 0x00, 0x00, 0x00, 0x00, 0x00, 0x00, 0x00, 0x00, 
    0x00, 0x00, 0x00, 0x00, 0x00, 0x00, 0x00, 0x00, 0x00, 0x00, 0x00, 0x00, 0x00, 0x00, 0x00, 0x00, 0x00, 0x00, 0x00, 0x00, 0x00, 0x00, 0x00, 0x00, 0x00, 0x00, 0x00, 0x00, 0x00, 0x00, 0x00, 0x00, 
    0x00, 0x00, 0x00, 0x00, 0x00, 0x00, 0x00, 0x00, 0x00, 0x00, 0x00, 0x00, 0x00, 0x00, 0x00, 0x00, 0x00, 0x00, 0x00, 0x00, 0x00, 0x00, 0x00, 0x00, 0x00, 0x00, 0x00, 0x00, 0x00, 0x00, 0x00, 0x00, 
    0x00, 0x00, 0x00, 0x00, 0x00, 0x00, 0x00, 0x00, 0x00, 0x00, 0x00, 0x00, 0x00, 0x00, 0x00, 0x00, 0x00, 0x00, 0x00, 0x00, 0x00, 0x00, 0x00, 0x00, 0x00, 0x00, 0x00, 0x00, 0x00, 0x00, 0x00, 0x00, 
    0x00, 0x00, 0x00, 0x00, 0x00, 0x00, 0x00, 0x00, 0x00, 0x00, 0x00, 0x00, 0x00, 0x00, 0x00, 0x00, 0x00, 0x00, 0x00, 0x00, 0x00, 0x00, 0x00, 0x00, 0x00, 0x00, 0x00, 0x00, 0x00, 0x00, 0x00, 0x00, 
    0x00, 0x00, 0x00, 0x00, 0x00, 0x00, 0x00, 0x00, 0x00, 0x00, 0x00, 0x00, 0x00, 0x00, 0x00, 0x00, 0x00, 0x00, 0x00, 0x00, 0x00, 0x00, 0x00, 0x00, 0x00, 0x00, 0x00, 0x00, 0x00, 0x00, 0x00, 0x00, 
    0x00, 0x00, 0x00, 0x00, 0x00, 0x00, 0x00, 0x00, 0x00, 0x00, 0x00, 0x00, 0x00, 0x00, 0x00, 0x00, 0x00, 0x00, 0x00, 0x00, 0x00, 0x00, 0x00, 0x00, 0x00, 0x00, 0x00, 0x00, 0x00, 0x00, 0x00, 0x00, 
    0x00, 0x00, 0x00, 0x00, 0x00, 0x00, 0x00, 0x00, 0x00, 0x00, 0x00, 0x00, 0x00, 0x00, 0x00, 0x00, 0x00, 0x00, 0x00, 0x00, 0x00, 0x00, 0x00, 0x00, 0x00, 0x00, 0x00, 0x00, 0x00, 0x00, 0x00, 0x00, 
    0x00, 0x00, 0x00, 0x00, 0x00, 0x00, 0x00, 0x00, 0x00, 0x00, 0x00, 0x00, 0x00, 0x00, 0x00, 0x00, 0x00, 0x00, 0x00, 0x00, 0x00, 0x00, 0x00, 0x00, 0x00, 0x00, 0x00, 0x00, 0x00, 0x00, 0x00, 0x00, 
    0x00, 0x00, 0x00, 0x00, 0x00, 0x00, 0x00, 0x00, 0x00, 0x00, 0x00, 0x00, 0x00, 0x00, 0x00, 0x00, 0x00, 0x00, 0x00, 0x00, 0x00, 0x00, 0x00, 0x00, 0x00, 0x00, 0x00, 0x00, 0x00, 0x00, 0x00, 0x00, 
    0x00, 0x00, 0x00, 0x00, 0x00, 0x00, 0x00, 0x00, 0x00, 0x00, 0x00, 0x00, 0x00, 0x00, 0x00, 0x00, 0x00, 0x00, 0x00, 0x00, 0x00, 0x00, 0x00, 0x00, 0x00, 0x00, 0x00, 0x00, 0x00, 0x00, 0x00, 0x00, 
    0x00, 0x00, 0x00, 0x00, 0x00, 0x00, 0x00, 0x00, 0x00, 0x00, 0x00, 0x00, 0x00, 0x00, 0x00, 0x00, 0x00, 0x00, 0x00, 0x00, 0x00, 0x00, 0x00, 0x00, 0x00, 0x00, 0x00, 0x00, 0x00, 0x00, 0x00, 0x00, 
    0x00, 0x00, 0x00, 0x00, 0x00, 0x00, 0x00, 0x00, 0x00, 0x00, 0x00, 0x00, 0x00, 0x00, 0x00, 0x00, 0x00, 0x00, 0x00, 0x00, 0x00, 0x00, 0x00, 0x00, 0x00, 0x00, 0x00, 0x00, 0x00, 0x00, 0x00, 0x00, 
    0x00, 0x00, 0x00, 0x00, 0x00, 0x00, 0x00, 0x00, 0x00, 0x00, 0x00, 0x00, 0x00, 0x00, 0x00, 0x00, 0x00, 0x00, 0x00, 0x00, 0x00, 0x00, 0x00, 0x00, 0x00, 0x00, 0x00, 0x00, 0x00, 0x00, 0x00, 0x00, 
    0x00, 0x00, 0x00, 0x00, 0x00, 0x00, 0x00, 0x00, 0x00, 0x00, 0x00, 0x00, 0x00, 0x00, 0x00, 0x00, 0x00, 0x00, 0x00, 0x00, 0x00, 0x00, 0x00, 0x00, 0x00, 0x00, 0x00, 0x00, 0x00, 0x00, 0x00, 0x00, 
    0x00, 0x00, 0x00, 0x00, 0x00, 0x00, 0x00, 0x00, 0x00, 0x00, 0x00, 0x00, 0x00, 0x00, 0x00, 0x00, 0x00, 0x00, 0x00, 0x00, 0x00, 0x00, 0x00, 0x00, 0x00, 0x00, 0x00, 0x00, 0x00, 0x00, 0x00, 0x00, 
    0x00, 0x00, 0x00, 0x00, 0x00, 0x00, 0x00, 0x00, 0x00, 0x00, 0x00, 0x00, 0x00, 0x00, 0x00, 0x00, 0x00, 0x00, 0x00, 0x00, 0x00, 0x00, 0x00, 0x00, 0x00, 0x00, 0x00, 0x00, 0x00, 0x00, 0x00, 0x00, 
    0x00, 0x00, 0x00, 0x00, 0x00, 0x00, 0x00, 0x00, 0x00, 0x00, 0x00, 0x00, 0x00, 0x00, 0x00, 0x00, 0x00, 0x00, 0x00, 0x00, 0x00, 0x00, 0x00, 0x00, 0x00, 0x00, 0x00, 0x00, 0x00, 0x00, 0x00, 0x00, 
    0x00, 0x00, 0x00, 0x00, 0x00, 0x00, 0x00, 0x00, 0x00, 0x00, 0x00, 0x00, 0x00, 0x00, 0x00, 0x00, 0x00, 0x00, 0x00, 0x00, 0x00, 0x00, 0x00, 0x00, 0x00, 0x00, 0x00, 0x00, 0x00, 0x00, 0x00, 0x00, 
    0x00, 0x00, 0x00, 0x00, 0x00, 0x00, 0x00, 0x00, 0x00, 0x00, 0x00, 0x00, 0x00, 0x00, 0x00, 0x00, 0x00, 0x00, 0x00, 0x00, 0x00, 0x00, 0x00, 0x00, 0x00, 0x00, 0x00, 0x00, 0x00, 0x00, 0x00, 0x00, 
    0x00, 0x00, 0x00, 0x00, 0x00, 0x00, 0x00, 0x00, 0x00, 0x00, 0x00, 0x00, 0x00, 0x00, 0x00, 0x00, 0x00, 0x00, 0x00, 0x00, 0x00, 0x00, 0x00, 0x00, 0x00, 0x00, 0x00, 0x00, 0x00, 0x00, 0x00, 0x00, 
    0x00, 0x00, 0x00, 0x00, 0x00, 0x00, 0x00, 0x00, 0x00, 0x00, 0x00, 0x00, 0x00, 0x00, 0x00, 0x00, 0x00, 0x00, 0x00, 0x00, 0x00, 0x00, 0x00, 0x00, 0x00, 0x00, 0x00, 0x00, 0x00, 0x00, 0x00, 0x00, 
    0x00, 0x00, 0x00, 0x00, 0x00, 0x00, 0x00, 0x00, 0x00, 0x00, 0x00, 0x00, 0x00, 0x00, 0x00, 0x00, 0x00, 0x00, 0x00, 0x00, 0x00, 0x00, 0x00, 0x00, 0x00, 0x00, 0x00, 0x00, 0x00, 0x00, 0x00, 0x00, 
    0x00, 0x00, 0x00, 0x00, 0x00, 0x00, 0x00, 0x00, 0x00, 0x00, 0x00, 0x00, 0x00, 0x00, 0x00, 0x00, 0x00, 0x00, 0x00, 0x00, 0x00, 0x00, 0x00, 0x00, 0x00, 0x00, 0x00, 0x00, 0x00, 0x00, 0x00, 0x00, 
    0x00, 0x00, 0x00, 0x00, 0x00, 0x00, 0x00, 0x00, 0x00, 0x00, 0x00, 0x00, 0x00, 0x00, 0x00, 0x00, 0x00, 0x00, 0x00, 0x00, 0x00, 0x00, 0x00, 0x00, 0x00, 0x00, 0x00, 0x00, 0x00, 0x00, 0x00, 0x00, 
    0x00, 0x00, 0x00, 0x00, 0x00, 0x00, 0x00, 0x00, 0x00, 0x00, 0x00, 0x00, 0x00, 0x00, 0x00, 0x00, 0x00, 0x00, 0x00, 0x00, 0x00, 0x00, 0x00, 0x00, 0x00, 0x00, 0x00, 0x00, 0x00, 0x00, 0x00, 0x00, 
    0x00, 0x00, 0x00, 0x00, 0x00, 0x00, 0x00, 0x00, 0x00, 0x00, 0x00, 0x00, 0x00, 0x00, 0x00, 0x00, 0x00, 0x00, 0x00, 0x00, 0x00, 0x00, 0x00, 0x00, 0x00, 0x00, 0x00, 0x00, 0x00, 0x00, 0x00, 0x00, 
    0x00, 0x00, 0x00, 0x00, 0x00, 0x00, 0x00, 0x00, 0x00, 0x00, 0x00, 0x00, 0x00, 0x00, 0x00, 0x00, 0x00, 0x00, 0x00, 0x00, 0x00, 0x00, 0x00, 0x00, 0x00, 0x00, 0x00, 0x00, 0x00, 0x00, 0x00, 0x00, 
    0x00, 0x00, 0x00, 0x00, 0x00, 0x00, 0x00, 0x00, 0x00, 0x00, 0x00, 0x00, 0x00, 0x00, 0x00, 0x00, 0x00, 0x00, 0x00, 0x00, 0x00, 0x00, 0x00, 0x00, 0x00, 0x00, 0x00, 0x00, 0x00, 0x00, 0x00, 0x00, 
    0x00, 0x00, 0x00, 0x00, 0x00, 0x00, 0x00, 0x00, 0x00, 0x00, 0x00, 0x00, 0x00, 0x00, 0x00, 0x00, 0x00, 0x00, 0x00, 0x00, 0x00, 0x00, 0x00, 0x00, 0x00, 0x00, 0x00, 0x00, 0x00, 0x00, 0x00, 0x00, 
    0x00, 0x00, 0x00, 0x00, 0x00, 0x00, 0x00, 0x00, 0x00, 0x00, 0x00, 0x00, 0x00, 0x00, 0x00, 0x00, 0x00, 0x00, 0x00, 0x00, 0x00, 0x00, 0x00, 0x00, 0x00, 0x00, 0x00, 0x00, 0x00, 0x00, 0x00, 0x00, 
    0x00, 0x00, 0x00, 0x00, 0x00, 0x00, 0x00, 0x00, 0x00, 0x00, 0x00, 0x00, 0x00, 0x00, 0x00, 0x00, 0x00, 0x00, 0x00, 0x00, 0x00, 0x00, 0x00, 0x00, 0x00, 0x00, 0x00, 0x00, 0x00, 0x00, 0x00, 0x00, 
    0x00, 0x00, 0x00, 0x00, 0x00, 0x00, 0x00, 0x00, 0x00, 0x00, 0x00, 0x00, 0x00, 0x00, 0x00, 0x00, 0x00, 0x00, 0x00, 0x00, 0x00, 0x00, 0x00, 0x00, 0x00, 0x00, 0x00, 0x00, 0x00, 0x00, 0x00, 0x00, 
    0x00, 0x00, 0x00, 0x00, 0x00, 0x00, 0x00, 0x00, 0x00, 0x00, 0x00, 0x00, 0x00, 0x00, 0x00, 0x00, 0x00, 0x00, 0x00, 0x00, 0x00, 0x00, 0x00, 0x00, 0x00, 0x00, 0x00, 0x00, 0x00, 0x00, 0x00, 0x00, 
    0x00, 0x00, 0x00, 0x00, 0x00, 0x00, 0x00, 0x00, 0x00, 0x00, 0x00, 0x00, 0x00, 0x00, 0x00, 0x00, 0x00, 0x00, 0x00, 0x00, 0x00, 0x00, 0x00, 0x00, 0x00, 0x00, 0x00, 0x00, 0x00, 0x00, 0x00, 0x00, 
    0x00, 0x00, 0x00, 0x00, 0x00, 0x00, 0x00, 0x00, 0x00, 0x00, 0x00, 0x00, 0x00, 0x00, 0x00, 0x00, 0x00, 0x00, 0x00, 0x00, 0x00, 0x00, 0x00, 0x00, 0x00, 0x00, 0x00, 0x00, 0x00, 0x00, 0x00, 0x00, 
    0x00, 0x00, 0x00, 0x00, 0x00, 0x00, 0x00, 0x00, 0x00, 0x00, 0x00, 0x00, 0x00, 0x00, 0x00, 0x00, 0x00, 0x00, 0x00, 0x00, 0x00, 0x00, 0x00, 0x00, 0x00, 0x00, 0x00, 0x00, 0x00, 0x00, 0x00, 0x00, 
    0x00, 0x00, 0x00, 0x00, 0x00, 0x00, 0x00, 0x00, 0x00, 0x00, 0x00, 0x00, 0x00, 0x00, 0x00, 0x00, 0x00, 0x00, 0x00, 0x00, 0x00, 0x00, 0x00, 0x00, 0x00, 0x00, 0x00, 0x00, 0x00, 0x00, 0x00, 0x00, 
    0x00, 0x00, 0x00, 0x00, 0x00, 0x00, 0x00, 0x00, 0x00, 0x00, 0x00, 0x00, 0x00, 0x00, 0x00, 0x00, 0x00, 0x00, 0x00, 0x00, 0x00, 0x00, 0x00, 0x00, 0x00, 0x00, 0x00, 0x00, 0x00, 0x00, 0x00, 0x00, 
    0x00, 0x00, 0x00, 0x00, 0x00, 0x00, 0x00, 0x00, 0x00, 0x00, 0x00, 0x00, 0x00, 0x00, 0x00, 0x00, 0x00, 0x00, 0x00, 0x00, 0x00, 0x00, 0x00, 0x00, 0x00, 0x00, 0x00, 0x00, 0x00, 0x00, 0x00, 0x00, 
    0x00, 0x00, 0x00, 0x00, 0x00, 0x00, 0x00, 0x00, 0x00, 0x00, 0x00, 0x00, 0x00, 0x00, 0x00, 0x00, 0x00, 0x00, 0x00, 0x00, 0x00, 0x00, 0x00, 0x00, 0x00, 0x00, 0x00, 0x00, 0x00, 0x00, 0x00, 0x00, 
    0x00, 0x00, 0x00, 0x00, 0x00, 0x00, 0x00, 0x00, 0x00, 0x00, 0x00, 0x00, 0x00, 0x00, 0x00, 0x00, 0x00, 0x00, 0x00, 0x00, 0x00, 0x00, 0x00, 0x00, 0x00, 0x00, 0x00, 0x00, 0x00, 0x00, 0x00, 0x00, 
    0x00, 0x00, 0x00, 0x00, 0x00, 0x00, 0x00, 0x00, 0x00, 0x00, 0x00, 0x00, 0x00, 0x00, 0x00, 0x00, 0x00, 0x00, 0x00, 0x00, 0x00, 0x00, 0x00, 0x00, 0x00, 0x00, 0x00, 0x00, 0x00, 0x00, 0x00, 0x00, 
    0x00, 0x00, 0x00, 0x00, 0x00, 0x00, 0x00, 0x00, 0x00, 0x00, 0x00, 0x00, 0x00, 0x00, 0x00, 0x00, 0x00, 0x00, 0x00, 0x00, 0x00, 0x00, 0x00, 0x00, 0x00, 0x00, 0x00, 0x00, 0x00, 0x00, 0x00, 0x00, 
    0x00, 0x00, 0x00, 0x00, 0x00, 0x00, 0x00, 0x00, 0x00, 0x00, 0x00, 0x00, 0x00, 0x00, 0x00, 0x00, 0x00, 0x00, 0x00, 0x00, 0x00, 0x00, 0x00, 0x00, 0x00, 0x00, 0x00, 0x00, 0x00, 0x00, 0x00, 0x00, 
    0x00, 0x00, 0x00, 0x00, 0x00, 0x00, 0x00, 0x00, 0x00, 0x00, 0x00, 0x00, 0x00, 0x00, 0x00, 0x00, 0x00, 0x00, 0x00, 0x00, 0x00, 0x00, 0x00, 0x00, 0x00, 0x00, 0x00, 0x00, 0x00, 0x00, 0x00, 0x00, 
    0x00, 0x00, 0x00, 0x00, 0x00, 0x00, 0x00, 0x00, 0x00, 0x00, 0x00, 0x00, 0x00, 0x00, 0x00, 0x00, 0x00, 0x00, 0x00, 0x00, 0x00, 0x00, 0x00, 0x00, 0x00, 0x00, 0x00, 0x00, 0x00, 0x00, 0x00, 0x00, 
    0x00, 0x00, 0x00, 0x00, 0x00, 0x00, 0x00, 0x00, 0x00, 0x00, 0x00, 0x00, 0x00, 0x00, 0x00, 0x00, 0x00, 0x00, 0x00, 0x00, 0x00, 0x00, 0x00, 0x00, 0x00, 0x00, 0x00, 0x00, 0x00, 0x00, 0x00, 0x00, 
    0x00, 0x00, 0x00, 0x00, 0x00, 0x00, 0x00, 0x00, 0x00, 0x00, 0x00, 0x00, 0x00, 0x00, 0x00, 0x00, 0x00, 0x00, 0x00, 0x00, 0x00, 0x00, 0x00, 0x00, 0x00, 0x00, 0x00, 0x00, 0x00, 0x00, 0x00, 0x00, 
    0x00, 0x00, 0x00, 0x00, 0x00, 0x00, 0x00, 0x00, 0x00, 0x00, 0x00, 0x00, 0x00, 0x00, 0x00, 0x00, 0x00, 0x00, 0x00, 0x00, 0x00, 0x00, 0x00, 0x00, 0x00, 0x00, 0x00, 0x00, 0x00, 0x00, 0x00, 0x00, 
    0x00, 0x00, 0x00, 0x00, 0x00, 0x00, 0x00, 0x00, 0x00, 0x00, 0x00, 0x00, 0x00, 0x00, 0x00, 0x00, 0x00, 0x00, 0x00, 0x00, 0x00, 0x00, 0x00, 0x00, 0x00, 0x00, 0x00, 0x00, 0x00, 0x00, 0x00, 0x00, 
    0x00, 0x00, 0x00, 0x00, 0x00, 0x00, 0x00, 0x00, 0x00, 0x00, 0x00, 0x00, 0x00, 0x00, 0x00, 0x00, 0x00, 0x00, 0x00, 0x00, 0x00, 0x00, 0x00, 0x00, 0x00, 0x00, 0x00, 0x00, 0x00, 0x00, 0x00, 0x00, 
];
